name,snapshot,ability1,usage1,ability2,usage2,ability3,usage3
Sudowoodo,2023-04,Rock Head,81.011,Sturdy,18.916,Rattled,0.073
Swalot,2023-04,Liquid Ooze,50.544,Sticky Hold,48.265,Gluttony,1.190
Luxray,2023-04,Guts,84.887,Intimidate,14.958,Rivalry,0.155
Scovillain,2023-04,Chlorophyll,95.738,Insomnia,4.262,,
Persian,2023-04,Technician,97.636,Limber,2.152,Unnerve,0.212
Toedscool,2023-04,Mycelium Might,100.000,,,,
Dunsparce,2023-04,Serene Grace,93.804,Rattled,6.196,,
Gastly,2023-04,Levitate,100.000,,,,
Gothitelle,2023-04,Competitive,88.157,Frisk,11.843,,
Leafeon,2023-04,Chlorophyll,93.118,Leaf Guard,6.882,,
Fletchinder,2023-04,Flame Body,62.980,Gale Wings,37.020,,
Flareon,2023-04,Flash Fire,52.593,Guts,47.407,,
Sneasel,2023-04,Inner Focus,97.376,Pickpocket,2.584,Keen Eye,0.040
Fraxure,2023-04,Mold Breaker,95.750,Unnerve,2.714,Rivalry,1.536
Dedenne,2023-04,Cheek Pouch,51.135,Pickup,40.134,Plus,8.731
Lumineon,2023-04,Storm Drain,76.429,Swift Swim,23.475,Water Veil,0.096
Jumpluff,2023-04,Chlorophyll,50.687,Infiltrator,48.798,Leaf Guard,0.515
Beartic,2023-04,Slush Rush,73.696,Swift Swim,26.304,,
Slaking,2023-04,Truant,100.000,,,,
Pawniard,2023-04,Defiant,98.490,Inner Focus,1.510,,
Girafarig,2023-04,Sap Sipper,61.178,Early Bird,30.480,Inner Focus,8.342
Mareanie,2023-04,Regenerator,99.945,Merciless,0.055,,
Eiscue,2023-04,Ice Face,100.000,,,,
Vigoroth,2023-04,Vital Spirit,100.000,,,,
Kricketune,2023-04,Technician,93.203,Swarm,6.797,,
Glalie,2023-04,Inner Focus,94.234,Ice Body,5.766,,
Krokorok,2023-04,Intimidate,80.422,Moxie,19.576,Anger Point,0.002
Murkrow,2023-04,Prankster,63.613,Super Luck,25.576,Insomnia,10.811
Seviper,2023-04,Infiltrator,62.788,Shed Skin,37.212,,
Sandygast,2023-04,Water Compaction,100.000,,,,
Delibird,2023-04,Vital Spirit,82.034,Hustle,10.004,Insomnia,7.962
Oranguru,2023-04,Inner Focus,99.846,Telepathy,0.142,Symbiosis,0.013
Tropius,2023-04,Harvest,91.576,Chlorophyll,5.202,Solar Power,3.222
Stantler,2023-04,Intimidate,54.554,Sap Sipper,44.664,Frisk,0.783
Pikachu,2023-04,Lightning Rod,85.643,Static,14.357,,
Hypno,2023-04,Insomnia,70.979,Inner Focus,27.232,Forewarn,1.789
Shelgon,2023-04,Overcoat,79.720,Rock Head,20.280,,
Wigglytuff,2023-04,Competitive,66.133,Frisk,22.005,Cute Charm,11.862
Snover,2023-04,Snow Warning,100.000,,,,
Shroodle,2023-04,Prankster,94.570,Unburden,5.422,Pickpocket,0.008
Pincurchin,2023-04,Electric Surge,60.082,Lightning Rod,39.918,,
Meditite,2023-04,Pure Power,100.000,,,,
Hippopotas,2023-04,Sand Stream,73.015,Sand Force,26.985,,
Bramblin,2023-04,Wind Rider,57.805,Infiltrator,42.195,,
Sliggoo,2023-04,Sap Sipper,84.332,Gooey,9.778,Hydration,5.890
Corvisquire,2023-04,Unnerve,55.320,Big Pecks,31.777,Keen Eye,12.903
Pupitar,2023-04,Shed Skin,100.000,,,,
Gumshoos,2023-04,Adaptability,52.716,Stakeout,42.630,Strong Jaw,4.654
Mudbray,2023-04,Stamina,99.671,Own Tempo,0.329,,
Dewott,2023-04,Torrent,78.259,Shell Armor,21.741,,
Greedent,2023-04,Cheek Pouch,99.094,Gluttony,0.906,,
Zweilous,2023-04,Hustle,100.000,,,,
Morgrem,2023-04,Prankster,98.597,Pickpocket,1.403,Frisk,0.000
Eelektrik,2023-04,Levitate,100.000,,,,
Pachirisu,2023-04,Volt Absorb,99.586,Run Away,0.382,Pickup,0.032
Cufant,2023-04,Sheer Force,90.899,Heavy Metal,9.101,,
Oinkologne-F,2023-04,Thick Fat,91.916,Aroma Veil,8.024,Gluttony,0.059
Greavard,2023-04,Fluffy,100.000,Pickup,0.000,,
Oinkologne,2023-04,Thick Fat,84.400,Lingering Aroma,14.902,Gluttony,0.698
Sinistea,2023-04,Weak Armor,95.757,Cursed Body,4.243,,
Floragato,2023-04,Protean,97.687,Overgrow,2.313,,
Bronzor,2023-04,Levitate,94.211,Heatproof,5.789,,
Flittle,2023-04,Speed Boost,98.810,Anticipation,1.188,Frisk,0.002
Hatenna,2023-04,Magic Bounce,99.998,Healer,0.002,,
Floette,2023-04,Flower Veil,98.637,Symbiosis,1.363,,
Buizel,2023-04,Swift Swim,94.225,Water Veil,5.775,,
Arctibax,2023-04,Thermal Exchange,87.158,Ice Body,12.842,,
Wooper-Paldea,2023-04,Unaware,96.068,Water Absorb,3.871,Poison Point,0.062
Drifloon,2023-04,Unburden,87.922,Aftermath,11.875,Flare Boost,0.204
Quilava,2023-04,Flash Fire,61.594,Blaze,38.406,,
Pineco,2023-04,Sturdy,96.268,Overcoat,3.732,,
Varoom,2023-04,Overcoat,99.819,Slow Start,0.181,,
Charmeleon,2023-04,Solar Power,86.917,Blaze,13.083,,
Rowlet,2023-04,Long Reach,95.145,Overgrow,4.855,,
Sunflora,2023-04,Solar Power,36.075,Chlorophyll,34.253,Early Bird,29.672
Marill,2023-04,Huge Power,99.392,Thick Fat,0.420,Sap Sipper,0.188
Foongus,2023-04,Regenerator,97.100,Effect Spore,2.900,,
Quaxly,2023-04,Moxie,86.746,Torrent,13.254,,
Magnemite,2023-04,Analytic,89.323,Magnet Pull,8.148,Sturdy,2.529
Staravia,2023-04,Reckless,86.610,Intimidate,13.390,,
Rufflet,2023-04,Hustle,72.086,Sheer Force,24.210,Keen Eye,3.704
Pawmo,2023-04,Iron Fist,82.694,Volt Absorb,16.170,Natural Cure,1.136
Crabrawler,2023-04,Iron Fist,97.430,Hyper Cutter,2.570,,
Tinkatink,2023-04,Mold Breaker,91.090,Pickpocket,8.910,,
Fuecoco,2023-04,Unaware,99.721,Blaze,0.279,,
Steenee,2023-04,Oblivious,80.527,Sweet Veil,9.954,Leaf Guard,9.519
Mankey,2023-04,Defiant,98.452,Vital Spirit,1.548,Anger Point,0.000
Slowpoke,2023-04,Regenerator,83.234,Oblivious,16.766,,
Bergmite,2023-04,Sturdy,82.578,Own Tempo,13.201,Ice Body,4.222
Meowth-Galar,2023-04,Tough Claws,92.012,Pickup,7.988,Unnerve,0.000
Wooper,2023-04,Unaware,77.437,Water Absorb,22.555,Damp,0.008
Froakie,2023-04,Protean,80.651,Torrent,19.349,,
Tarountula,2023-04,Insomnia,80.775,Stakeout,19.225,,
Psyduck,2023-04,Swift Swim,100.000,Damp,0.000,Cloud Nine,0.000
Zorua,2023-04,Illusion,100.000,,,,
Stunky,2023-04,Aftermath,99.999,Stench,0.001,,
Gimmighoul,2023-04,Rattled,100.000,,,,
Skrelp,2023-04,Adaptability,95.281,Poison Point,4.719,,
Rolycoly,2023-04,Flash Fire,57.611,Steam Engine,42.382,Heatproof,0.007
Shellos,2023-04,Storm Drain,82.132,Sticky Hold,14.822,Sand Force,3.046
Swablu,2023-04,Natural Cure,88.950,Cloud Nine,11.050,,
Silicobra,2023-04,Shed Skin,99.968,Sand Spit,0.032,,
Shuppet,2023-04,Frisk,71.166,Insomnia,24.839,Cursed Body,3.994
Salandit,2023-04,Corrosion,100.000,Oblivious,0.000,,
Tandemaus,2023-04,Own Tempo,100.000,Run Away,0.000,,
Axew,2023-04,Mold Breaker,98.617,Rivalry,1.383,Unnerve,0.000
Gothorita,2023-04,Frisk,82.805,Competitive,17.195,,
Riolu,2023-04,Prankster,98.022,Steadfast,1.978,Inner Focus,0.000
Chewtle,2023-04,Strong Jaw,53.534,Swift Swim,46.466,,
Grimer,2023-04,Sticky Hold,89.413,Poison Touch,10.584,Stench,0.002
Diglett,2023-04,Sand Force,100.000,,,,
Kirlia,2023-04,Synchronize,88.316,Trace,11.684,,
Sandile,2023-04,Intimidate,100.000,,,,
Dolliv,2023-04,Early Bird,93.095,Harvest,6.905,,
Shellder,2023-04,Skill Link,47.389,Overcoat,36.166,Shell Armor,16.445
Scorbunny,2023-04,Libero,100.000,,,,
Numel,2023-04,Simple,91.286,Oblivious,8.714,,
Gible,2023-04,Rough Skin,100.000,,,,
Venonat,2023-04,Compound Eyes,100.000,Tinted Lens,0.000,,
Larvesta,2023-04,Flame Body,97.769,Swarm,2.231,,
Croagunk,2023-04,Dry Skin,83.596,Anticipation,13.867,Poison Touch,2.537
Skiploom,2023-04,Infiltrator,81.497,Chlorophyll,18.503,Leaf Guard,0.000
Shroomish,2023-04,Poison Heal,100.000,Effect Spore,0.000,Quick Feet,0.000
Surskit,2023-04,Swift Swim,99.946,Rain Dish,0.054,,
Arrokuda,2023-04,Swift Swim,100.000,,,,
Cetoddle,2023-04,Thick Fat,85.660,Sheer Force,14.340,,
Voltorb,2023-04,Soundproof,87.737,Aftermath,12.134,Static,0.129
Finizen,2023-04,Water Veil,100.000,,,,
Maschiff,2023-04,Stakeout,87.293,Intimidate,12.707,,
Growlithe,2023-04,Intimidate,100.000,Flash Fire,0.000,,
Nacli,2023-04,Purifying Salt,100.000,,,,
Cacnea,2023-04,Water Absorb,100.000,,,,
Luvdisc,2023-04,Swift Swim,99.915,Hydration,0.085,,
Flaaffy,2023-04,Static,100.000,,,,
Starly,2023-04,Keen Eye,100.000,,,,
Bonsly,2023-04,Sturdy,100.000,Rock Head,0.000,,
Lechonk,2023-04,Thick Fat,100.000,Aroma Veil,0.000,,
Grumpig,2023-05,Thick Fat,95.741,Gluttony,3.325,Own Tempo,0.934
Stonjourner,2023-05,Power Spot,100.000,,,,
Swalot,2023-05,Sticky Hold,57.730,Liquid Ooze,41.290,Gluttony,0.980
Banette,2023-05,Insomnia,59.626,Frisk,20.369,Cursed Body,20.005
Electrode,2023-05,Aftermath,59.734,Static,35.547,Soundproof,4.719
Toedscool,2023-05,Mycelium Might,100.000,,,,
Leafeon,2023-05,Chlorophyll,85.405,Leaf Guard,14.595,,
Luxray,2023-05,Guts,70.325,Intimidate,29.386,Rivalry,0.289
Sudowoodo,2023-05,Rock Head,80.910,Sturdy,18.889,Rattled,0.201
Dunsparce,2023-05,Serene Grace,95.172,Rattled,4.828,,
Fletchinder,2023-05,Flame Body,74.184,Gale Wings,25.816,,
Wugtrio,2023-05,Gooey,94.629,Rattled,5.371,,
Raboot,2023-05,Libero,98.628,Blaze,1.372,,
Persian,2023-05,Technician,95.314,Limber,4.592,Unnerve,0.093
Scovillain,2023-05,Chlorophyll,94.272,Insomnia,5.728,,
Flareon,2023-05,Flash Fire,70.337,Guts,29.663,,
Gothitelle,2023-05,Competitive,82.611,Frisk,17.389,,
Lumineon,2023-05,Storm Drain,83.207,Swift Swim,16.734,Water Veil,0.059
Mareanie,2023-05,Regenerator,99.160,Merciless,0.840,,
Eiscue,2023-05,Ice Face,100.000,,,,
Stantler,2023-05,Sap Sipper,58.111,Intimidate,35.425,Frisk,6.464
Jumpluff,2023-05,Infiltrator,53.576,Chlorophyll,44.223,Leaf Guard,2.201
Pincurchin,2023-05,Lightning Rod,81.688,Electric Surge,18.312,,
Dedenne,2023-05,Cheek Pouch,62.052,Pickup,37.722,Plus,0.226
Murkrow,2023-05,Prankster,59.892,Insomnia,23.716,Super Luck,16.391
Kricketune,2023-05,Technician,95.532,Swarm,4.468,,
Sneasel,2023-05,Inner Focus,73.036,Pickpocket,26.882,Keen Eye,0.082
Seviper,2023-05,Infiltrator,57.940,Shed Skin,42.060,,
Quilladin,2023-05,Bulletproof,96.522,Overgrow,3.478,,
Oranguru,2023-05,Inner Focus,100.000,Symbiosis,0.000,,
Wigglytuff,2023-05,Competitive,86.114,Frisk,9.258,Cute Charm,4.627
Glalie,2023-05,Inner Focus,98.846,Ice Body,1.154,,
Pawniard,2023-05,Defiant,99.529,Pressure,0.467,Inner Focus,0.004
Gastly,2023-05,Levitate,100.000,,,,
Slaking,2023-05,Truant,100.000,,,,
Tropius,2023-05,Harvest,93.687,Chlorophyll,4.296,Solar Power,2.017
Krokorok,2023-05,Intimidate,63.339,Moxie,36.661,,
Delibird,2023-05,Vital Spirit,82.130,Insomnia,8.971,Hustle,8.898
Corvisquire,2023-05,Unnerve,90.634,Keen Eye,4.879,Big Pecks,4.487
Pupitar,2023-05,Shed Skin,100.000,,,,
Sandygast,2023-05,Water Compaction,100.000,,,,
Mudbray,2023-05,Stamina,99.650,Inner Focus,0.350,,
Drizzile,2023-05,Torrent,93.217,Sniper,6.783,,
Greedent,2023-05,Cheek Pouch,98.820,Gluttony,1.180,,
Sliggoo,2023-05,Sap Sipper,75.103,Hydration,12.540,Gooey,12.357
Sliggoo-Hisui,2023-05,Shell Armor,67.706,Sap Sipper,31.528,Gooey,0.766
Pikachu,2023-05,Lightning Rod,92.880,Static,7.120,,
Shelgon,2023-05,Overcoat,74.324,Rock Head,25.676,,
Sneasel-Hisui,2023-05,Inner Focus,96.348,Keen Eye,2.146,Pickpocket,1.506
Thwackey,2023-05,Grassy Surge,99.545,Overgrow,0.455,,
Qwilfish-Hisui,2023-05,Intimidate,92.876,Swift Swim,6.629,Poison Point,0.495
Gumshoos,2023-05,Stakeout,51.994,Adaptability,41.032,Strong Jaw,6.973
Basculin,2023-05,Adaptability,100.000,Mold Breaker,0.000,,
Zweilous,2023-05,Hustle,100.000,,,,
Hypno,2023-05,Insomnia,70.013,Inner Focus,26.426,Forewarn,3.561
Arctibax,2023-05,Thermal Exchange,99.983,Ice Body,0.017,,
Eelektrik,2023-05,Levitate,100.000,,,,
Pachirisu,2023-05,Volt Absorb,98.054,Run Away,1.911,Pickup,0.035
Bramblin,2023-05,Wind Rider,53.645,Infiltrator,46.355,,
Hippopotas,2023-05,Sand Stream,67.460,Sand Force,32.540,,
Zorua-Hisui,2023-05,Illusion,100.000,,,,
Dewott,2023-05,Torrent,81.123,Shell Armor,18.877,,
Staravia,2023-05,Reckless,98.969,Intimidate,1.031,,
Sunflora,2023-05,Early Bird,68.486,Solar Power,17.133,Chlorophyll,14.381
Flittle,2023-05,Speed Boost,99.998,Frisk,0.002,,
Meditite,2023-05,Pure Power,100.000,,,,
Morgrem,2023-05,Prankster,100.000,Pickpocket,0.000,,
Shroodle,2023-05,Prankster,81.465,Unburden,18.535,,
Bronzor,2023-05,Levitate,100.000,Heatproof,0.000,Heavy Metal,0.000
Oinkologne-F,2023-05,Thick Fat,89.550,Aroma Veil,8.856,Gluttony,1.594
Oinkologne,2023-05,Thick Fat,71.882,Lingering Aroma,27.711,Gluttony,0.407
Wooper,2023-05,Water Absorb,78.187,Unaware,21.813,,
Greavard,2023-05,Fluffy,100.000,,,,
Floette,2023-05,Flower Veil,98.709,Symbiosis,1.291,,
Fuecoco,2023-05,Unaware,99.775,Blaze,0.225,,
Hatenna,2023-05,Magic Bounce,99.962,Healer,0.038,,
Sinistea,2023-05,Weak Armor,73.884,Cursed Body,26.116,,
Gible,2023-05,Rough Skin,100.000,,,,
Rufflet,2023-05,Hustle,48.030,Sheer Force,44.043,Keen Eye,7.927
Venonat,2023-05,Compound Eyes,96.487,Tinted Lens,3.513,,
Nacli,2023-05,Purifying Salt,100.000,Clear Body,0.000,,
Quilava,2023-05,Flash Fire,84.517,Blaze,15.483,,
Pineco,2023-05,Sturdy,88.242,Overcoat,11.758,,
Shellos,2023-05,Sticky Hold,78.895,Storm Drain,21.105,,
Floragato,2023-05,Protean,98.594,Overgrow,1.406,,
Quaxly,2023-05,Torrent,64.348,Moxie,35.652,,
Numel,2023-05,Simple,52.053,Oblivious,47.947,,
Pawmo,2023-05,Iron Fist,58.085,Volt Absorb,38.285,Natural Cure,3.630
Cufant,2023-05,Sheer Force,98.878,Heavy Metal,1.122,,
Magnemite,2023-05,Analytic,80.477,Sturdy,15.820,Magnet Pull,3.703
Buizel,2023-05,Swift Swim,97.122,Water Veil,2.878,,
Tinkatink,2023-05,Mold Breaker,100.000,Pickpocket,0.000,,
Grimer-Alola,2023-05,Poison Touch,100.000,,,,
Stunky,2023-05,Aftermath,90.938,Stench,9.062,,
Marill,2023-05,Huge Power,98.607,Thick Fat,1.332,Sap Sipper,0.061
Bergmite,2023-05,Own Tempo,53.347,Sturdy,46.653,Ice Body,0.000
Snover,2023-05,Snow Warning,100.000,,,,
Charmeleon,2023-05,Blaze,57.342,Solar Power,42.658,,
Kubfu,2023-05,Inner Focus,100.000,,,,
Steenee,2023-05,Oblivious,88.054,Sweet Veil,9.257,Leaf Guard,2.688
Slowpoke,2023-05,Regenerator,100.000,Oblivious,0.000,,
Varoom,2023-05,Overcoat,100.000,,,,
Crabrawler,2023-05,Iron Fist,100.000,,,,
Foongus,2023-05,Regenerator,99.983,Effect Spore,0.017,,
Rolycoly,2023-05,Flash Fire,96.666,Steam Engine,3.334,,
Riolu,2023-05,Prankster,100.000,Inner Focus,0.000,,
Voltorb-Hisui,2023-05,Soundproof,99.075,Aftermath,0.925,,
Rowlet,2023-05,Long Reach,91.283,Overgrow,8.717,,
Eevee,2023-05,Adaptability,100.000,,,,
Psyduck,2023-05,Swift Swim,100.000,Cloud Nine,0.000,,
Dolliv,2023-05,Early Bird,58.931,Harvest,41.069,,
Mankey,2023-05,Defiant,85.805,Vital Spirit,14.195,Anger Point,0.000
Silicobra,2023-05,Shed Skin,100.000,Sand Spit,0.000,,
Sandile,2023-05,Intimidate,100.000,,,,
Shellder,2023-05,Overcoat,83.932,Skill Link,16.068,Shell Armor,0.000
Growlithe-Hisui,2023-05,Rock Head,99.826,Intimidate,0.174,,
Luvdisc,2023-05,Swift Swim,99.994,Hydration,0.006,,
Froakie,2023-05,Torrent,95.447,Protean,4.553,,
Braixen,2023-05,Blaze,63.965,Magician,36.035,,
Drifloon,2023-05,Aftermath,58.879,Unburden,22.350,Flare Boost,18.772
Tarountula,2023-05,Insomnia,77.947,Stakeout,22.053,,
Flaaffy,2023-05,Static,100.000,,,,
Shroomish,2023-05,Poison Heal,100.000,Quick Feet,0.000,,
Croagunk,2023-05,Dry Skin,95.740,Poison Touch,4.260,,
Nymble,2023-05,Tinted Lens,100.000,,,,
Larvesta,2023-05,Flame Body,100.000,,,,
Chewtle,2023-05,Strong Jaw,100.000,,,,
Surskit,2023-05,Swift Swim,100.000,Rain Dish,0.000,,
Wooper-Paldea,2023-05,Unaware,87.515,Water Absorb,12.485,Poison Point,0.000
Salandit,2023-05,Corrosion,100.000,,,,
Sunkern,2023-05,Chlorophyll,100.000,,,,
Noibat,2023-05,Infiltrator,100.000,,,,
Kirlia,2023-05,Synchronize,96.466,Trace,3.534,,
Maschiff,2023-05,Intimidate,100.000,Run Away,0.000,,
Finizen,2023-05,Water Veil,100.000,,,,
Makuhita,2023-05,Guts,70.433,Thick Fat,29.567,,
Fomantis,2023-05,Contrary,100.000,,,,
Swablu,2023-05,Natural Cure,100.000,Cloud Nine,0.000,,
Wattrel,2023-05,Wind Power,73.124,Volt Absorb,26.876,,
Deerling,2023-05,Serene Grace,100.000,Chlorophyll,0.000,,
Grimer,2023-05,Poison Touch,99.997,Sticky Hold,0.003,Stench,0.000
Diglett,2023-05,Sand Force,100.000,,,,
Gimmighoul,2023-05,Rattled,100.000,,,,
Swalot,2023-06,Sticky Hold,78.564,Liquid Ooze,20.644,Gluttony,0.792
Stonjourner,2023-06,Power Spot,100.000,,,,
Grumpig,2023-06,Thick Fat,99.641,Gluttony,0.359,Own Tempo,0.000
Sliggoo-Hisui,2023-06,Sap Sipper,60.660,Shell Armor,37.507,Gooey,1.833
Toedscool,2023-06,Mycelium Might,100.000,,,,
Dunsparce,2023-06,Serene Grace,99.025,Rattled,0.975,,
Thwackey,2023-06,Grassy Surge,99.149,Overgrow,0.851,,
Banette,2023-06,Insomnia,64.510,Cursed Body,27.886,Frisk,7.604
Gothitelle,2023-06,Competitive,93.066,Frisk,6.934,,
Fletchinder,2023-06,Flame Body,83.054,Gale Wings,16.946,,
Dedenne,2023-06,Cheek Pouch,78.184,Pickup,21.687,Plus,0.129
Leafeon,2023-06,Chlorophyll,91.212,Leaf Guard,8.788,,
Wugtrio,2023-06,Gooey,96.252,Rattled,3.748,,
Raboot,2023-06,Libero,98.163,Blaze,1.837,,
Sudowoodo,2023-06,Rock Head,67.188,Sturdy,32.810,Rattled,0.001
Grimer-Alola,2023-06,Poison Touch,100.000,,,,
Oranguru,2023-06,Inner Focus,100.000,Telepathy,0.000,Symbiosis,0.000
Crocalor,2023-06,Unaware,99.270,Blaze,0.730,,
Luxray,2023-06,Guts,71.994,Intimidate,27.991,Rivalry,0.015
Drizzile,2023-06,Torrent,95.866,Sniper,4.134,,
Jumpluff,2023-06,Chlorophyll,53.937,Infiltrator,44.673,Leaf Guard,1.389
Hypno,2023-06,Insomnia,84.176,Inner Focus,15.552,Forewarn,0.271
Bramblin,2023-06,Infiltrator,50.969,Wind Rider,49.031,,
Scovillain,2023-06,Chlorophyll,98.751,Insomnia,1.249,,
Quilladin,2023-06,Bulletproof,98.915,Overgrow,1.085,,
Murkrow,2023-06,Prankster,66.546,Insomnia,20.810,Super Luck,12.645
Mareanie,2023-06,Regenerator,99.882,Merciless,0.118,,
Flareon,2023-06,Flash Fire,85.397,Guts,14.603,,
Mudbray,2023-06,Stamina,98.489,Own Tempo,1.420,Inner Focus,0.090
Persian,2023-06,Technician,96.383,Limber,3.617,Unnerve,0.001
Stantler,2023-06,Intimidate,67.309,Sap Sipper,32.691,Frisk,0.000
Pikachu,2023-06,Lightning Rod,91.058,Static,8.942,,
Sneasel,2023-06,Inner Focus,89.947,Pickpocket,10.053,Keen Eye,0.000
Glalie,2023-06,Inner Focus,97.998,Ice Body,2.002,,
Seviper,2023-06,Infiltrator,59.358,Shed Skin,40.642,,
Wigglytuff,2023-06,Competitive,74.495,Frisk,20.077,Cute Charm,5.428
Pincurchin,2023-06,Lightning Rod,84.148,Electric Surge,15.852,,
Pawniard,2023-06,Defiant,100.000,,,,
Gastly,2023-06,Levitate,100.000,,,,
Pupitar,2023-06,Shed Skin,100.000,,,,
Eiscue,2023-06,Ice Face,100.000,,,,
Kricketune,2023-06,Technician,93.146,Swarm,6.854,,
Tropius,2023-06,Harvest,88.593,Chlorophyll,8.586,Solar Power,2.821
Zweilous,2023-06,Hustle,100.000,,,,
Kubfu,2023-06,Inner Focus,100.000,,,,
Sandygast,2023-06,Water Compaction,100.000,,,,
Eelektrik,2023-06,Levitate,100.000,,,,
Delibird,2023-06,Vital Spirit,56.434,Insomnia,30.785,Hustle,12.781
Slaking,2023-06,Truant,100.000,,,,
Greavard,2023-06,Fluffy,100.000,,,,
Dewott,2023-06,Torrent,93.692,Shell Armor,6.308,,
Gumshoos,2023-06,Stakeout,53.045,Adaptability,35.843,Strong Jaw,11.112
Growlithe-Hisui,2023-06,Rock Head,99.919,Intimidate,0.081,Flash Fire,0.000
Hippopotas,2023-06,Sand Stream,76.877,Sand Force,23.123,,
Meditite,2023-06,Pure Power,100.000,,,,
Arctibax,2023-06,Thermal Exchange,98.692,Ice Body,1.308,,
Greedent,2023-06,Cheek Pouch,95.746,Gluttony,4.254,,
Morgrem,2023-06,Prankster,100.000,Pickpocket,0.000,,
Braixen,2023-06,Magician,70.660,Blaze,29.340,,
Hatenna,2023-06,Magic Bounce,100.000,,,,
Corvisquire,2023-06,Unnerve,60.193,Big Pecks,35.827,Keen Eye,3.980
Shroodle,2023-06,Prankster,55.336,Unburden,44.664,,
Pachirisu,2023-06,Volt Absorb,91.231,Run Away,8.769,Pickup,0.000
Sinistea,2023-06,Weak Armor,99.837,Cursed Body,0.163,,
Floette,2023-06,Flower Veil,97.996,Symbiosis,2.004,,
Lumineon,2023-06,Storm Drain,99.079,Swift Swim,0.921,,
Krokorok,2023-06,Intimidate,56.294,Moxie,43.706,,
Bronzor,2023-06,Levitate,99.716,Heatproof,0.284,,
Oinkologne-F,2023-06,Aroma Veil,60.922,Thick Fat,39.050,Gluttony,0.028
Flittle,2023-06,Speed Boost,99.540,Anticipation,0.460,,
Shellos,2023-06,Sand Force,59.046,Storm Drain,29.098,Sticky Hold,11.856
Sunflora,2023-06,Chlorophyll,56.881,Solar Power,26.653,Early Bird,16.466
Charmeleon,2023-06,Solar Power,83.574,Blaze,16.426,,
Shelgon,2023-06,Rock Head,67.632,Overcoat,32.368,,
Staravia,2023-06,Reckless,99.493,Intimidate,0.507,,
Tinkatink,2023-06,Mold Breaker,99.920,Pickpocket,0.080,Own Tempo,0.000
Diglett,2023-06,Sand Force,100.000,,,,
Magnemite,2023-06,Magnet Pull,83.073,Analytic,12.743,Sturdy,4.184
Oinkologne,2023-06,Lingering Aroma,69.597,Thick Fat,29.639,Gluttony,0.764
Zorua-Hisui,2023-06,Illusion,100.000,,,,
Voltorb-Hisui,2023-06,Aftermath,80.259,Soundproof,18.062,Static,1.679
Sliggoo,2023-06,Hydration,43.173,Sap Sipper,34.026,Gooey,22.801
Venonat,2023-06,Compound Eyes,100.000,Tinted Lens,0.000,,
Gimmighoul-Roaming,2023-06,Run Away,100.000,,,,
Quilava,2023-06,Blaze,55.526,Flash Fire,44.474,,
Marill,2023-06,Huge Power,94.947,Sap Sipper,5.053,Thick Fat,0.000
Varoom,2023-06,Overcoat,100.000,Slow Start,0.000,,
Buizel,2023-06,Swift Swim,100.000,,,,
Dolliv,2023-06,Early Bird,99.542,Harvest,0.458,,
Tarountula,2023-06,Insomnia,92.294,Stakeout,7.706,,
Rufflet,2023-06,Hustle,93.767,Sheer Force,6.071,Keen Eye,0.161
Cufant,2023-06,Sheer Force,68.940,Heavy Metal,31.060,,
Drifloon,2023-06,Unburden,88.746,Aftermath,9.170,Flare Boost,2.083
Cacnea,2023-06,Water Absorb,100.000,,,,
Maschiff,2023-06,Intimidate,100.000,Stakeout,0.000,,
Gothorita,2023-06,Competitive,100.000,Frisk,0.000,,
Numel,2023-06,Simple,99.958,Oblivious,0.042,,
Foongus,2023-06,Regenerator,100.000,Effect Spore,0.000,,
Kirlia,2023-06,Trace,51.903,Synchronize,48.097,,
Floragato,2023-06,Protean,96.250,Overgrow,3.750,,
Snover,2023-06,Snow Warning,100.000,,,,
Rowlet,2023-06,Long Reach,100.000,Overgrow,0.000,,
Rolycoly,2023-06,Flash Fire,99.784,Steam Engine,0.216,Heatproof,0.000
Pawmo,2023-06,Iron Fist,92.831,Natural Cure,6.894,Volt Absorb,0.275
Croagunk,2023-06,Dry Skin,100.000,,,,
Swablu,2023-06,Natural Cure,99.999,Cloud Nine,0.001,,
Riolu,2023-06,Prankster,100.000,,,,
Zorua,2023-06,Illusion,100.000,,,,
Wooper-Paldea,2023-06,Unaware,57.641,Water Absorb,42.359,Poison Point,0.000
Gible,2023-06,Rough Skin,100.000,,,,
Psyduck,2023-06,Swift Swim,85.426,Cloud Nine,14.574,,
Slowpoke,2023-06,Regenerator,100.000,Oblivious,0.000,,
Gimmighoul,2023-06,Rattled,100.000,,,,
Nymble,2023-06,Tinted Lens,100.000,,,,
Happiny,2023-06,Natural Cure,100.000,,,,
Pineco,2023-06,Sturdy,74.884,Overcoat,25.116,,
Wooper,2023-06,Unaware,85.848,Water Absorb,13.723,Damp,0.428
Axew,2023-06,Mold Breaker,100.000,,,,
Sandile,2023-06,Intimidate,100.000,,,,
Tandemaus,2023-06,Own Tempo,100.000,,,,
Spewpa,2023-06,Shed Skin,100.000,,,,
Skiddo,2023-06,Sap Sipper,99.961,Grass Pelt,0.039,,
Quaxly,2023-06,Torrent,86.610,Moxie,13.390,,
Bergmite,2023-06,Sturdy,93.699,Own Tempo,6.301,Ice Body,0.000
Salandit,2023-06,Corrosion,100.000,,,,
Steenee,2023-06,Oblivious,74.761,Leaf Guard,25.239,Sweet Veil,0.000
Luvdisc,2023-06,Hydration,72.455,Swift Swim,27.545,,
Silicobra,2023-06,Shed Skin,100.000,Sand Spit,0.000,,
Makuhita,2023-06,Guts,100.000,Thick Fat,0.000,,
Finneon,2023-06,Swift Swim,100.000,,,,
Stunky,2023-06,Aftermath,100.000,,,,
Teddiursa,2023-06,Quick Feet,58.137,Pickup,41.863,,
Surskit,2023-06,Swift Swim,100.000,Rain Dish,0.000,,
Shellder,2023-06,Skill Link,100.000,Shell Armor,0.000,,
Starly,2023-06,Keen Eye,100.000,Reckless,0.000,,
Jigglypuff,2023-06,Cute Charm,99.999,Competitive,0.001,,
Stonjourner,2023-07,Power Spot,100.000,,,,
Swalot,2023-07,Sticky Hold,83.446,Liquid Ooze,15.340,Gluttony,1.214
Dragonair,2023-07,Shed Skin,96.428,Marvel Scale,3.572,,
Gothitelle,2023-07,Competitive,97.493,Frisk,2.507,,
Toedscool,2023-07,Mycelium Might,100.000,,,,
Banette,2023-07,Insomnia,52.806,Cursed Body,26.277,Frisk,20.917
Fletchinder,2023-07,Flame Body,96.318,Gale Wings,3.682,,
Dedenne,2023-07,Cheek Pouch,81.144,Pickup,17.267,Plus,1.589
Vespiquen,2023-07,Pressure,99.200,Unnerve,0.800,,
Thwackey,2023-07,Grassy Surge,99.170,Overgrow,0.830,,
Oranguru,2023-07,Inner Focus,100.000,Symbiosis,0.000,,
Frogadier,2023-07,Protean,94.929,Torrent,5.071,,
Wugtrio,2023-07,Gooey,98.593,Rattled,1.407,,
Jumpluff,2023-07,Infiltrator,54.987,Chlorophyll,44.552,Leaf Guard,0.462
Stantler,2023-07,Sap Sipper,76.995,Intimidate,23.005,,
Scovillain,2023-07,Chlorophyll,89.150,Insomnia,10.850,,
Raboot,2023-07,Libero,99.989,Blaze,0.011,,
Flareon,2023-07,Flash Fire,74.646,Guts,25.354,,
Seviper,2023-07,Shed Skin,71.738,Infiltrator,28.262,,
Sudowoodo,2023-07,Rock Head,77.134,Sturdy,20.380,Rattled,2.486
Mudbray,2023-07,Stamina,100.000,Own Tempo,0.000,,
Crocalor,2023-07,Unaware,98.809,Blaze,1.191,,
Persian,2023-07,Technician,93.923,Limber,4.716,Unnerve,1.361
Hypno,2023-07,Insomnia,90.460,Inner Focus,5.412,Forewarn,4.128
Delibird,2023-07,Vital Spirit,81.554,Insomnia,13.999,Hustle,4.447
Tropius,2023-07,Harvest,91.968,Chlorophyll,7.991,Solar Power,0.042
Sandygast,2023-07,Water Compaction,100.000,,,,
Pikachu,2023-07,Lightning Rod,95.925,Static,4.075,,
Morgrem,2023-07,Prankster,100.000,,,,
Mareanie,2023-07,Regenerator,98.623,Merciless,1.377,,
Dewott,2023-07,Torrent,98.595,Shell Armor,1.405,,
Gastly,2023-07,Levitate,100.000,,,,
Drizzile,2023-07,Torrent,95.543,Sniper,4.457,,
Slaking,2023-07,Truant,100.000,,,,
Glalie,2023-07,Inner Focus,99.893,Ice Body,0.107,,
Sneasel,2023-07,Inner Focus,89.110,Pickpocket,10.889,Keen Eye,0.000
Pawniard,2023-07,Defiant,99.958,Pressure,0.042,,
Krokorok,2023-07,Intimidate,88.744,Moxie,11.256,Anger Point,0.000
Wigglytuff,2023-07,Competitive,44.053,Frisk,41.988,Cute Charm,13.959
Murkrow,2023-07,Prankster,57.644,Super Luck,26.852,Insomnia,15.503
Sliggoo,2023-07,Sap Sipper,95.052,Hydration,3.468,Gooey,1.480
Quilladin,2023-07,Bulletproof,99.526,Overgrow,0.474,,
Pupitar,2023-07,Shed Skin,100.000,,,,
Grimer-Alola,2023-07,Poison Touch,100.000,,,,
Kricketune,2023-07,Technician,83.745,Swarm,16.255,,
Bramblin,2023-07,Wind Rider,67.407,Infiltrator,32.593,,
Greedent,2023-07,Cheek Pouch,99.718,Gluttony,0.282,,
Eiscue,2023-07,Ice Face,100.000,,,,
Oinkologne,2023-07,Thick Fat,93.537,Lingering Aroma,6.307,Gluttony,0.156
Corvisquire,2023-07,Unnerve,70.199,Big Pecks,28.154,Keen Eye,1.647
Gumshoos,2023-07,Stakeout,67.573,Adaptability,30.205,Strong Jaw,2.223
Pincurchin,2023-07,Electric Surge,51.986,Lightning Rod,48.014,,
Sunflora,2023-07,Solar Power,72.439,Chlorophyll,22.047,Early Bird,5.514
Bronzor,2023-07,Levitate,91.213,Heatproof,8.787,,
Pachirisu,2023-07,Volt Absorb,92.333,Run Away,7.660,Pickup,0.007
Kubfu,2023-07,Inner Focus,100.000,,,,
Hippopotas,2023-07,Sand Stream,77.890,Sand Force,22.110,,
Tinkatink,2023-07,Mold Breaker,100.000,,,,
Flittle,2023-07,Speed Boost,100.000,,,,
Shelgon,2023-07,Overcoat,81.985,Rock Head,18.015,,
Floragato,2023-07,Protean,100.000,Overgrow,0.000,,
Shellos,2023-07,Sticky Hold,78.480,Storm Drain,21.381,Sand Force,0.139
Floette,2023-07,Flower Veil,100.000,,,,
Zorua-Hisui,2023-07,Illusion,100.000,,,,
Arctibax,2023-07,Thermal Exchange,99.856,Ice Body,0.144,,
Skiploom,2023-07,Infiltrator,99.422,Chlorophyll,0.578,,
Hatenna,2023-07,Magic Bounce,100.000,,,,
Eelektrik,2023-07,Levitate,100.000,,,,
Zweilous,2023-07,Hustle,100.000,,,,
Surskit,2023-07,Swift Swim,100.000,Rain Dish,0.000,,
Growlithe-Hisui,2023-07,Rock Head,100.000,Intimidate,0.000,Flash Fire,0.000
Psyduck,2023-07,Swift Swim,99.063,Cloud Nine,0.937,,
Grimer,2023-07,Poison Touch,100.000,Sticky Hold,0.000,,
Wooper-Paldea,2023-07,Water Absorb,79.739,Poison Point,19.984,Unaware,0.276
Oinkologne-F,2023-07,Thick Fat,97.715,Aroma Veil,2.285,Gluttony,0.000
Buizel,2023-07,Swift Swim,100.000,,,,
Shroodle,2023-07,Prankster,99.095,Unburden,0.905,,
Sinistea,2023-07,Cursed Body,77.450,Weak Armor,22.550,,
Meditite,2023-07,Pure Power,100.000,,,,
Greavard,2023-07,Fluffy,100.000,,,,
Shellder,2023-07,Overcoat,53.403,Skill Link,46.030,Shell Armor,0.567
Froakie,2023-07,Protean,100.000,Torrent,0.000,,
Voltorb-Hisui,2023-07,Soundproof,62.661,Aftermath,31.078,Static,6.261
Charmeleon,2023-07,Solar Power,80.379,Blaze,19.621,,
Dolliv,2023-07,Early Bird,100.000,Harvest,0.000,,
Pineco,2023-07,Sturdy,99.691,Overcoat,0.309,,
Magnemite,2023-07,Sturdy,72.841,Analytic,26.589,Magnet Pull,0.570
Rufflet,2023-07,Sheer Force,76.596,Hustle,23.404,,
Braixen,2023-07,Magician,68.359,Blaze,31.641,,
Diglett,2023-07,Sand Force,100.000,,,,
Wooper,2023-07,Water Absorb,97.471,Unaware,2.529,,
Foongus,2023-07,Regenerator,100.000,,,,
Riolu,2023-07,Prankster,100.000,,,,
Mankey,2023-07,Vital Spirit,99.483,Defiant,0.517,,
Quaxly,2023-07,Moxie,100.000,,,,
Tarountula,2023-07,Insomnia,98.659,Stakeout,1.341,,
Dunsparce,2023-07,Serene Grace,100.000,,,,
Steenee,2023-07,Sweet Veil,90.553,Oblivious,8.606,Leaf Guard,0.841
Luvdisc,2023-07,Swift Swim,86.383,Hydration,13.617,,
Cufant,2023-07,Sheer Force,53.950,Heavy Metal,46.050,,
Kirlia,2023-07,Trace,98.061,Synchronize,1.939,,
Drifloon,2023-07,Unburden,79.640,Aftermath,20.360,Flare Boost,0.000
Luxray,2023-07,Intimidate,54.974,Guts,43.899,Rivalry,1.127
Maschiff,2023-07,Intimidate,100.000,,,,
Sandile,2023-07,Intimidate,100.000,,,,
Varoom,2023-07,Overcoat,100.000,Slow Start,0.000,,
Marill,2023-07,Huge Power,100.000,Thick Fat,0.000,Sap Sipper,0.000
Meowth-Galar,2023-07,Tough Claws,100.000,,,,
Stunky,2023-07,Aftermath,100.000,,,,
Numel,2023-07,Simple,96.679,Oblivious,3.320,Own Tempo,0.001
Bergmite,2023-07,Own Tempo,51.587,Sturdy,48.413,,
Quilava,2023-07,Flash Fire,53.609,Blaze,46.391,,
Diglett-Alola,2023-07,Tangling Hair,96.774,Sand Force,3.226,,
Rowlet,2023-07,Long Reach,100.000,Overgrow,0.000,,
Cacnea,2023-07,Water Absorb,100.000,,,,
Staravia,2023-07,Reckless,95.179,Intimidate,4.821,,
Slowpoke,2023-07,Regenerator,100.000,,,,
Chewtle,2023-07,Strong Jaw,100.000,,,,
Sliggoo-Hisui,2023-07,Sap Sipper,98.724,Gooey,1.276,Shell Armor,0.000
Happiny,2023-07,Natural Cure,99.037,Serene Grace,0.963,,
Flaaffy,2023-07,Static,100.000,,,,
Pawmo,2023-07,Iron Fist,99.447,Natural Cure,0.553,Volt Absorb,0.000
Stonjourner,2023-08,Power Spot,100.000,,,,
Swalot,2023-08,Sticky Hold,89.954,Liquid Ooze,8.353,Gluttony,1.693
Calyrex,2023-08,Unnerve,100.000,,,,
Toedscool,2023-08,Mycelium Might,100.000,,,,
Banette,2023-08,Insomnia,62.478,Cursed Body,19.597,Frisk,17.925
Vespiquen,2023-08,Pressure,99.328,Unnerve,0.672,,
Lumineon,2023-08,Storm Drain,92.031,Swift Swim,7.947,Water Veil,0.023
Drakloak,2023-08,Infiltrator,45.769,Cursed Body,27.762,Clear Body,26.470
Dedenne,2023-08,Cheek Pouch,71.829,Pickup,28.156,Plus,0.014
Crocalor,2023-08,Unaware,99.861,Blaze,0.139,,
Sudowoodo,2023-08,Rock Head,81.471,Sturdy,17.992,Rattled,0.538
Scovillain,2023-08,Chlorophyll,98.947,Insomnia,1.053,,
Eiscue,2023-08,Ice Face,100.000,,,,
Persian,2023-08,Technician,99.152,Limber,0.786,Unnerve,0.062
Murkrow,2023-08,Prankster,86.102,Super Luck,11.025,Insomnia,2.874
Gothitelle,2023-08,Competitive,91.347,Frisk,8.653,,
Wugtrio,2023-08,Gooey,99.227,Rattled,0.773,,
Mareanie,2023-08,Regenerator,97.259,Merciless,2.741,,
Thwackey,2023-08,Grassy Surge,99.357,Overgrow,0.643,,
Fletchinder,2023-08,Flame Body,94.195,Gale Wings,5.805,,
Mudbray,2023-08,Stamina,99.908,Own Tempo,0.092,,
Squawkabilly,2023-08,Guts,60.889,Hustle,28.914,Intimidate,9.661
Flareon,2023-08,Flash Fire,78.768,Guts,21.232,,
Glalie,2023-08,Inner Focus,95.856,Ice Body,4.144,,
Sandygast,2023-08,Water Compaction,100.000,,,,
Raboot,2023-08,Libero,97.344,Blaze,2.656,,
Jumpluff,2023-08,Chlorophyll,64.799,Infiltrator,35.182,Leaf Guard,0.019
Oranguru,2023-08,Inner Focus,100.000,Symbiosis,0.000,Telepathy,0.000
Dragonair,2023-08,Shed Skin,95.342,Marvel Scale,4.658,,
Sneasel,2023-08,Inner Focus,93.214,Pickpocket,6.779,Keen Eye,0.007
Pawniard,2023-08,Defiant,100.000,,,,
Krokorok,2023-08,Moxie,58.731,Intimidate,41.269,,
Pupitar,2023-08,Shed Skin,100.000,,,,
Tropius,2023-08,Harvest,89.480,Chlorophyll,10.510,Solar Power,0.010
Glaceon,2023-08,Ice Body,100.000,,,,
Greedent,2023-08,Cheek Pouch,99.949,Gluttony,0.051,,
Golduck,2023-08,Swift Swim,82.036,Cloud Nine,17.224,Damp,0.741
Seviper,2023-08,Shed Skin,77.870,Infiltrator,22.130,,
Grimer-Alola,2023-08,Poison Touch,100.000,,,,
Kricketune,2023-08,Technician,80.536,Swarm,19.464,,
Slaking,2023-08,Truant,100.000,,,,
Corvisquire,2023-08,Unnerve,81.456,Keen Eye,15.560,Big Pecks,2.984
Pikachu,2023-08,Lightning Rod,89.924,Static,10.076,,
Wigglytuff,2023-08,Competitive,53.739,Frisk,30.340,Cute Charm,15.922
Delibird,2023-08,Vital Spirit,82.164,Insomnia,15.810,Hustle,2.026
Drizzile,2023-08,Torrent,93.975,Sniper,6.025,,
Quilladin,2023-08,Bulletproof,99.916,Overgrow,0.084,,
Pincurchin,2023-08,Electric Surge,63.735,Lightning Rod,36.265,,
Dewott,2023-08,Torrent,98.654,Shell Armor,1.346,,
Marill,2023-08,Huge Power,100.000,,,,
Eelektrik,2023-08,Levitate,100.000,,,,
Hypno,2023-08,Insomnia,90.443,Forewarn,5.315,Inner Focus,4.242
Stantler,2023-08,Intimidate,57.313,Sap Sipper,42.687,,
Gastly,2023-08,Levitate,100.000,,,,
Morgrem,2023-08,Prankster,99.971,Frisk,0.021,Pickpocket,0.008
Bramblin,2023-08,Wind Rider,79.270,Infiltrator,20.730,,
Tinkatink,2023-08,Mold Breaker,100.000,,,,
Shroodle,2023-08,Prankster,99.397,Unburden,0.603,,
Cufant,2023-08,Heavy Metal,73.223,Sheer Force,26.777,,
Oinkologne,2023-08,Thick Fat,95.232,Lingering Aroma,3.623,Gluttony,1.144
Bronzor,2023-08,Levitate,92.294,Heatproof,7.706,,
Sliggoo,2023-08,Sap Sipper,88.514,Hydration,11.285,Gooey,0.201
Hatenna,2023-08,Magic Bounce,100.000,Healer,0.000,,
Pachirisu,2023-08,Volt Absorb,99.759,Pickup,0.241,Run Away,0.000
Sunflora,2023-08,Chlorophyll,63.335,Solar Power,27.944,Early Bird,8.720
Oinkologne-F,2023-08,Thick Fat,93.473,Gluttony,5.738,Aroma Veil,0.789
Gumshoos,2023-08,Stakeout,57.625,Adaptability,33.160,Strong Jaw,9.215
Sinistea,2023-08,Weak Armor,71.590,Cursed Body,28.410,,
Shelgon,2023-08,Overcoat,91.208,Rock Head,8.792,,
Growlithe-Hisui,2023-08,Intimidate,55.870,Rock Head,44.130,,
Hippopotas,2023-08,Sand Stream,68.711,Sand Force,31.289,,
Arctibax,2023-08,Thermal Exchange,100.000,Ice Body,0.000,,
Zweilous,2023-08,Hustle,100.000,,,,
Meditite,2023-08,Pure Power,100.000,,,,
Pineco,2023-08,Sturdy,99.359,Overcoat,0.641,,
Zorua-Hisui,2023-08,Illusion,100.000,,,,
Snover,2023-08,Snow Warning,100.000,,,,
Flittle,2023-08,Speed Boost,100.000,Frisk,0.000,,
Shellos,2023-08,Storm Drain,98.695,Sticky Hold,1.305,,
Salandit,2023-08,Corrosion,100.000,,,,
Kubfu,2023-08,Inner Focus,100.000,,,,
Braixen,2023-08,Magician,52.089,Blaze,47.911,,
Riolu,2023-08,Inner Focus,75.074,Prankster,24.926,,
Charmeleon,2023-08,Blaze,92.296,Solar Power,7.704,,
Jigglypuff,2023-08,Competitive,99.011,Cute Charm,0.989,,
Pichu,2023-08,Lightning Rod,100.000,Static,0.000,,
Froakie,2023-08,Torrent,99.349,Protean,0.651,,
Diglett,2023-08,Sand Force,100.000,,,,
Buizel,2023-08,Swift Swim,100.000,,,,
Skiploom,2023-08,Infiltrator,100.000,,,,
Magnemite,2023-08,Sturdy,94.444,Analytic,5.556,Magnet Pull,0.000
Quilava,2023-08,Flash Fire,86.562,Blaze,13.438,,
Silicobra,2023-08,Shed Skin,100.000,,,,
Floragato,2023-08,Protean,93.773,Overgrow,6.227,,
Rufflet,2023-08,Hustle,94.853,Sheer Force,5.147,Keen Eye,0.000
Sandile,2023-08,Intimidate,100.000,,,,
Floette,2023-08,Flower Veil,95.436,Symbiosis,4.564,,
Foongus,2023-08,Regenerator,100.000,Effect Spore,0.000,,
Nacli,2023-08,Purifying Salt,100.000,,,,
Steenee,2023-08,Oblivious,84.920,Sweet Veil,12.725,Leaf Guard,2.355
Grimer,2023-08,Poison Touch,98.325,Sticky Hold,1.675,,
Slowpoke,2023-08,Regenerator,99.999,Oblivious,0.001,,
Zorua,2023-08,Illusion,100.000,,,,
Axew,2023-08,Mold Breaker,100.000,,,,
Wooper,2023-08,Unaware,64.804,Water Absorb,35.196,,
Numel,2023-08,Simple,100.000,,,,
Wooper-Paldea,2023-08,Water Absorb,50.332,Poison Point,49.668,Unaware,0.000
Greavard,2023-08,Fluffy,100.000,Pickup,0.000,,
Growlithe,2023-08,Intimidate,100.000,,,,
Pawmo,2023-08,Iron Fist,100.000,Volt Absorb,0.000,Natural Cure,0.000
Drifloon,2023-08,Unburden,66.416,Aftermath,33.584,,
Bergmite,2023-08,Sturdy,99.475,Own Tempo,0.525,,
Drowzee,2023-08,Insomnia,100.000,,,,
Nymble,2023-08,Tinted Lens,100.000,Swarm,0.000,,
Staravia,2023-08,Reckless,99.809,Intimidate,0.191,,
Fuecoco,2023-08,Unaware,100.000,,,,
Crabrawler,2023-08,Iron Fist,100.000,,,,
Cacnea,2023-08,Water Absorb,100.000,,,,
Luvdisc,2023-08,Swift Swim,94.509,Hydration,5.491,,
Dolliv,2023-08,Early Bird,100.000,Harvest,0.000,,
Rotom-Fan,2023-09,Levitate,100.000,,,,
Sneasel,2023-09,Inner Focus,93.361,Pickpocket,6.464,Keen Eye,0.175
Banette,2023-09,Insomnia,60.472,Frisk,22.357,Cursed Body,17.171
Stonjourner,2023-09,Power Spot,100.000,,,,
Gligar,2023-09,Immunity,92.102,Hyper Cutter,7.898,,
Lumineon,2023-09,Storm Drain,94.096,Swift Swim,5.865,Water Veil,0.039
Monferno,2023-09,Iron Fist,73.157,Blaze,26.843,,
Camerupt,2023-09,Solid Rock,95.369,Magma Armor,4.604,Anger Point,0.027
Sawsbuck,2023-09,Serene Grace,66.177,Chlorophyll,25.342,Sap Sipper,8.481
Glimmet,2023-09,Toxic Debris,97.240,Corrosion,2.760,,
Piloswine,2023-09,Thick Fat,97.533,Oblivious,2.467,,
Dusclops,2023-09,Pressure,95.475,Frisk,4.525,,
Golduck,2023-09,Cloud Nine,86.572,Swift Swim,11.596,Damp,1.832
Ampharos,2023-09,Static,95.457,Plus,4.543,,
Gurdurr,2023-09,Guts,80.816,Iron Fist,18.878,Sheer Force,0.306
Frogadier,2023-09,Torrent,69.868,Protean,30.132,,
Clefairy,2023-09,Magic Guard,99.697,Cute Charm,0.303,,
Gothitelle,2023-09,Competitive,90.650,Frisk,9.350,,
Drakloak,2023-09,Clear Body,52.161,Infiltrator,43.564,Cursed Body,4.275
Eiscue,2023-09,Ice Face,100.000,,,,
Persian,2023-09,Technician,98.625,Limber,1.369,Unnerve,0.006
Indeedee-F,2023-09,Psychic Surge,99.078,Own Tempo,0.922,Synchronize,0.000
Scovillain,2023-09,Chlorophyll,97.963,Insomnia,2.037,,
Calyrex,2023-09,Unnerve,100.000,,,,
Wugtrio,2023-09,Gooey,94.054,Rattled,5.946,,
Vespiquen,2023-09,Pressure,94.976,Unnerve,5.024,,
Toedscool,2023-09,Mycelium Might,100.000,,,,
Squawkabilly,2023-09,Guts,69.830,Hustle,20.555,Intimidate,9.132
Glalie,2023-09,Inner Focus,96.854,Ice Body,3.146,,
Grumpig,2023-09,Thick Fat,94.834,Own Tempo,5.061,Gluttony,0.106
Dunsparce,2023-09,Serene Grace,94.925,Rattled,5.075,,
Glaceon,2023-09,Ice Body,100.000,,,,
Dragonair,2023-09,Shed Skin,99.722,Marvel Scale,0.278,,
Dedenne,2023-09,Cheek Pouch,61.706,Pickup,36.098,Plus,2.196
Greedent,2023-09,Cheek Pouch,99.852,Gluttony,0.148,,
Slaking,2023-09,Truant,100.000,,,,
Beartic,2023-09,Slush Rush,81.321,Swift Swim,18.679,,
Carkol,2023-09,Flame Body,93.575,Flash Fire,5.158,Steam Engine,1.268
Murkrow,2023-09,Prankster,80.976,Super Luck,10.609,Insomnia,8.415
Grimer-Alola,2023-09,Poison Touch,100.000,,,,
Luxray,2023-09,Guts,84.370,Intimidate,15.335,Rivalry,0.296
Fraxure,2023-09,Mold Breaker,98.211,Rivalry,1.789,,
Mareanie,2023-09,Regenerator,99.879,Merciless,0.121,,
Vigoroth,2023-09,Vital Spirit,100.000,,,,
Pupitar,2023-09,Shed Skin,100.000,,,,
Jumpluff,2023-09,Infiltrator,72.709,Chlorophyll,27.291,Leaf Guard,0.000
Prinplup,2023-09,Competitive,75.203,Torrent,24.797,,
Shroodle,2023-09,Prankster,93.868,Unburden,6.132,,
Raboot,2023-09,Libero,99.431,Blaze,0.569,,
Vullaby,2023-09,Overcoat,89.887,Big Pecks,8.732,Weak Armor,1.381
Krokorok,2023-09,Moxie,71.636,Intimidate,28.364,,
Vulpix-Alola,2023-09,Snow Warning,100.000,,,,
Sandshrew,2023-09,Sand Rush,100.000,,,,
Oranguru,2023-09,Inner Focus,100.000,Symbiosis,0.000,,
Seviper,2023-09,Shed Skin,78.639,Infiltrator,21.361,,
Stantler,2023-09,Intimidate,66.603,Sap Sipper,33.397,,
Fletchinder,2023-09,Flame Body,87.177,Gale Wings,12.823,,
Wigglytuff,2023-09,Frisk,48.309,Competitive,46.098,Cute Charm,5.592
Delibird,2023-09,Vital Spirit,72.604,Insomnia,23.265,Hustle,4.130
Eelektrik,2023-09,Levitate,100.000,,,,
Dewott,2023-09,Torrent,98.487,Shell Armor,1.513,,
Vulpix,2023-09,Drought,100.000,,,,
Crocalor,2023-09,Unaware,96.066,Blaze,3.934,,
Hypno,2023-09,Insomnia,67.068,Inner Focus,27.159,Forewarn,5.774
Sudowoodo,2023-09,Rock Head,68.402,Sturdy,31.573,Rattled,0.025
Flareon,2023-09,Flash Fire,53.285,Guts,46.715,,
Hakamo-o,2023-09,Bulletproof,97.399,Soundproof,2.258,Overcoat,0.343
Quilladin,2023-09,Bulletproof,98.961,Overgrow,1.039,,
Pawniard,2023-09,Defiant,100.000,,,,
Pincurchin,2023-09,Lightning Rod,63.022,Electric Surge,36.978,,
Kricketune,2023-09,Technician,72.563,Swarm,27.437,,
Mudbray,2023-09,Stamina,85.109,Own Tempo,14.891,,
Girafarig,2023-09,Sap Sipper,83.034,Early Bird,12.378,Inner Focus,4.588
Oinkologne,2023-09,Thick Fat,97.897,Lingering Aroma,1.987,Gluttony,0.116
Tropius,2023-09,Harvest,94.363,Chlorophyll,5.637,Solar Power,0.001
Sliggoo,2023-09,Sap Sipper,94.058,Gooey,4.054,Hydration,1.887
Hatenna,2023-09,Magic Bounce,95.529,Healer,4.471,,
Pikachu,2023-09,Lightning Rod,88.070,Static,11.930,,
Bronzor,2023-09,Levitate,99.998,Heatproof,0.002,,
Corvisquire,2023-09,Unnerve,89.427,Big Pecks,7.467,Keen Eye,3.106
Gastly,2023-09,Levitate,100.000,,,,
Sandygast,2023-09,Water Compaction,100.000,,,,
Morgrem,2023-09,Prankster,99.860,Pickpocket,0.140,,
Pachirisu,2023-09,Volt Absorb,99.999,Pickup,0.001,Run Away,0.000
Gumshoos,2023-09,Adaptability,53.704,Stakeout,43.581,Strong Jaw,2.715
Weepinbell,2023-09,Chlorophyll,100.000,,,,
Lampent,2023-09,Flash Fire,89.534,Infiltrator,10.457,Flame Body,0.009
Charjabug,2023-09,Battery,100.000,,,,
Charmeleon,2023-09,Solar Power,96.962,Blaze,3.038,,
Graveler-Alola,2023-09,Galvanize,93.575,Magnet Pull,5.391,Sturdy,1.034
Zweilous,2023-09,Hustle,100.000,,,,
Yanma,2023-09,Speed Boost,99.966,Compound Eyes,0.034,,
Sinistea,2023-09,Weak Armor,79.878,Cursed Body,20.122,,
Grotle,2023-09,Overgrow,78.900,Shell Armor,21.100,,
Snover,2023-09,Snow Warning,100.000,,,,
Graveler,2023-09,Sturdy,63.202,Rock Head,36.798,,
Oinkologne-F,2023-09,Thick Fat,95.843,Gluttony,4.094,Aroma Veil,0.062
Koffing,2023-09,Neutralizing Gas,78.387,Levitate,21.613,Stench,0.000
Cutiefly,2023-09,Shield Dust,91.895,Sweet Veil,6.610,Honey Gather,1.495
Cufant,2023-09,Heavy Metal,99.979,Sheer Force,0.021,,
Sunflora,2023-09,Chlorophyll,40.071,Early Bird,37.387,Solar Power,22.542
Arctibax,2023-09,Thermal Exchange,73.545,Ice Body,26.455,,
Thwackey,2023-09,Grassy Surge,100.000,,,,
Bramblin,2023-09,Wind Rider,95.726,Infiltrator,4.274,,
Floette,2023-09,Flower Veil,100.000,,,,
Flittle,2023-09,Speed Boost,100.000,,,,
Dolliv,2023-09,Harvest,99.992,Early Bird,0.008,,
Drizzile,2023-09,Torrent,70.360,Sniper,29.640,,
Floragato,2023-09,Protean,99.966,Overgrow,0.034,,
Axew,2023-09,Mold Breaker,100.000,Rivalry,0.000,,
Mienfoo,2023-09,Regenerator,100.000,Inner Focus,0.000,,
Sandshrew-Alola,2023-09,Slush Rush,100.000,,,,
Munchlax,2023-09,Thick Fat,100.000,Gluttony,0.000,,
Kubfu,2023-09,Inner Focus,100.000,,,,
Hippopotas,2023-09,Sand Stream,99.310,Sand Force,0.690,,
Nuzleaf,2023-09,Pickpocket,77.149,Early Bird,16.488,Chlorophyll,6.363
Foongus,2023-09,Regenerator,100.000,,,,
Shellos,2023-09,Sticky Hold,99.014,Storm Drain,0.986,Sand Force,0.000
Salandit,2023-09,Corrosion,100.000,,,,
Voltorb-Hisui,2023-09,Static,72.495,Aftermath,24.036,Soundproof,3.469
Swalot,2023-09,Sticky Hold,88.118,Gluttony,11.729,Liquid Ooze,0.153
Bergmite,2023-09,Sturdy,100.000,,,,
Timburr,2023-09,Iron Fist,77.005,Guts,22.995,,
Varoom,2023-09,Overcoat,100.000,,,,
Numel,2023-09,Simple,100.000,,,,
Braixen,2023-09,Blaze,98.010,Magician,1.990,,
Shellder,2023-09,Skill Link,99.682,Shell Armor,0.204,Overcoat,0.114
Marill,2023-09,Huge Power,100.000,Thick Fat,0.000,,
Grimer,2023-09,Poison Touch,99.997,Sticky Hold,0.003,,
Rufflet,2023-09,Hustle,95.328,Sheer Force,4.672,,
Staravia,2023-09,Reckless,98.167,Intimidate,1.833,,
Gulpin,2023-09,Sticky Hold,100.000,,,,
Greavard,2023-09,Fluffy,99.905,Pickup,0.095,,
Pineco,2023-09,Sturdy,100.000,Overcoat,0.000,,
Meditite,2023-09,Pure Power,100.000,,,,
Kirlia,2023-09,Trace,99.192,Synchronize,0.808,,
Stunky,2023-09,Aftermath,100.000,,,,
Zorua-Hisui,2023-09,Illusion,100.000,,,,
Growlithe-Hisui,2023-09,Rock Head,92.598,Intimidate,7.402,,
Wooper-Paldea,2023-09,Water Absorb,100.000,Unaware,0.000,,
Nosepass,2023-09,Magnet Pull,89.671,Sand Force,5.625,Sturdy,4.705
Maschiff,2023-09,Stakeout,99.972,Intimidate,0.028,,
Quilava,2023-09,Flash Fire,76.789,Blaze,23.211,,
Slowpoke,2023-09,Regenerator,100.000,,,,
Tarountula,2023-09,Insomnia,100.000,Stakeout,0.000,,
Buizel,2023-09,Swift Swim,100.000,Water Veil,0.000,,
Steenee,2023-09,Oblivious,99.482,Sweet Veil,0.518,Leaf Guard,0.000
Tinkatink,2023-09,Mold Breaker,100.000,,,,
Luvdisc,2023-09,Swift Swim,99.997,Hydration,0.003,,
Magnemite,2023-09,Analytic,85.834,Magnet Pull,9.981,Sturdy,4.185
Chewtle,2023-09,Strong Jaw,94.442,Swift Swim,5.558,,
Tandemaus,2023-09,Own Tempo,100.000,,,,
Sandile,2023-09,Intimidate,100.000,,,,
Pawmo,2023-09,Natural Cure,77.650,Volt Absorb,22.350,,
Wattrel,2023-09,Volt Absorb,100.000,,,,
Shelgon,2023-09,Overcoat,78.474,Rock Head,21.526,,
Voltorb,2023-09,Static,93.330,Soundproof,6.669,Aftermath,0.001
Poltchageist,2023-09,Heatproof,100.000,,,,
Poliwhirl,2023-09,Water Absorb,100.000,Swift Swim,0.000,,
Riolu,2023-09,Prankster,100.000,,,,
Drifloon,2023-09,Aftermath,77.582,Unburden,22.418,,
Stonjourner,2023-10,Power Spot,100.000,,,,
Squawkabilly,2023-10,Guts,82.363,Hustle,12.402,Intimidate,4.267
Camerupt,2023-10,Solid Rock,96.497,Magma Armor,3.498,Anger Point,0.004
Frogadier,2023-10,Protean,73.963,Torrent,26.037,,
Monferno,2023-10,Iron Fist,67.222,Blaze,32.778,,
Glaceon,2023-10,Ice Body,100.000,,,,
Lumineon,2023-10,Storm Drain,91.271,Swift Swim,8.660,Water Veil,0.068
Ampharos,2023-10,Static,96.838,Plus,3.162,,
Grumpig,2023-10,Thick Fat,94.000,Own Tempo,3.462,Gluttony,2.539
Banette,2023-10,Insomnia,44.545,Cursed Body,27.778,Frisk,27.678
Clefairy,2023-10,Magic Guard,99.617,Cute Charm,0.362,Friend Guard,0.021
Spidops,2023-10,Stakeout,86.421,Insomnia,13.579,,
Girafarig,2023-10,Sap Sipper,43.315,Early Bird,29.426,Inner Focus,27.259
Glimmet,2023-10,Toxic Debris,100.000,,,,
Hakamo-o,2023-10,Bulletproof,90.451,Soundproof,8.985,Overcoat,0.563
Dedenne,2023-10,Cheek Pouch,55.673,Pickup,39.523,Plus,4.804
Sandshrew,2023-10,Sand Rush,100.000,,,,
Pikachu,2023-10,Lightning Rod,93.197,Static,6.803,,
Dusclops,2023-10,Pressure,84.348,Frisk,15.652,,
Sliggoo-Hisui,2023-10,Sap Sipper,36.784,Shell Armor,32.956,Gooey,30.260
Persian,2023-10,Technician,85.918,Limber,13.967,Unnerve,0.114
Fraxure,2023-10,Mold Breaker,99.408,Rivalry,0.578,Unnerve,0.013
Vullaby,2023-10,Overcoat,92.159,Big Pecks,7.005,Weak Armor,0.837
Wugtrio,2023-10,Gooey,91.602,Rattled,8.398,,
Greedent,2023-10,Cheek Pouch,99.792,Gluttony,0.208,,
Eiscue,2023-10,Ice Face,100.000,,,,
Eelektrik,2023-10,Levitate,100.000,,,,
Raboot,2023-10,Libero,68.699,Blaze,31.301,,
Scovillain,2023-10,Chlorophyll,94.747,Insomnia,5.253,,
Dartrix,2023-10,Long Reach,86.998,Overgrow,13.002,,
Vespiquen,2023-10,Pressure,98.576,Unnerve,1.424,,
Calyrex,2023-10,Unnerve,100.000,,,,
Krokorok,2023-10,Moxie,77.937,Intimidate,22.063,Anger Point,0.000
Wigglytuff,2023-10,Competitive,92.188,Frisk,7.188,Cute Charm,0.624
Pawniard,2023-10,Defiant,100.000,,,,
Gothitelle,2023-10,Competitive,99.621,Frisk,0.379,,
Luxray,2023-10,Guts,69.614,Intimidate,29.723,Rivalry,0.663
Seviper,2023-10,Shed Skin,83.795,Infiltrator,16.205,,
Toedscool,2023-10,Mycelium Might,100.000,,,,
Carkol,2023-10,Flame Body,93.005,Steam Engine,4.431,Flash Fire,2.564
Murkrow,2023-10,Prankster,66.813,Super Luck,32.632,Insomnia,0.555
Vigoroth,2023-10,Vital Spirit,100.000,,,,
Oranguru,2023-10,Inner Focus,99.986,Symbiosis,0.014,Telepathy,0.000
Dunsparce,2023-10,Serene Grace,97.948,Rattled,2.052,,
Slaking,2023-10,Truant,100.000,,,,
Drakloak,2023-10,Infiltrator,73.372,Cursed Body,15.804,Clear Body,10.824
Sudowoodo,2023-10,Rock Head,56.169,Sturdy,43.827,Rattled,0.004
Flareon,2023-10,Flash Fire,69.649,Guts,30.351,,
Fletchinder,2023-10,Flame Body,90.149,Gale Wings,9.851,,
Dragonair,2023-10,Shed Skin,94.697,Marvel Scale,5.303,,
Meditite,2023-10,Pure Power,100.000,,,,
Skrelp,2023-10,Adaptability,100.000,,,,
Hatenna,2023-10,Magic Bounce,100.000,Healer,0.000,,
Kricketune,2023-10,Technician,90.993,Swarm,9.007,,
Gumshoos,2023-10,Adaptability,69.568,Stakeout,28.899,Strong Jaw,1.532
Pupitar,2023-10,Shed Skin,100.000,,,,
Mudbray,2023-10,Stamina,98.990,Own Tempo,1.010,,
Delibird,2023-10,Vital Spirit,72.799,Hustle,13.787,Insomnia,13.414
Prinplup,2023-10,Competitive,95.784,Torrent,4.216,,
Crocalor,2023-10,Unaware,98.916,Blaze,1.084,,
Grotle,2023-10,Overgrow,54.226,Shell Armor,45.774,,
Tropius,2023-10,Harvest,93.411,Chlorophyll,3.896,Solar Power,2.693
Dewott,2023-10,Torrent,96.570,Shell Armor,3.430,,
Glalie,2023-10,Inner Focus,97.546,Ice Body,2.454,,
Gastly,2023-10,Levitate,100.000,,,,
Yanma,2023-10,Speed Boost,99.799,Compound Eyes,0.201,,
Hypno,2023-10,Insomnia,49.413,Inner Focus,48.952,Forewarn,1.635
Cutiefly,2023-10,Shield Dust,99.377,Sweet Veil,0.421,Honey Gather,0.202
Oinkologne,2023-10,Thick Fat,96.299,Lingering Aroma,3.700,Gluttony,0.001
Mareanie,2023-10,Regenerator,97.530,Merciless,2.470,,
Graveler-Alola,2023-10,Galvanize,85.582,Sturdy,14.418,Magnet Pull,0.000
Quilladin,2023-10,Bulletproof,98.471,Overgrow,1.529,,
Stantler,2023-10,Sap Sipper,52.841,Intimidate,47.159,,
Pincurchin,2023-10,Lightning Rod,60.298,Electric Surge,39.702,,
Bramblin,2023-10,Wind Rider,92.951,Infiltrator,7.049,,
Sandygast,2023-10,Water Compaction,100.000,,,,
Rotom-Fan,2023-10,Levitate,100.000,,,,
Grimer-Alola,2023-10,Poison Touch,100.000,,,,
Sandshrew-Alola,2023-10,Slush Rush,100.000,,,,
Graveler,2023-10,Sturdy,99.586,Rock Head,0.414,,
Zweilous,2023-10,Hustle,100.000,,,,
Zangoose,2023-10,Toxic Boost,100.000,Immunity,0.000,,
Sunflora,2023-10,Solar Power,57.487,Chlorophyll,37.114,Early Bird,5.399
Bronzor,2023-10,Levitate,96.921,Heatproof,3.079,,
Foongus,2023-10,Regenerator,100.000,,,,
Pachirisu,2023-10,Volt Absorb,100.000,Pickup,0.000,Run Away,0.000
Gible,2023-10,Rough Skin,100.000,,,,
Morgrem,2023-10,Prankster,100.000,,,,
Koffing,2023-10,Levitate,83.812,Neutralizing Gas,16.188,,
Piloswine,2023-10,Thick Fat,100.000,,,,
Raichu,2023-10,Lightning Rod,99.642,Static,0.358,,
Weepinbell,2023-10,Chlorophyll,100.000,,,,
Drizzile,2023-10,Torrent,80.433,Sniper,19.567,,
Nosepass,2023-10,Sturdy,39.940,Magnet Pull,34.312,Sand Force,25.748
Corvisquire,2023-10,Unnerve,90.013,Big Pecks,6.419,Keen Eye,3.568
Floragato,2023-10,Protean,100.000,Overgrow,0.000,,
Sneasel,2023-10,Inner Focus,100.000,,,,
Vulpix-Alola,2023-10,Snow Warning,100.000,,,,
Hippopotas,2023-10,Sand Stream,95.960,Sand Force,4.040,,
Timburr,2023-10,Iron Fist,81.288,Guts,18.712,,
Lycanroc-Midnight,2023-10,Vital Spirit,86.730,No Guard,13.270,,
Shroodle,2023-10,Prankster,98.810,Unburden,1.190,,
Sawsbuck,2023-10,Serene Grace,53.199,Chlorophyll,35.831,Sap Sipper,10.970
Poliwhirl,2023-10,Water Absorb,72.364,Swift Swim,27.636,Damp,0.000
Golduck,2023-10,Cloud Nine,96.800,Swift Swim,3.139,Damp,0.061
Shellder,2023-10,Skill Link,100.000,Shell Armor,0.000,,
Drifloon,2023-10,Unburden,100.000,Aftermath,0.000,,
Flittle,2023-10,Speed Boost,100.000,Anticipation,0.000,,
Sliggoo,2023-10,Sap Sipper,56.980,Hydration,37.336,Gooey,5.684
Gligar,2023-10,Immunity,81.972,Hyper Cutter,18.028,,
Riolu,2023-10,Prankster,100.000,Inner Focus,0.000,,
Snover,2023-10,Snow Warning,100.000,,,,
Quaxly,2023-10,Moxie,99.764,Torrent,0.236,,
Arctibax,2023-10,Thermal Exchange,86.413,Ice Body,13.587,,
Shellos,2023-10,Sticky Hold,65.237,Storm Drain,34.720,Sand Force,0.042
Kubfu,2023-10,Inner Focus,100.000,,,,
Quilava,2023-10,Flash Fire,99.945,Blaze,0.055,,
Grookey,2023-10,Grassy Surge,100.000,,,,
Charjabug,2023-10,Battery,100.000,,,,
Braixen,2023-10,Magician,95.351,Blaze,4.649,,
Oinkologne-F,2023-10,Thick Fat,98.996,Aroma Veil,1.004,Gluttony,0.000
Munchlax,2023-10,Thick Fat,76.059,Gluttony,23.933,Pickup,0.008
Wooper,2023-10,Water Absorb,99.705,Unaware,0.295,,
Charmeleon,2023-10,Solar Power,98.965,Blaze,1.035,,
Grimer,2023-10,Sticky Hold,100.000,Poison Touch,0.000,,
Pineco,2023-10,Sturdy,100.000,Overcoat,0.000,,
Dolliv,2023-10,Early Bird,58.233,Harvest,41.767,,
Mienfoo,2023-10,Regenerator,97.185,Reckless,2.815,,
Beartic,2023-10,Slush Rush,85.166,Swift Swim,14.834,,
Mankey,2023-10,Defiant,100.000,,,,
Croagunk,2023-10,Dry Skin,100.000,,,,
Shelgon,2023-10,Rock Head,96.911,Overcoat,3.089,,
Tinkatink,2023-10,Mold Breaker,100.000,,,,
Flaaffy,2023-10,Static,100.000,,,,
Floette,2023-10,Flower Veil,100.000,,,,
Lombre,2023-10,Swift Swim,46.784,Own Tempo,42.006,Rain Dish,11.210
Swadloon,2023-10,Overcoat,100.000,Leaf Guard,0.000,,
Zorua-Hisui,2023-10,Illusion,100.000,,,,
Magnemite,2023-10,Magnet Pull,94.653,Analytic,2.797,Sturdy,2.550
Steenee,2023-10,Oblivious,94.691,Leaf Guard,5.309,Sweet Veil,0.000
Sinistea,2023-10,Cursed Body,59.999,Weak Armor,40.001,,
Aipom,2023-10,Pickup,67.788,Skill Link,32.212,,
Lampent,2023-10,Flame Body,51.865,Flash Fire,25.265,Infiltrator,22.871
Pawmo,2023-10,Volt Absorb,76.279,Natural Cure,23.717,Iron Fist,0.003
Voltorb-Hisui,2023-10,Static,49.134,Aftermath,34.762,Soundproof,16.104
Diglett-Alola,2023-10,Tangling Hair,99.964,Sand Force,0.036,,
Slowpoke-Galar,2023-10,Regenerator,100.000,,,,
Luvdisc,2023-10,Swift Swim,85.225,Hydration,14.775,,
Salandit,2023-10,Corrosion,100.000,,,,
Kirlia,2023-10,Trace,100.000,,,,
Greavard,2023-10,Fluffy,100.000,,,,
Jumpluff,2023-10,Infiltrator,99.924,Chlorophyll,0.076,,
Buizel,2023-10,Swift Swim,100.000,,,,
Nuzleaf,2023-10,Chlorophyll,59.437,Early Bird,20.781,Pickpocket,19.782
Stunky,2023-10,Aftermath,100.000,,,,
Marill,2023-10,Huge Power,100.000,Sap Sipper,0.000,,
Rufflet,2023-10,Keen Eye,84.747,Sheer Force,11.668,Hustle,3.585
Slowpoke,2023-10,Regenerator,100.000,,,,
Gulpin,2023-10,Sticky Hold,100.000,,,,
Larvesta,2023-10,Flame Body,100.000,,,,
Bergmite,2023-10,Sturdy,100.000,Own Tempo,0.000,,
Rotom-Fan,2023-11,Levitate,100.000,,,,
Tinkatuff,2023-11,Mold Breaker,61.863,Pickpocket,38.116,Own Tempo,0.021
Indeedee-F,2023-11,Psychic Surge,99.229,Own Tempo,0.466,Synchronize,0.305
Cacturne,2023-11,Water Absorb,100.000,,,,
Swalot,2023-11,Sticky Hold,98.159,Liquid Ooze,1.821,Gluttony,0.020
Gabite,2023-11,Rough Skin,100.000,,,,
Falinks,2023-11,Defiant,96.983,Battle Armor,3.017,,
Quaxwell,2023-11,Moxie,75.967,Torrent,24.033,,
Lycanroc-Midnight,2023-11,No Guard,98.014,Keen Eye,1.707,Vital Spirit,0.279
Golduck,2023-11,Cloud Nine,62.616,Swift Swim,35.710,Damp,1.674
Leafeon,2023-11,Chlorophyll,90.055,Leaf Guard,9.945,,
Dusknoir,2023-11,Frisk,67.609,Pressure,32.391,,
Misdreavus,2023-11,Levitate,100.000,,,,
Ampharos,2023-11,Static,96.814,Plus,3.186,,
Noctowl,2023-11,Tinted Lens,96.316,Insomnia,3.684,Keen Eye,0.000
Dugtrio,2023-11,Sand Force,100.000,,,,
Glaceon,2023-11,Ice Body,100.000,,,,
Camerupt,2023-11,Solid Rock,84.978,Magma Armor,14.839,Anger Point,0.183
Wyrdeer,2023-11,Intimidate,58.406,Sap Sipper,41.593,Frisk,0.000
Stonjourner,2023-11,Power Spot,100.000,,,,
Banette,2023-11,Insomnia,81.726,Frisk,9.603,Cursed Body,8.671
Chimecho,2023-11,Levitate,100.000,,,,
Illumise,2023-11,Prankster,97.852,Tinted Lens,1.578,Oblivious,0.570
Dachsbun,2023-11,Well-Baked Body,98.425,Aroma Veil,1.575,,
Frogadier,2023-11,Protean,93.753,Torrent,6.247,,
Furret,2023-11,Frisk,96.272,Run Away,3.549,Keen Eye,0.179
Phione,2023-11,Hydration,100.000,,,,
Squawkabilly,2023-11,Guts,77.776,Intimidate,15.110,Hustle,5.642
Sawsbuck,2023-11,Serene Grace,94.569,Sap Sipper,3.928,Chlorophyll,1.504
Kricketune,2023-11,Technician,98.451,Swarm,1.549,,
Magcargo,2023-11,Weak Armor,83.634,Flame Body,15.770,Magma Armor,0.596
Beartic,2023-11,Swift Swim,83.373,Slush Rush,16.627,,
Wugtrio,2023-11,Gooey,96.077,Rattled,3.923,,
Flapple,2023-11,Hustle,66.037,Ripen,22.018,Gluttony,11.944
Rabsca,2023-11,Synchronize,99.793,Telepathy,0.207,,
Ditto,2023-11,Imposter,99.731,Limber,0.269,,
Gogoat,2023-11,Sap Sipper,99.344,Grass Pelt,0.656,,
Raichu,2023-11,Lightning Rod,97.983,Static,2.017,,
Scovillain,2023-11,Chlorophyll,93.277,Insomnia,6.723,,
Vespiquen,2023-11,Pressure,95.433,Unnerve,4.567,,
Spidops,2023-11,Stakeout,71.578,Insomnia,28.422,,
Sandshrew,2023-11,Sand Rush,100.000,,,,
Pupitar,2023-11,Shed Skin,100.000,,,,
Monferno,2023-11,Iron Fist,60.963,Blaze,39.037,,
Persian,2023-11,Technician,97.619,Limber,2.381,,
Crabominable,2023-11,Iron Fist,100.000,Hyper Cutter,0.000,Anger Point,0.000
Flareon,2023-11,Guts,59.608,Flash Fire,40.392,,
Dedenne,2023-11,Cheek Pouch,63.016,Pickup,36.984,Plus,0.000
Tropius,2023-11,Harvest,59.639,Chlorophyll,40.186,Solar Power,0.175
Sliggoo-Hisui,2023-11,Sap Sipper,46.933,Shell Armor,38.078,Gooey,14.989
Eiscue,2023-11,Ice Face,100.000,,,,
Ariados,2023-11,Sniper,60.092,Insomnia,22.328,Swarm,17.580
Luxray,2023-11,Guts,87.879,Intimidate,11.734,Rivalry,0.387
Murkrow,2023-11,Prankster,76.196,Super Luck,21.091,Insomnia,2.713
Carkol,2023-11,Flame Body,94.871,Flash Fire,4.053,Steam Engine,1.076
Clefairy,2023-11,Magic Guard,100.000,Cute Charm,0.000,Friend Guard,0.000
Glimmet,2023-11,Toxic Debris,98.397,Corrosion,1.603,,
Lumineon,2023-11,Storm Drain,96.144,Swift Swim,3.664,Water Veil,0.192
Zangoose,2023-11,Toxic Boost,98.949,Immunity,1.051,,
Fraxure,2023-11,Mold Breaker,99.080,Rivalry,0.903,Unnerve,0.017
Pincurchin,2023-11,Lightning Rod,83.278,Electric Surge,16.722,,
Raboot,2023-11,Libero,91.099,Blaze,8.901,,
Slaking,2023-11,Truant,100.000,,,,
Cutiefly,2023-11,Shield Dust,95.892,Honey Gather,4.108,Sweet Veil,0.000
Krokorok,2023-11,Moxie,66.457,Intimidate,33.543,,
Mightyena,2023-11,Moxie,95.207,Intimidate,4.459,Quick Feet,0.333
Pikachu,2023-11,Lightning Rod,70.869,Static,29.131,,
Dusclops,2023-11,Pressure,84.350,Frisk,15.650,,
Grumpig,2023-11,Thick Fat,93.913,Gluttony,6.087,,
Gumshoos,2023-11,Adaptability,89.310,Stakeout,8.568,Strong Jaw,2.122
Sudowoodo,2023-11,Rock Head,61.752,Sturdy,38.248,Rattled,0.000
Greedent,2023-11,Cheek Pouch,99.690,Gluttony,0.310,,
Jumpluff,2023-11,Infiltrator,83.286,Chlorophyll,16.714,Leaf Guard,0.000
Crocalor,2023-11,Unaware,99.999,Blaze,0.001,,
Seviper,2023-11,Shed Skin,60.700,Infiltrator,39.300,,
Pawniard,2023-11,Defiant,99.113,Pressure,0.887,,
Dragonair,2023-11,Shed Skin,95.572,Marvel Scale,4.428,,
Sunflora,2023-11,Chlorophyll,95.787,Solar Power,2.383,Early Bird,1.831
Pachirisu,2023-11,Volt Absorb,99.169,Pickup,0.831,Run Away,0.000
Dunsparce,2023-11,Serene Grace,98.712,Rattled,1.288,,
Eelektrik,2023-11,Levitate,100.000,,,,
Glalie,2023-11,Inner Focus,91.832,Ice Body,8.168,,
Vullaby,2023-11,Overcoat,75.983,Big Pecks,23.895,Weak Armor,0.123
Wigglytuff,2023-11,Competitive,74.101,Frisk,19.254,Cute Charm,6.646
Drakloak,2023-11,Infiltrator,71.435,Clear Body,23.895,Cursed Body,4.669
Graveler-Alola,2023-11,Magnet Pull,45.164,Galvanize,40.595,Sturdy,14.240
Oranguru,2023-11,Inner Focus,99.953,Telepathy,0.047,,
Gothitelle,2023-11,Competitive,99.358,Frisk,0.642,,
Vulpix-Alola,2023-11,Snow Warning,100.000,,,,
Girafarig,2023-11,Sap Sipper,84.637,Early Bird,12.561,Inner Focus,2.802
Bronzor,2023-11,Levitate,100.000,,,,
Grimer-Alola,2023-11,Poison Touch,99.991,Gluttony,0.009,,
Toedscool,2023-11,Mycelium Might,100.000,,,,
Hakamo-o,2023-11,Bulletproof,95.354,Overcoat,2.404,Soundproof,2.243
Calyrex,2023-11,Unnerve,100.000,,,,
Hippopotas,2023-11,Sand Stream,100.000,Sand Force,0.000,,
Dartrix,2023-11,Long Reach,71.658,Overgrow,28.342,,
Hypno,2023-11,Insomnia,48.248,Forewarn,27.722,Inner Focus,24.030
Fletchinder,2023-11,Flame Body,78.025,Gale Wings,21.975,,
Vigoroth,2023-11,Vital Spirit,100.000,,,,
Mareanie,2023-11,Regenerator,99.039,Merciless,0.961,,
Delibird,2023-11,Vital Spirit,59.531,Hustle,24.606,Insomnia,15.863
Gastly,2023-11,Levitate,100.000,,,,
Braixen,2023-11,Magician,95.284,Blaze,4.716,,
Morgrem,2023-11,Prankster,99.993,Pickpocket,0.007,,
Hatenna,2023-11,Magic Bounce,100.000,,,,
Oinkologne,2023-11,Thick Fat,92.406,Gluttony,7.229,Lingering Aroma,0.365
Zorua-Hisui,2023-11,Illusion,100.000,,,,
Sinistea,2023-11,Weak Armor,100.000,,,,
Quilladin,2023-11,Bulletproof,99.156,Overgrow,0.844,,
Yanma,2023-11,Speed Boost,92.306,Compound Eyes,7.694,,
Dewott,2023-11,Torrent,99.136,Shell Armor,0.864,,
Shroodle,2023-11,Prankster,94.519,Unburden,5.481,,
Kubfu,2023-11,Inner Focus,100.000,,,,
Lampent,2023-11,Flash Fire,71.305,Flame Body,28.145,Infiltrator,0.550
Snover,2023-11,Snow Warning,100.000,,,,
Koffing,2023-11,Levitate,99.966,Neutralizing Gas,0.034,,
Sliggoo,2023-11,Hydration,78.537,Sap Sipper,21.278,Gooey,0.185
Bramblin,2023-11,Infiltrator,82.591,Wind Rider,17.409,,
Oinkologne-F,2023-11,Thick Fat,98.700,Aroma Veil,1.300,Gluttony,0.000
Grookey,2023-11,Grassy Surge,100.000,Overgrow,0.000,,
Grotle,2023-11,Shell Armor,81.539,Overgrow,18.461,,
Sandygast,2023-11,Water Compaction,100.000,,,,
Corvisquire,2023-11,Unnerve,74.798,Big Pecks,25.143,Keen Eye,0.059
Graveler,2023-11,Sturdy,86.494,Rock Head,13.506,,
Meditite,2023-11,Pure Power,100.000,,,,
Munchlax,2023-11,Thick Fat,100.000,Gluttony,0.000,Pickup,0.000
Poliwhirl,2023-11,Water Absorb,96.330,Swift Swim,3.670,,
Mudbray,2023-11,Stamina,100.000,,,,
Weepinbell,2023-11,Chlorophyll,100.000,,,,
Slowpoke-Galar,2023-11,Regenerator,100.000,,,,
Pineco,2023-11,Sturdy,100.000,Overcoat,0.000,,
Voltorb-Hisui,2023-11,Static,99.873,Aftermath,0.127,Soundproof,0.000
Sandshrew-Alola,2023-11,Slush Rush,100.000,,,,
Drizzile,2023-11,Torrent,67.734,Sniper,32.266,,
Flittle,2023-11,Speed Boost,97.668,Frisk,2.332,,
Quilava,2023-11,Flash Fire,79.585,Blaze,20.415,,
Floragato,2023-11,Protean,100.000,Overgrow,0.000,,
Zweilous,2023-11,Hustle,100.000,,,,
Tinkatink,2023-11,Mold Breaker,100.000,,,,
Arctibax,2023-11,Thermal Exchange,100.000,Ice Body,0.000,,
Prinplup,2023-11,Competitive,77.703,Torrent,22.297,,
Stantler,2023-11,Intimidate,63.154,Sap Sipper,36.846,,
Buizel,2023-11,Swift Swim,100.000,,,,
Charjabug,2023-11,Battery,100.000,,,,
Growlithe-Hisui,2023-11,Intimidate,71.082,Rock Head,28.918,,
Greavard,2023-11,Fluffy,100.000,,,,
Croagunk,2023-11,Dry Skin,100.000,,,,
Numel,2023-11,Simple,100.000,Oblivious,0.000,,
Marill,2023-11,Huge Power,99.999,Sap Sipper,0.001,Thick Fat,0.000
Wooper,2023-11,Water Absorb,54.817,Unaware,45.183,,
Crabrawler,2023-11,Iron Fist,100.000,,,,
Luvdisc,2023-11,Swift Swim,55.606,Hydration,44.394,,
Sneasel,2023-12,Inner Focus,82.874,Pickpocket,17.062,Keen Eye,0.064
Klawf,2023-12,Regenerator,83.229,Anger Shell,16.771,Shell Armor,0.000
Indeedee-F,2023-12,Psychic Surge,98.742,Own Tempo,1.152,Synchronize,0.106
Swalot,2023-12,Sticky Hold,96.535,Liquid Ooze,3.395,Gluttony,0.070
Tinkatuff,2023-12,Mold Breaker,75.529,Pickpocket,24.471,Own Tempo,0.000
Quaxwell,2023-12,Moxie,65.010,Torrent,34.990,,
Squawkabilly,2023-12,Guts,90.532,Hustle,6.150,Intimidate,3.296
Golduck,2023-12,Cloud Nine,77.287,Swift Swim,19.553,Damp,3.160
Frogadier,2023-12,Protean,96.265,Torrent,3.735,,
Dugtrio,2023-12,Sand Force,100.000,,,,
Gabite,2023-12,Rough Skin,100.000,,,,
Ampharos,2023-12,Static,85.046,Plus,14.954,,
Thwackey,2023-12,Grassy Surge,99.226,Overgrow,0.774,,
Camerupt,2023-12,Solid Rock,96.081,Magma Armor,3.911,Anger Point,0.008
Leafeon,2023-12,Chlorophyll,92.583,Leaf Guard,7.417,,
Dachsbun,2023-12,Well-Baked Body,99.069,Aroma Veil,0.931,,
Trevenant,2023-12,Natural Cure,73.957,Harvest,23.609,Frisk,2.434
Servine,2023-12,Contrary,99.904,Overgrow,0.096,,
Misdreavus,2023-12,Levitate,100.000,,,,
Dusknoir,2023-12,Pressure,63.047,Frisk,36.953,,
Arbok,2023-12,Shed Skin,51.014,Intimidate,48.986,Unnerve,0.000
Noctowl,2023-12,Tinted Lens,92.036,Insomnia,6.922,Keen Eye,1.042
Leavanny,2023-12,Swarm,90.570,Overcoat,5.587,Chlorophyll,3.843
Hattrem,2023-12,Magic Bounce,99.047,Healer,0.724,Anticipation,0.229
Ludicolo,2023-12,Swift Swim,92.156,Own Tempo,6.560,Rain Dish,1.284
Victreebel,2023-12,Chlorophyll,89.964,Gluttony,10.036,,
Furret,2023-12,Frisk,96.354,Run Away,3.632,Keen Eye,0.014
Vespiquen,2023-12,Pressure,99.568,Unnerve,0.432,,
Combusken,2023-12,Speed Boost,99.662,Blaze,0.338,,
Electabuzz,2023-12,Static,88.935,Vital Spirit,11.065,,
Glaceon,2023-12,Ice Body,100.000,,,,
Duosion,2023-12,Magic Guard,58.258,Regenerator,41.742,Overcoat,0.000
Sliggoo-Hisui,2023-12,Shell Armor,70.643,Sap Sipper,29.097,Gooey,0.259
Raboot,2023-12,Libero,98.434,Blaze,1.566,,
Banette,2023-12,Insomnia,42.554,Cursed Body,33.062,Frisk,24.384
Stonjourner,2023-12,Power Spot,100.000,,,,
Cacturne,2023-12,Water Absorb,100.000,,,,
Scovillain,2023-12,Chlorophyll,96.151,Insomnia,3.849,,
Volbeat,2023-12,Prankster,93.129,Illuminate,3.876,Swarm,2.995
Rotom-Frost,2023-12,Levitate,100.000,,,,
Dedenne,2023-12,Cheek Pouch,89.301,Pickup,8.528,Plus,2.171
Monferno,2023-12,Iron Fist,60.812,Blaze,39.188,,
Chimecho,2023-12,Levitate,100.000,,,,
Spidops,2023-12,Stakeout,80.757,Insomnia,19.243,,
Sawsbuck,2023-12,Serene Grace,84.925,Sap Sipper,14.546,Chlorophyll,0.529
Tauros,2023-12,Sheer Force,95.536,Intimidate,4.464,Anger Point,0.000
Perrserker,2023-12,Tough Claws,87.379,Steely Spirit,9.941,Battle Armor,2.680
Magcargo,2023-12,Weak Armor,73.469,Flame Body,23.022,Magma Armor,3.509
Mabosstiff,2023-12,Stakeout,91.196,Guard Dog,7.589,Intimidate,1.215
Gogoat,2023-12,Sap Sipper,89.722,Grass Pelt,10.278,,
Krokorok,2023-12,Intimidate,67.878,Moxie,32.122,Anger Point,0.000
Flapple,2023-12,Hustle,76.096,Ripen,20.790,Gluttony,3.114
Duraludon,2023-12,Heavy Metal,60.175,Light Metal,39.103,Stalwart,0.723
Luxray,2023-12,Guts,92.599,Intimidate,7.365,Rivalry,0.036
Phione,2023-12,Hydration,100.000,,,,
Sandshrew,2023-12,Sand Rush,100.000,,,,
Ditto,2023-12,Imposter,98.465,Limber,1.535,,
Glimmet,2023-12,Toxic Debris,95.295,Corrosion,4.705,,
Rabsca,2023-12,Synchronize,100.000,Telepathy,0.000,,
Dartrix,2023-12,Long Reach,98.315,Overgrow,1.685,,
Porygon2,2023-12,Download,72.653,Trace,22.317,Analytic,5.030
Electrode,2023-12,Aftermath,57.811,Static,28.745,Soundproof,13.444
Fraxure,2023-12,Mold Breaker,99.905,Rivalry,0.070,Unnerve,0.024
Masquerain,2023-12,Intimidate,100.000,,,,
Ursaring,2023-12,Guts,99.105,Quick Feet,0.895,,
Eiscue,2023-12,Ice Face,100.000,,,,
Flareon,2023-12,Guts,55.615,Flash Fire,44.385,,
Persian,2023-12,Technician,72.142,Limber,27.644,Unnerve,0.213
Illumise,2023-12,Prankster,87.541,Tinted Lens,11.932,Oblivious,0.526
Gastly,2023-12,Levitate,100.000,,,,
Wartortle,2023-12,Torrent,95.370,Rain Dish,4.630,,
Slaking,2023-12,Truant,100.000,,,,
Beartic,2023-12,Slush Rush,62.617,Swift Swim,37.383,,
Magmar,2023-12,Flame Body,94.797,Vital Spirit,5.203,,
Vullaby,2023-12,Overcoat,96.733,Big Pecks,3.267,,
Pikachu,2023-12,Lightning Rod,80.777,Static,19.223,,
Rhydon,2023-12,Lightning Rod,92.005,Rock Head,5.646,Reckless,2.349
Wyrdeer,2023-12,Intimidate,79.425,Sap Sipper,20.574,Frisk,0.001
Dusclops,2023-12,Pressure,92.337,Frisk,7.663,,
Pawniard,2023-12,Defiant,100.000,,,,
Croconaw,2023-12,Sheer Force,99.999,Torrent,0.001,,
Pignite,2023-12,Thick Fat,100.000,,,,
Grumpig,2023-12,Thick Fat,91.479,Gluttony,8.521,,
Metang,2023-12,Clear Body,99.558,Light Metal,0.442,,
Crocalor,2023-12,Unaware,99.992,Blaze,0.008,,
Sudowoodo,2023-12,Sturdy,65.988,Rock Head,34.012,,
Carkol,2023-12,Flame Body,93.168,Steam Engine,5.160,Flash Fire,1.672
Wugtrio,2023-12,Gooey,95.375,Rattled,4.625,,
Lumineon,2023-12,Storm Drain,97.958,Water Veil,1.125,Swift Swim,0.917
Rotom-Fan,2023-12,Levitate,100.000,,,,
Ariados,2023-12,Sniper,55.319,Insomnia,23.172,Swarm,21.509
Fletchinder,2023-12,Flame Body,92.840,Gale Wings,7.160,,
Vulpix-Alola,2023-12,Snow Warning,100.000,,,,
Vulpix,2023-12,Drought,99.986,Flash Fire,0.014,,
Mightyena,2023-12,Moxie,98.844,Intimidate,0.579,Quick Feet,0.577
Hippopotas,2023-12,Sand Stream,100.000,,,,
Pachirisu,2023-12,Volt Absorb,92.098,Run Away,7.897,Pickup,0.004
Eelektrik,2023-12,Levitate,100.000,,,,
Munchlax,2023-12,Thick Fat,100.000,,,,
Kricketune,2023-12,Technician,84.688,Swarm,15.312,,
Tropius,2023-12,Harvest,99.717,Chlorophyll,0.283,Solar Power,0.000
Pincurchin,2023-12,Electric Surge,50.347,Lightning Rod,49.653,,
Jumpluff,2023-12,Infiltrator,87.719,Chlorophyll,12.268,Leaf Guard,0.013
Oranguru,2023-12,Inner Focus,99.884,Telepathy,0.116,Symbiosis,0.000
Dunsparce,2023-12,Serene Grace,61.967,Rattled,38.033,,
Seviper,2023-12,Shed Skin,54.121,Infiltrator,45.879,,
Hakamo-o,2023-12,Bulletproof,89.819,Soundproof,7.431,Overcoat,2.750
Calyrex,2023-12,Unnerve,100.000,,,,
Gumshoos,2023-12,Adaptability,82.104,Stakeout,16.543,Strong Jaw,1.352
Girafarig,2023-12,Sap Sipper,92.381,Early Bird,7.619,Inner Focus,0.000
Pupitar,2023-12,Shed Skin,100.000,,,,
Wigglytuff,2023-12,Competitive,91.260,Cute Charm,4.908,Frisk,3.832
Delibird,2023-12,Vital Spirit,57.082,Hustle,33.288,Insomnia,9.630
Voltorb-Hisui,2023-12,Aftermath,99.986,Static,0.011,Soundproof,0.004
Drakloak,2023-12,Clear Body,86.782,Infiltrator,11.758,Cursed Body,1.461
Murkrow,2023-12,Super Luck,52.617,Prankster,47.383,Insomnia,0.000
Toedscool,2023-12,Mycelium Might,100.000,,,,
Hypno,2023-12,Insomnia,54.724,Forewarn,29.298,Inner Focus,15.978
Gloom,2023-12,Stench,91.464,Chlorophyll,8.536,,
Graveler-Alola,2023-12,Magnet Pull,88.118,Galvanize,8.419,Sturdy,3.462
Dragonair,2023-12,Shed Skin,79.944,Marvel Scale,20.056,,
Gothitelle,2023-12,Competitive,100.000,Frisk,0.000,,
Greedent,2023-12,Cheek Pouch,99.855,Gluttony,0.145,,
Sandygast,2023-12,Water Compaction,100.000,,,,
Glalie,2023-12,Inner Focus,61.370,Ice Body,38.630,,
Prinplup,2023-12,Torrent,60.095,Competitive,39.905,,
Clefairy,2023-12,Magic Guard,100.000,Cute Charm,0.000,Friend Guard,0.000
Grotle,2023-12,Shell Armor,86.346,Overgrow,13.654,,
Morgrem,2023-12,Prankster,100.000,Pickpocket,0.000,,
Zorua-Hisui,2023-12,Illusion,100.000,,,,
Tentacool,2023-12,Liquid Ooze,99.734,Clear Body,0.266,,
Cutiefly,2023-12,Shield Dust,99.620,Honey Gather,0.380,Sweet Veil,0.000
Shroodle,2023-12,Unburden,64.266,Prankster,35.734,,
Ivysaur,2023-12,Overgrow,61.367,Chlorophyll,38.633,,
Cosmoem,2023-12,Sturdy,100.000,,,,
Minccino,2023-12,Technician,91.398,Skill Link,8.602,,
Nuzleaf,2023-12,Pickpocket,99.780,Early Bird,0.147,Chlorophyll,0.073
Lampent,2023-12,Flash Fire,95.780,Flame Body,3.430,Infiltrator,0.791
Stantler,2023-12,Intimidate,99.615,Sap Sipper,0.250,Frisk,0.135
Vigoroth,2023-12,Vital Spirit,100.000,,,,
Marshtomp,2023-12,Torrent,94.603,Damp,5.397,,
Yanma,2023-12,Speed Boost,90.092,Compound Eyes,9.908,,
Mienfoo,2023-12,Regenerator,100.000,,,,
Trumbeak,2023-12,Skill Link,100.000,,,,
Scraggy,2023-12,Moxie,48.731,Intimidate,26.544,Shed Skin,24.725
Floragato,2023-12,Protean,100.000,,,,
Torracat,2023-12,Intimidate,82.336,Blaze,17.664,,
Tandemaus,2023-12,Own Tempo,100.000,,,,
Staravia,2023-12,Reckless,99.992,Intimidate,0.008,,
Mudbray,2023-12,Stamina,100.000,,,,
Graveler,2023-12,Sturdy,100.000,,,,
Snover,2023-12,Snow Warning,100.000,,,,
Kubfu,2023-12,Inner Focus,100.000,,,,
Vibrava,2023-12,Levitate,100.000,,,,
Oinkologne-F,2023-12,Thick Fat,81.179,Aroma Veil,18.816,Gluttony,0.004
Weepinbell,2023-12,Chlorophyll,100.000,,,,
Growlithe-Hisui,2023-12,Rock Head,100.000,,,,
Oinkologne,2023-12,Thick Fat,89.673,Lingering Aroma,10.327,Gluttony,0.000
Swadloon,2023-12,Overcoat,100.000,Leaf Guard,0.000,,
Drizzile,2023-12,Sniper,99.456,Torrent,0.544,,
Nosepass,2023-12,Sturdy,63.714,Magnet Pull,36.108,Sand Force,0.178
Mareanie,2023-12,Regenerator,97.833,Merciless,2.167,,
Quilladin,2023-12,Overgrow,54.464,Bulletproof,45.536,,
Diglett-Alola,2023-12,Tangling Hair,100.000,,,,
Charmeleon,2023-12,Blaze,69.219,Solar Power,30.781,,
Charjabug,2023-12,Battery,100.000,,,,
Grookey,2023-12,Grassy Surge,100.000,,,,
Arctibax,2023-12,Thermal Exchange,99.663,Ice Body,0.337,,
Steenee,2023-12,Leaf Guard,71.424,Sweet Veil,21.937,Oblivious,6.639
Shellder,2023-12,Skill Link,100.000,,,,
Drilbur,2023-12,Mold Breaker,77.573,Sand Rush,22.427,,
Grovyle,2023-12,Unburden,100.000,,,,
Poliwhirl,2023-12,Water Absorb,74.379,Damp,23.003,Swift Swim,2.617
Seel,2023-12,Thick Fat,100.000,,,,
Corvisquire,2023-12,Unnerve,81.210,Big Pecks,11.667,Keen Eye,7.123
Zweilous,2023-12,Hustle,100.000,,,,
Drifloon,2023-12,Aftermath,100.000,,,,
Kirlia,2023-12,Trace,99.601,Synchronize,0.399,,
Sinistea,2023-12,Weak Armor,100.000,,,,
Brionne,2023-12,Liquid Voice,53.724,Torrent,46.276,,
Sunflora,2023-12,Chlorophyll,59.908,Early Bird,38.253,Solar Power,1.839
Seadra,2023-12,Sniper,99.560,Poison Point,0.440,,
Sliggoo,2023-12,Sap Sipper,99.311,Gooey,0.689,Hydration,0.000
Marill,2023-12,Huge Power,100.000,Thick Fat,0.000,,
Diglett,2023-12,Sand Force,100.000,,,,
Quilava,2023-12,Flash Fire,81.229,Blaze,18.771,,
Cranidos,2023-12,Sheer Force,96.694,Mold Breaker,3.306,,
Bayleef,2023-12,Overgrow,100.000,,,,
Bronzor,2023-12,Levitate,100.000,,,,
Luvdisc,2023-12,Hydration,77.306,Swift Swim,22.694,,
Dewott,2023-12,Torrent,50.813,Shell Armor,49.187,,
Koffing,2023-12,Levitate,100.000,,,,
Slowpoke,2023-12,Regenerator,100.000,,,,
Pineco,2023-12,Sturdy,100.000,,,,
Aipom,2023-12,Skill Link,99.999,Pickup,0.001,,
Bramblin,2023-12,Wind Rider,97.757,Infiltrator,2.243,,
Finizen,2023-12,Water Veil,100.000,,,,
Tauros-Paldea-Combat,2024-01,Intimidate,95.546,Cud Chew,4.415,Anger Point,0.040
Houndoom,2024-01,Flash Fire,98.110,Early Bird,1.656,Unnerve,0.235
Sneasel,2024-01,Inner Focus,95.302,Pickpocket,4.548,Keen Eye,0.149
Haunter,2024-01,Levitate,100.000,,,,
Whiscash,2024-01,Oblivious,99.522,Anticipation,0.384,Hydration,0.094
Swalot,2024-01,Sticky Hold,98.075,Liquid Ooze,1.622,Gluttony,0.304
Quaxwell,2024-01,Moxie,72.768,Torrent,27.232,,
Honchkrow,2024-01,Moxie,81.130,Super Luck,18.046,Insomnia,0.824
Servine,2024-01,Contrary,99.568,Overgrow,0.432,,
Carbink,2024-01,Sturdy,78.754,Clear Body,21.246,,
Indeedee-F,2024-01,Psychic Surge,96.325,Synchronize,2.826,Own Tempo,0.849
Tinkatuff,2024-01,Mold Breaker,83.945,Pickpocket,15.963,Own Tempo,0.091
Combusken,2024-01,Speed Boost,99.942,Blaze,0.058,,
Sableye,2024-01,Prankster,99.979,Keen Eye,0.020,Stall,0.002
Misdreavus,2024-01,Levitate,100.000,,,,
Golduck,2024-01,Cloud Nine,57.202,Swift Swim,41.220,Damp,1.578
Thwackey,2024-01,Grassy Surge,97.978,Overgrow,2.022,,
Hattrem,2024-01,Magic Bounce,97.573,Healer,2.427,,
Naclstack,2024-01,Purifying Salt,99.922,Sturdy,0.074,Clear Body,0.004
Leafeon,2024-01,Chlorophyll,93.314,Leaf Guard,6.686,,
Ampharos,2024-01,Static,99.482,Plus,0.518,,
Electabuzz,2024-01,Static,96.478,Vital Spirit,3.522,,
Dugtrio-Alola,2024-01,Tangling Hair,97.576,Sand Force,2.424,,
Golem,2024-01,Sturdy,94.822,Rock Head,5.178,,
Frogadier,2024-01,Protean,83.069,Torrent,16.931,,
Squawkabilly,2024-01,Guts,92.380,Hustle,3.932,Intimidate,3.619
Volbeat,2024-01,Prankster,98.630,Illuminate,1.095,Swarm,0.275
Dugtrio,2024-01,Sand Force,100.000,,,,
Noctowl,2024-01,Tinted Lens,97.170,Insomnia,2.830,Keen Eye,0.000
Beartic,2024-01,Swift Swim,61.322,Slush Rush,38.678,,
Golem-Alola,2024-01,Galvanize,85.144,Sturdy,9.463,Magnet Pull,5.392
Klawf,2024-01,Regenerator,88.040,Anger Shell,11.959,Shell Armor,0.000
Scovillain,2024-01,Chlorophyll,99.911,Insomnia,0.089,,
Vullaby,2024-01,Overcoat,64.974,Big Pecks,29.158,Weak Armor,5.868
Eelektrik,2024-01,Levitate,100.000,,,,
Arbok,2024-01,Intimidate,77.371,Shed Skin,22.629,,
Ludicolo,2024-01,Swift Swim,95.256,Own Tempo,4.071,Rain Dish,0.673
Dachsbun,2024-01,Well-Baked Body,93.219,Aroma Veil,6.781,,
Duosion,2024-01,Regenerator,50.465,Magic Guard,49.533,Overcoat,0.002
Furret,2024-01,Frisk,86.522,Keen Eye,13.032,Run Away,0.447
Chimecho,2024-01,Levitate,100.000,,,,
Dedenne,2024-01,Cheek Pouch,98.491,Pickup,1.509,,
Gloom,2024-01,Stench,74.232,Chlorophyll,25.768,,
Vespiquen,2024-01,Pressure,98.670,Unnerve,1.330,,
Fraxure,2024-01,Mold Breaker,92.977,Rivalry,7.023,Unnerve,0.000
Trevenant,2024-01,Natural Cure,65.495,Harvest,34.080,Frisk,0.425
Victreebel,2024-01,Chlorophyll,91.944,Gluttony,8.056,,
Vulpix,2024-01,Drought,99.242,Flash Fire,0.758,,
Spidops,2024-01,Stakeout,76.858,Insomnia,23.142,,
Sandshrew,2024-01,Sand Rush,100.000,,,,
Ditto,2024-01,Imposter,99.163,Limber,0.837,,
Gabite,2024-01,Rough Skin,100.000,,,,
Leavanny,2024-01,Swarm,76.685,Chlorophyll,14.234,Overcoat,9.080
Wartortle,2024-01,Torrent,96.803,Rain Dish,3.197,,
Raboot,2024-01,Libero,95.836,Blaze,4.164,,
Cacturne,2024-01,Water Absorb,100.000,,,,
Dusknoir,2024-01,Pressure,53.088,Frisk,46.912,,
Camerupt,2024-01,Solid Rock,99.772,Magma Armor,0.228,Anger Point,0.000
Rabsca,2024-01,Synchronize,100.000,Telepathy,0.000,,
Crocalor,2024-01,Unaware,93.463,Blaze,6.537,,
Monferno,2024-01,Iron Fist,80.524,Blaze,19.476,,
Sawsbuck,2024-01,Serene Grace,79.958,Chlorophyll,10.412,Sap Sipper,9.630
Persian,2024-01,Technician,97.304,Limber,2.588,Unnerve,0.107
Stonjourner,2024-01,Power Spot,100.000,,,,
Jumpluff,2024-01,Infiltrator,85.405,Chlorophyll,14.595,,
Flapple,2024-01,Hustle,43.111,Ripen,31.537,Gluttony,25.353
Sliggoo-Hisui,2024-01,Sap Sipper,58.724,Shell Armor,37.337,Gooey,3.939
Illumise,2024-01,Prankster,83.288,Tinted Lens,15.464,Oblivious,1.248
Glimmet,2024-01,Toxic Debris,92.203,Corrosion,7.797,,
Eiscue,2024-01,Ice Face,100.000,,,,
Phione,2024-01,Hydration,100.000,,,,
Wugtrio,2024-01,Gooey,94.859,Rattled,5.141,,
Slaking,2024-01,Truant,100.000,,,,
Grimer-Alola,2024-01,Poison Touch,100.000,,,,
Fletchinder,2024-01,Flame Body,88.840,Gale Wings,11.160,,
Luxray,2024-01,Guts,71.737,Intimidate,28.192,Rivalry,0.071
Banette,2024-01,Frisk,48.604,Cursed Body,30.488,Insomnia,20.908
Vulpix-Alola,2024-01,Snow Warning,100.000,,,,
Magcargo,2024-01,Weak Armor,83.981,Flame Body,15.907,Magma Armor,0.112
Dragonair,2024-01,Shed Skin,88.375,Marvel Scale,11.625,,
Tropius,2024-01,Harvest,93.844,Chlorophyll,6.120,Solar Power,0.037
Dusclops,2024-01,Pressure,77.335,Frisk,22.665,,
Magmar,2024-01,Flame Body,83.133,Vital Spirit,16.867,,
Krokorok,2024-01,Intimidate,55.024,Moxie,44.976,,
Hakamo-o,2024-01,Bulletproof,96.871,Soundproof,3.129,,
Drizzile,2024-01,Torrent,100.000,Sniper,0.000,,
Gogoat,2024-01,Sap Sipper,98.284,Grass Pelt,1.716,,
Ariados,2024-01,Sniper,58.813,Swarm,32.254,Insomnia,8.933
Glalie,2024-01,Inner Focus,99.643,Ice Body,0.357,,
Porygon,2024-01,Download,45.706,Trace,38.909,Analytic,15.385
Calyrex,2024-01,Unnerve,100.000,,,,
Sandygast,2024-01,Water Compaction,100.000,,,,
Lumineon,2024-01,Storm Drain,83.307,Swift Swim,16.693,,
Grumpig,2024-01,Thick Fat,96.129,Gluttony,3.871,Own Tempo,0.000
Snover,2024-01,Snow Warning,100.000,,,,
Carkol,2024-01,Flame Body,81.448,Steam Engine,12.537,Flash Fire,6.015
Quilladin,2024-01,Bulletproof,100.000,Overgrow,0.000,,
Clefairy,2024-01,Magic Guard,95.791,Cute Charm,4.209,,
Pignite,2024-01,Thick Fat,79.803,Blaze,20.197,,
Pachirisu,2024-01,Volt Absorb,100.000,Pickup,0.000,,
Hypno,2024-01,Insomnia,91.446,Inner Focus,7.560,Forewarn,0.994
Flareon,2024-01,Guts,82.620,Flash Fire,17.380,,
Pincurchin,2024-01,Electric Surge,65.283,Lightning Rod,34.717,,
Scraggy,2024-01,Shed Skin,93.575,Intimidate,6.396,Moxie,0.028
Metang,2024-01,Clear Body,100.000,,,,
Gothitelle,2024-01,Competitive,87.907,Frisk,12.093,,
Delibird,2024-01,Insomnia,72.938,Hustle,14.216,Vital Spirit,12.846
Pikachu,2024-01,Lightning Rod,91.437,Static,8.563,,
Kricketune,2024-01,Technician,81.396,Swarm,18.604,,
Seviper,2024-01,Shed Skin,88.987,Infiltrator,11.013,,
Sinistea,2024-01,Weak Armor,98.759,Cursed Body,1.241,,
Croconaw,2024-01,Sheer Force,99.955,Torrent,0.045,,
Pawniard,2024-01,Defiant,100.000,,,,
Girafarig,2024-01,Sap Sipper,89.478,Early Bird,10.522,Inner Focus,0.000
Oranguru,2024-01,Inner Focus,100.000,Symbiosis,0.000,Telepathy,0.000
Greedent,2024-01,Cheek Pouch,99.999,Gluttony,0.001,,
Sudowoodo,2024-01,Rock Head,86.933,Sturdy,13.067,,
Pupitar,2024-01,Shed Skin,100.000,,,,
Morgrem,2024-01,Prankster,100.000,,,,
Wigglytuff,2024-01,Competitive,58.462,Cute Charm,39.623,Frisk,1.914
Gumshoos,2024-01,Adaptability,75.367,Stakeout,19.331,Strong Jaw,5.303
Flittle,2024-01,Speed Boost,99.973,Frisk,0.027,,
Sunflora,2024-01,Chlorophyll,71.679,Solar Power,28.321,Early Bird,0.000
Grovyle,2024-01,Unburden,81.076,Overgrow,18.924,,
Hippopotas,2024-01,Sand Stream,100.000,Sand Force,0.000,,
Zorua-Hisui,2024-01,Illusion,100.000,,,,
Dartrix,2024-01,Long Reach,95.344,Overgrow,4.656,,
Lampent,2024-01,Infiltrator,76.195,Flash Fire,23.805,,
Duskull,2024-01,Levitate,100.000,,,,
Drakloak,2024-01,Clear Body,50.876,Infiltrator,49.050,Cursed Body,0.074
Corphish,2024-01,Adaptability,100.000,,,,
Mareanie,2024-01,Regenerator,100.000,,,,
Dunsparce,2024-01,Serene Grace,93.047,Rattled,6.953,,
Toedscool,2024-01,Mycelium Might,100.000,,,,
Vigoroth,2024-01,Vital Spirit,100.000,,,,
Floragato,2024-01,Protean,99.418,Overgrow,0.582,,
Cosmoem,2024-01,Sturdy,100.000,,,,
Skrelp,2024-01,Adaptability,100.000,,,,
Tentacool,2024-01,Clear Body,100.000,Liquid Ooze,0.000,,
Murkrow,2024-01,Prankster,100.000,Insomnia,0.000,,
Mightyena,2024-01,Moxie,66.646,Intimidate,33.354,Quick Feet,0.000
Gastly,2024-01,Levitate,100.000,,,,
Cutiefly,2024-01,Shield Dust,73.917,Honey Gather,26.006,Sweet Veil,0.077
Charjabug,2024-01,Battery,100.000,,,,
Chinchou,2024-01,Volt Absorb,100.000,,,,
Salandit,2024-01,Corrosion,100.000,,,,
Bramblin,2024-01,Wind Rider,100.000,,,,
Nuzleaf,2024-01,Pickpocket,87.600,Chlorophyll,12.400,,
Brionne,2024-01,Torrent,100.000,Liquid Voice,0.000,,
Nosepass,2024-01,Sturdy,81.638,Magnet Pull,18.362,,
Grotle,2024-01,Shell Armor,75.570,Overgrow,24.430,,
Hatenna,2024-01,Magic Bounce,100.000,,,,
Oinkologne-F,2024-01,Thick Fat,96.167,Aroma Veil,3.833,,
Voltorb-Hisui,2024-01,Aftermath,100.000,Soundproof,0.000,,
Arctibax,2024-01,Thermal Exchange,100.000,,,,
Ivysaur,2024-01,Overgrow,68.980,Chlorophyll,31.020,,
Prinplup,2024-01,Competitive,99.865,Torrent,0.135,,
Steenee,2024-01,Oblivious,92.657,Leaf Guard,7.343,,
Charmeleon,2024-01,Solar Power,100.000,,,,
Bayleef,2024-01,Overgrow,99.918,Leaf Guard,0.082,,
Minccino,2024-01,Technician,100.000,Skill Link,0.000,,
Dewott,2024-01,Shell Armor,100.000,,,,
Mareep,2024-01,Static,100.000,,,,
Shelgon,2024-01,Rock Head,85.261,Overcoat,14.739,,
Seadra,2024-01,Sniper,64.941,Poison Point,35.059,,
Graveler-Alola,2024-01,Magnet Pull,93.996,Galvanize,6.004,Sturdy,0.001
Munchlax,2024-01,Thick Fat,100.000,,,,
Mienfoo,2024-01,Regenerator,100.000,,,,
Riolu,2024-01,Prankster,100.000,Inner Focus,0.000,,
Cranidos,2024-01,Mold Breaker,87.117,Sheer Force,12.883,,
Yanma,2024-01,Speed Boost,98.398,Compound Eyes,1.602,,
Golett,2024-01,No Guard,100.000,,,,
Litwick,2024-01,Flame Body,100.000,,,,
Cacnea,2024-01,Water Absorb,100.000,,,,
Oinkologne,2024-01,Thick Fat,96.367,Lingering Aroma,3.633,,
Stantler,2024-01,Sap Sipper,65.063,Intimidate,34.937,,
Trumbeak,2024-01,Skill Link,100.000,Keen Eye,0.000,,
Kubfu,2024-01,Inner Focus,100.000,,,,