name,snapshot,item1,usage1,item2,usage2,item3,usage3,item4,usage4,item5,usage5,item6,usage6,item7,usage7,item8,usage8,item9,usage9,item10,usage10,item11,usage11,item12,usage12,item13,usage13,item14,usage14,item15,usage15,item16,usage16,item17,usage17,item18,usage18,item19,usage19,item20,usage20,item21,usage21
Snorlax,2022-11,Nothing,100.000,,,,,,,,,,,,,,,,,,,,,,,,,,,,,,,,,,,,,,,,
Chansey,2022-11,Nothing,100.000,,,,,,,,,,,,,,,,,,,,,,,,,,,,,,,,,,,,,,,,
Tauros,2022-11,Nothing,100.000,,,,,,,,,,,,,,,,,,,,,,,,,,,,,,,,,,,,,,,,
Exeggutor,2022-11,Nothing,100.000,,,,,,,,,,,,,,,,,,,,,,,,,,,,,,,,,,,,,,,,
Alakazam,2022-11,Nothing,100.000,,,,,,,,,,,,,,,,,,,,,,,,,,,,,,,,,,,,,,,,
Starmie,2022-11,Nothing,100.000,,,,,,,,,,,,,,,,,,,,,,,,,,,,,,,,,,,,,,,,
Gengar,2022-11,Nothing,100.000,,,,,,,,,,,,,,,,,,,,,,,,,,,,,,,,,,,,,,,,
Cloyster,2022-11,Nothing,100.000,,,,,,,,,,,,,,,,,,,,,,,,,,,,,,,,,,,,,,,,
Rhydon,2022-11,Nothing,100.000,,,,,,,,,,,,,,,,,,,,,,,,,,,,,,,,,,,,,,,,
Jynx,2022-11,Nothing,100.000,,,,,,,,,,,,,,,,,,,,,,,,,,,,,,,,,,,,,,,,
Slowbro,2022-11,Nothing,100.000,,,,,,,,,,,,,,,,,,,,,,,,,,,,,,,,,,,,,,,,
Zapdos,2022-11,Nothing,100.000,,,,,,,,,,,,,,,,,,,,,,,,,,,,,,,,,,,,,,,,
Jolteon,2022-11,Nothing,100.000,,,,,,,,,,,,,,,,,,,,,,,,,,,,,,,,,,,,,,,,
Articuno,2022-11,Nothing,100.000,,,,,,,,,,,,,,,,,,,,,,,,,,,,,,,,,,,,,,,,
Golem,2022-11,Nothing,100.000,,,,,,,,,,,,,,,,,,,,,,,,,,,,,,,,,,,,,,,,
Lapras,2022-11,Nothing,100.000,,,,,,,,,,,,,,,,,,,,,,,,,,,,,,,,,,,,,,,,
Dragonite,2022-11,Nothing,100.000,,,,,,,,,,,,,,,,,,,,,,,,,,,,,,,,,,,,,,,,
Moltres,2022-11,Nothing,100.000,,,,,,,,,,,,,,,,,,,,,,,,,,,,,,,,,,,,,,,,
Persian,2022-11,Nothing,100.000,,,,,,,,,,,,,,,,,,,,,,,,,,,,,,,,,,,,,,,,
Victreebel,2022-11,Nothing,100.000,,,,,,,,,,,,,,,,,,,,,,,,,,,,,,,,,,,,,,,,
Aerodactyl,2022-11,Nothing,100.000,,,,,,,,,,,,,,,,,,,,,,,,,,,,,,,,,,,,,,,,
Electrode,2022-11,Nothing,100.000,,,,,,,,,,,,,,,,,,,,,,,,,,,,,,,,,,,,,,,,
Flareon,2022-11,Nothing,100.000,,,,,,,,,,,,,,,,,,,,,,,,,,,,,,,,,,,,,,,,
Porygon,2022-11,Nothing,100.000,,,,,,,,,,,,,,,,,,,,,,,,,,,,,,,,,,,,,,,,
Hypno,2022-11,Nothing,100.000,,,,,,,,,,,,,,,,,,,,,,,,,,,,,,,,,,,,,,,,
Kabutops,2022-11,Nothing,100.000,,,,,,,,,,,,,,,,,,,,,,,,,,,,,,,,,,,,,,,,
Kingler,2022-11,Nothing,100.000,,,,,,,,,,,,,,,,,,,,,,,,,,,,,,,,,,,,,,,,
Gyarados,2022-11,Nothing,100.000,,,,,,,,,,,,,,,,,,,,,,,,,,,,,,,,,,,,,,,,
Sandslash,2022-11,Nothing,100.000,,,,,,,,,,,,,,,,,,,,,,,,,,,,,,,,,,,,,,,,
Arcanine,2022-11,Nothing,100.000,,,,,,,,,,,,,,,,,,,,,,,,,,,,,,,,,,,,,,,,
Clefable,2022-11,Nothing,100.000,,,,,,,,,,,,,,,,,,,,,,,,,,,,,,,,,,,,,,,,
Ninetales,2022-11,Nothing,100.000,,,,,,,,,,,,,,,,,,,,,,,,,,,,,,,,,,,,,,,,
Pinsir,2022-11,Nothing,100.000,,,,,,,,,,,,,,,,,,,,,,,,,,,,,,,,,,,,,,,,
Machamp,2022-11,Nothing,100.000,,,,,,,,,,,,,,,,,,,,,,,,,,,,,,,,,,,,,,,,
Raichu,2022-11,Nothing,100.000,,,,,,,,,,,,,,,,,,,,,,,,,,,,,,,,,,,,,,,,
Venusaur,2022-11,Nothing,100.000,,,,,,,,,,,,,,,,,,,,,,,,,,,,,,,,,,,,,,,,
Charizard,2022-11,Nothing,100.000,,,,,,,,,,,,,,,,,,,,,,,,,,,,,,,,,,,,,,,,
Poliwrath,2022-11,Nothing,100.000,,,,,,,,,,,,,,,,,,,,,,,,,,,,,,,,,,,,,,,,
Dodrio,2022-11,Nothing,100.000,,,,,,,,,,,,,,,,,,,,,,,,,,,,,,,,,,,,,,,,
Raticate,2022-11,Nothing,100.000,,,,,,,,,,,,,,,,,,,,,,,,,,,,,,,,,,,,,,,,
Arbok,2022-11,Nothing,100.000,,,,,,,,,,,,,,,,,,,,,,,,,,,,,,,,,,,,,,,,
Seaking,2022-11,Nothing,100.000,,,,,,,,,,,,,,,,,,,,,,,,,,,,,,,,,,,,,,,,
Tangela,2022-11,Nothing,100.000,,,,,,,,,,,,,,,,,,,,,,,,,,,,,,,,,,,,,,,,
Parasect,2022-11,Nothing,100.000,,,,,,,,,,,,,,,,,,,,,,,,,,,,,,,,,,,,,,,,
Vaporeon,2022-11,Nothing,100.000,,,,,,,,,,,,,,,,,,,,,,,,,,,,,,,,,,,,,,,,
Kangaskhan,2022-11,Nothing,100.000,,,,,,,,,,,,,,,,,,,,,,,,,,,,,,,,,,,,,,,,
Nidoking,2022-11,Nothing,100.000,,,,,,,,,,,,,,,,,,,,,,,,,,,,,,,,,,,,,,,,
Primeape,2022-11,Nothing,100.000,,,,,,,,,,,,,,,,,,,,,,,,,,,,,,,,,,,,,,,,
Beedrill,2022-11,Nothing,100.000,,,,,,,,,,,,,,,,,,,,,,,,,,,,,,,,,,,,,,,,
Scyther,2022-11,Nothing,100.000,,,,,,,,,,,,,,,,,,,,,,,,,,,,,,,,,,,,,,,,
Weezing,2022-11,Nothing,100.000,,,,,,,,,,,,,,,,,,,,,,,,,,,,,,,,,,,,,,,,
Rapidash,2022-11,Nothing,100.000,,,,,,,,,,,,,,,,,,,,,,,,,,,,,,,,,,,,,,,,
Nidoqueen,2022-11,Nothing,100.000,,,,,,,,,,,,,,,,,,,,,,,,,,,,,,,,,,,,,,,,
Pidgeot,2022-11,Nothing,100.000,,,,,,,,,,,,,,,,,,,,,,,,,,,,,,,,,,,,,,,,
Vileplume,2022-11,Nothing,100.000,,,,,,,,,,,,,,,,,,,,,,,,,,,,,,,,,,,,,,,,
Kadabra,2022-11,Nothing,100.000,,,,,,,,,,,,,,,,,,,,,,,,,,,,,,,,,,,,,,,,
Hitmonchan,2022-11,Nothing,100.000,,,,,,,,,,,,,,,,,,,,,,,,,,,,,,,,,,,,,,,,
Tentacruel,2022-11,Nothing,100.000,,,,,,,,,,,,,,,,,,,,,,,,,,,,,,,,,,,,,,,,
Muk,2022-11,Nothing,100.000,,,,,,,,,,,,,,,,,,,,,,,,,,,,,,,,,,,,,,,,
Tauros,2022-12,Nothing,100.000,,,,,,,,,,,,,,,,,,,,,,,,,,,,,,,,,,,,,,,,
Chansey,2022-12,Nothing,100.000,,,,,,,,,,,,,,,,,,,,,,,,,,,,,,,,,,,,,,,,
Snorlax,2022-12,Nothing,100.000,,,,,,,,,,,,,,,,,,,,,,,,,,,,,,,,,,,,,,,,
Starmie,2022-12,Nothing,100.000,,,,,,,,,,,,,,,,,,,,,,,,,,,,,,,,,,,,,,,,
Exeggutor,2022-12,Nothing,100.000,,,,,,,,,,,,,,,,,,,,,,,,,,,,,,,,,,,,,,,,
Alakazam,2022-12,Nothing,100.000,,,,,,,,,,,,,,,,,,,,,,,,,,,,,,,,,,,,,,,,
Rhydon,2022-12,Nothing,100.000,,,,,,,,,,,,,,,,,,,,,,,,,,,,,,,,,,,,,,,,
Cloyster,2022-12,Nothing,100.000,,,,,,,,,,,,,,,,,,,,,,,,,,,,,,,,,,,,,,,,
Zapdos,2022-12,Nothing,100.000,,,,,,,,,,,,,,,,,,,,,,,,,,,,,,,,,,,,,,,,
Jynx,2022-12,Nothing,100.000,,,,,,,,,,,,,,,,,,,,,,,,,,,,,,,,,,,,,,,,
Gengar,2022-12,Nothing,100.000,,,,,,,,,,,,,,,,,,,,,,,,,,,,,,,,,,,,,,,,
Jolteon,2022-12,Nothing,100.000,,,,,,,,,,,,,,,,,,,,,,,,,,,,,,,,,,,,,,,,
Articuno,2022-12,Nothing,100.000,,,,,,,,,,,,,,,,,,,,,,,,,,,,,,,,,,,,,,,,
Persian,2022-12,Nothing,100.000,,,,,,,,,,,,,,,,,,,,,,,,,,,,,,,,,,,,,,,,
Moltres,2022-12,Nothing,100.000,,,,,,,,,,,,,,,,,,,,,,,,,,,,,,,,,,,,,,,,
Slowbro,2022-12,Nothing,100.000,,,,,,,,,,,,,,,,,,,,,,,,,,,,,,,,,,,,,,,,
Victreebel,2022-12,Nothing,100.000,,,,,,,,,,,,,,,,,,,,,,,,,,,,,,,,,,,,,,,,
Golem,2022-12,Nothing,100.000,,,,,,,,,,,,,,,,,,,,,,,,,,,,,,,,,,,,,,,,
Arcanine,2022-12,Nothing,100.000,,,,,,,,,,,,,,,,,,,,,,,,,,,,,,,,,,,,,,,,
Dragonite,2022-12,Nothing,100.000,,,,,,,,,,,,,,,,,,,,,,,,,,,,,,,,,,,,,,,,
Kangaskhan,2022-12,Nothing,100.000,,,,,,,,,,,,,,,,,,,,,,,,,,,,,,,,,,,,,,,,
Onix,2022-12,Nothing,100.000,,,,,,,,,,,,,,,,,,,,,,,,,,,,,,,,,,,,,,,,
Raichu,2022-12,Nothing,100.000,,,,,,,,,,,,,,,,,,,,,,,,,,,,,,,,,,,,,,,,
Kingler,2022-12,Nothing,100.000,,,,,,,,,,,,,,,,,,,,,,,,,,,,,,,,,,,,,,,,
Flareon,2022-12,Nothing,100.000,,,,,,,,,,,,,,,,,,,,,,,,,,,,,,,,,,,,,,,,
Tangela,2022-12,Nothing,100.000,,,,,,,,,,,,,,,,,,,,,,,,,,,,,,,,,,,,,,,,
Arbok,2022-12,Nothing,100.000,,,,,,,,,,,,,,,,,,,,,,,,,,,,,,,,,,,,,,,,
Dragonair,2022-12,Nothing,100.000,,,,,,,,,,,,,,,,,,,,,,,,,,,,,,,,,,,,,,,,
Porygon,2022-12,Nothing,100.000,,,,,,,,,,,,,,,,,,,,,,,,,,,,,,,,,,,,,,,,
Dugtrio,2022-12,Nothing,100.000,,,,,,,,,,,,,,,,,,,,,,,,,,,,,,,,,,,,,,,,
Raticate,2022-12,Nothing,100.000,,,,,,,,,,,,,,,,,,,,,,,,,,,,,,,,,,,,,,,,
Kabutops,2022-12,Nothing,100.000,,,,,,,,,,,,,,,,,,,,,,,,,,,,,,,,,,,,,,,,
Charizard,2022-12,Nothing,100.000,,,,,,,,,,,,,,,,,,,,,,,,,,,,,,,,,,,,,,,,
Gyarados,2022-12,Nothing,100.000,,,,,,,,,,,,,,,,,,,,,,,,,,,,,,,,,,,,,,,,
Aerodactyl,2022-12,Nothing,100.000,,,,,,,,,,,,,,,,,,,,,,,,,,,,,,,,,,,,,,,,
Electrode,2022-12,Nothing,100.000,,,,,,,,,,,,,,,,,,,,,,,,,,,,,,,,,,,,,,,,
Sandslash,2022-12,Nothing,100.000,,,,,,,,,,,,,,,,,,,,,,,,,,,,,,,,,,,,,,,,
Lapras,2022-12,Nothing,100.000,,,,,,,,,,,,,,,,,,,,,,,,,,,,,,,,,,,,,,,,
Dodrio,2022-12,Nothing,100.000,,,,,,,,,,,,,,,,,,,,,,,,,,,,,,,,,,,,,,,,
Blastoise,2022-12,Nothing,100.000,,,,,,,,,,,,,,,,,,,,,,,,,,,,,,,,,,,,,,,,
Venusaur,2022-12,Nothing,100.000,,,,,,,,,,,,,,,,,,,,,,,,,,,,,,,,,,,,,,,,
Pikachu,2022-12,Nothing,100.000,,,,,,,,,,,,,,,,,,,,,,,,,,,,,,,,,,,,,,,,
Magmar,2022-12,Nothing,100.000,,,,,,,,,,,,,,,,,,,,,,,,,,,,,,,,,,,,,,,,
Nidoking,2022-12,Nothing,100.000,,,,,,,,,,,,,,,,,,,,,,,,,,,,,,,,,,,,,,,,
Ditto,2022-12,Nothing,100.000,,,,,,,,,,,,,,,,,,,,,,,,,,,,,,,,,,,,,,,,
Pidgeot,2022-12,Nothing,100.000,,,,,,,,,,,,,,,,,,,,,,,,,,,,,,,,,,,,,,,,
Fearow,2022-12,Nothing,100.000,,,,,,,,,,,,,,,,,,,,,,,,,,,,,,,,,,,,,,,,
Dewgong,2022-12,Nothing,100.000,,,,,,,,,,,,,,,,,,,,,,,,,,,,,,,,,,,,,,,,
Tauros,2023-01,Nothing,100.000,,,,,,,,,,,,,,,,,,,,,,,,,,,,,,,,,,,,,,,,
Chansey,2023-01,Nothing,100.000,,,,,,,,,,,,,,,,,,,,,,,,,,,,,,,,,,,,,,,,
Snorlax,2023-01,Nothing,100.000,,,,,,,,,,,,,,,,,,,,,,,,,,,,,,,,,,,,,,,,
Starmie,2023-01,Nothing,100.000,,,,,,,,,,,,,,,,,,,,,,,,,,,,,,,,,,,,,,,,
Exeggutor,2023-01,Nothing,100.000,,,,,,,,,,,,,,,,,,,,,,,,,,,,,,,,,,,,,,,,
Alakazam,2023-01,Nothing,100.000,,,,,,,,,,,,,,,,,,,,,,,,,,,,,,,,,,,,,,,,
Rhydon,2023-01,Nothing,100.000,,,,,,,,,,,,,,,,,,,,,,,,,,,,,,,,,,,,,,,,
Jynx,2023-01,Nothing,100.000,,,,,,,,,,,,,,,,,,,,,,,,,,,,,,,,,,,,,,,,
Gengar,2023-01,Nothing,100.000,,,,,,,,,,,,,,,,,,,,,,,,,,,,,,,,,,,,,,,,
Cloyster,2023-01,Nothing,100.000,,,,,,,,,,,,,,,,,,,,,,,,,,,,,,,,,,,,,,,,
Zapdos,2023-01,Nothing,100.000,,,,,,,,,,,,,,,,,,,,,,,,,,,,,,,,,,,,,,,,
Slowbro,2023-01,Nothing,100.000,,,,,,,,,,,,,,,,,,,,,,,,,,,,,,,,,,,,,,,,
Jolteon,2023-01,Nothing,100.000,,,,,,,,,,,,,,,,,,,,,,,,,,,,,,,,,,,,,,,,
Articuno,2023-01,Nothing,100.000,,,,,,,,,,,,,,,,,,,,,,,,,,,,,,,,,,,,,,,,
Persian,2023-01,Nothing,100.000,,,,,,,,,,,,,,,,,,,,,,,,,,,,,,,,,,,,,,,,
Moltres,2023-01,Nothing,100.000,,,,,,,,,,,,,,,,,,,,,,,,,,,,,,,,,,,,,,,,
Golem,2023-01,Nothing,100.000,,,,,,,,,,,,,,,,,,,,,,,,,,,,,,,,,,,,,,,,
Lapras,2023-01,Nothing,100.000,,,,,,,,,,,,,,,,,,,,,,,,,,,,,,,,,,,,,,,,
Onix,2023-01,Nothing,100.000,,,,,,,,,,,,,,,,,,,,,,,,,,,,,,,,,,,,,,,,
Flareon,2023-01,Nothing,100.000,,,,,,,,,,,,,,,,,,,,,,,,,,,,,,,,,,,,,,,,
Porygon,2023-01,Nothing,100.000,,,,,,,,,,,,,,,,,,,,,,,,,,,,,,,,,,,,,,,,
Hypno,2023-01,Nothing,100.000,,,,,,,,,,,,,,,,,,,,,,,,,,,,,,,,,,,,,,,,
Kingler,2023-01,Nothing,100.000,,,,,,,,,,,,,,,,,,,,,,,,,,,,,,,,,,,,,,,,
Victreebel,2023-01,Nothing,100.000,,,,,,,,,,,,,,,,,,,,,,,,,,,,,,,,,,,,,,,,
Dragonite,2023-01,Nothing,100.000,,,,,,,,,,,,,,,,,,,,,,,,,,,,,,,,,,,,,,,,
Gyarados,2023-01,Nothing,100.000,,,,,,,,,,,,,,,,,,,,,,,,,,,,,,,,,,,,,,,,
Kabutops,2023-01,Nothing,100.000,,,,,,,,,,,,,,,,,,,,,,,,,,,,,,,,,,,,,,,,
Dugtrio,2023-01,Nothing,100.000,,,,,,,,,,,,,,,,,,,,,,,,,,,,,,,,,,,,,,,,
Raichu,2023-01,Nothing,100.000,,,,,,,,,,,,,,,,,,,,,,,,,,,,,,,,,,,,,,,,
Venomoth,2023-01,Nothing,100.000,,,,,,,,,,,,,,,,,,,,,,,,,,,,,,,,,,,,,,,,
Aerodactyl,2023-01,Nothing,100.000,,,,,,,,,,,,,,,,,,,,,,,,,,,,,,,,,,,,,,,,
Raticate,2023-01,Nothing,100.000,,,,,,,,,,,,,,,,,,,,,,,,,,,,,,,,,,,,,,,,
Kangaskhan,2023-01,Nothing,100.000,,,,,,,,,,,,,,,,,,,,,,,,,,,,,,,,,,,,,,,,
Sandslash,2023-01,Nothing,100.000,,,,,,,,,,,,,,,,,,,,,,,,,,,,,,,,,,,,,,,,
Ninetales,2023-01,Nothing,100.000,,,,,,,,,,,,,,,,,,,,,,,,,,,,,,,,,,,,,,,,
Clefable,2023-01,Nothing,100.000,,,,,,,,,,,,,,,,,,,,,,,,,,,,,,,,,,,,,,,,
Charizard,2023-01,Nothing,100.000,,,,,,,,,,,,,,,,,,,,,,,,,,,,,,,,,,,,,,,,
Pinsir,2023-01,Nothing,100.000,,,,,,,,,,,,,,,,,,,,,,,,,,,,,,,,,,,,,,,,
Arcanine,2023-01,Nothing,100.000,,,,,,,,,,,,,,,,,,,,,,,,,,,,,,,,,,,,,,,,
Venusaur,2023-01,Nothing,100.000,,,,,,,,,,,,,,,,,,,,,,,,,,,,,,,,,,,,,,,,
Electrode,2023-01,Nothing,100.000,,,,,,,,,,,,,,,,,,,,,,,,,,,,,,,,,,,,,,,,
Parasect,2023-01,Nothing,100.000,,,,,,,,,,,,,,,,,,,,,,,,,,,,,,,,,,,,,,,,
Beedrill,2023-01,Nothing,100.000,,,,,,,,,,,,,,,,,,,,,,,,,,,,,,,,,,,,,,,,
Nidoking,2023-01,Nothing,100.000,,,,,,,,,,,,,,,,,,,,,,,,,,,,,,,,,,,,,,,,
Poliwrath,2023-01,Nothing,100.000,,,,,,,,,,,,,,,,,,,,,,,,,,,,,,,,,,,,,,,,
Machamp,2023-01,Nothing,100.000,,,,,,,,,,,,,,,,,,,,,,,,,,,,,,,,,,,,,,,,
Blastoise,2023-01,Nothing,100.000,,,,,,,,,,,,,,,,,,,,,,,,,,,,,,,,,,,,,,,,
Magmar,2023-01,Nothing,100.000,,,,,,,,,,,,,,,,,,,,,,,,,,,,,,,,,,,,,,,,
Dodrio,2023-01,Nothing,100.000,,,,,,,,,,,,,,,,,,,,,,,,,,,,,,,,,,,,,,,,
Golduck,2023-01,Nothing,100.000,,,,,,,,,,,,,,,,,,,,,,,,,,,,,,,,,,,,,,,,
Vaporeon,2023-01,Nothing,100.000,,,,,,,,,,,,,,,,,,,,,,,,,,,,,,,,,,,,,,,,
Omastar,2023-01,Nothing,100.000,,,,,,,,,,,,,,,,,,,,,,,,,,,,,,,,,,,,,,,,
Mr. Mime,2023-01,Nothing,100.000,,,,,,,,,,,,,,,,,,,,,,,,,,,,,,,,,,,,,,,,
Fearow,2023-01,Nothing,100.000,,,,,,,,,,,,,,,,,,,,,,,,,,,,,,,,,,,,,,,,
Dewgong,2023-01,Nothing,100.000,,,,,,,,,,,,,,,,,,,,,,,,,,,,,,,,,,,,,,,,
Weezing,2023-01,Nothing,100.000,,,,,,,,,,,,,,,,,,,,,,,,,,,,,,,,,,,,,,,,
Tauros,2023-02,Nothing,100.000,,,,,,,,,,,,,,,,,,,,,,,,,,,,,,,,,,,,,,,,
Snorlax,2023-02,Nothing,100.000,,,,,,,,,,,,,,,,,,,,,,,,,,,,,,,,,,,,,,,,
Chansey,2023-02,Nothing,100.000,,,,,,,,,,,,,,,,,,,,,,,,,,,,,,,,,,,,,,,,
Exeggutor,2023-02,Nothing,100.000,,,,,,,,,,,,,,,,,,,,,,,,,,,,,,,,,,,,,,,,
Starmie,2023-02,Nothing,100.000,,,,,,,,,,,,,,,,,,,,,,,,,,,,,,,,,,,,,,,,
Alakazam,2023-02,Nothing,100.000,,,,,,,,,,,,,,,,,,,,,,,,,,,,,,,,,,,,,,,,
Rhydon,2023-02,Nothing,100.000,,,,,,,,,,,,,,,,,,,,,,,,,,,,,,,,,,,,,,,,
Gengar,2023-02,Nothing,100.000,,,,,,,,,,,,,,,,,,,,,,,,,,,,,,,,,,,,,,,,
Zapdos,2023-02,Nothing,100.000,,,,,,,,,,,,,,,,,,,,,,,,,,,,,,,,,,,,,,,,
Jynx,2023-02,Nothing,100.000,,,,,,,,,,,,,,,,,,,,,,,,,,,,,,,,,,,,,,,,
Cloyster,2023-02,Nothing,100.000,,,,,,,,,,,,,,,,,,,,,,,,,,,,,,,,,,,,,,,,
Slowbro,2023-02,Nothing,100.000,,,,,,,,,,,,,,,,,,,,,,,,,,,,,,,,,,,,,,,,
Jolteon,2023-02,Nothing,100.000,,,,,,,,,,,,,,,,,,,,,,,,,,,,,,,,,,,,,,,,
Persian,2023-02,Nothing,100.000,,,,,,,,,,,,,,,,,,,,,,,,,,,,,,,,,,,,,,,,
Articuno,2023-02,Nothing,100.000,,,,,,,,,,,,,,,,,,,,,,,,,,,,,,,,,,,,,,,,
Lapras,2023-02,Nothing,100.000,,,,,,,,,,,,,,,,,,,,,,,,,,,,,,,,,,,,,,,,
Victreebel,2023-02,Nothing,100.000,,,,,,,,,,,,,,,,,,,,,,,,,,,,,,,,,,,,,,,,
Clefable,2023-02,Nothing,100.000,,,,,,,,,,,,,,,,,,,,,,,,,,,,,,,,,,,,,,,,
Dragonite,2023-02,Nothing,100.000,,,,,,,,,,,,,,,,,,,,,,,,,,,,,,,,,,,,,,,,
Sandslash,2023-02,Nothing,100.000,,,,,,,,,,,,,,,,,,,,,,,,,,,,,,,,,,,,,,,,
Golem,2023-02,Nothing,100.000,,,,,,,,,,,,,,,,,,,,,,,,,,,,,,,,,,,,,,,,
Moltres,2023-02,Nothing,100.000,,,,,,,,,,,,,,,,,,,,,,,,,,,,,,,,,,,,,,,,
Aerodactyl,2023-02,Nothing,100.000,,,,,,,,,,,,,,,,,,,,,,,,,,,,,,,,,,,,,,,,
Gyarados,2023-02,Nothing,100.000,,,,,,,,,,,,,,,,,,,,,,,,,,,,,,,,,,,,,,,,
Flareon,2023-02,Nothing,100.000,,,,,,,,,,,,,,,,,,,,,,,,,,,,,,,,,,,,,,,,
Charizard,2023-02,Nothing,100.000,,,,,,,,,,,,,,,,,,,,,,,,,,,,,,,,,,,,,,,,
Hypno,2023-02,Nothing,100.000,,,,,,,,,,,,,,,,,,,,,,,,,,,,,,,,,,,,,,,,
Venomoth,2023-02,Nothing,100.000,,,,,,,,,,,,,,,,,,,,,,,,,,,,,,,,,,,,,,,,
Dodrio,2023-02,Nothing,100.000,,,,,,,,,,,,,,,,,,,,,,,,,,,,,,,,,,,,,,,,
Pinsir,2023-02,Nothing,100.000,,,,,,,,,,,,,,,,,,,,,,,,,,,,,,,,,,,,,,,,
Raichu,2023-02,Nothing,100.000,,,,,,,,,,,,,,,,,,,,,,,,,,,,,,,,,,,,,,,,
Onix,2023-02,Nothing,100.000,,,,,,,,,,,,,,,,,,,,,,,,,,,,,,,,,,,,,,,,
Kabutops,2023-02,Nothing,100.000,,,,,,,,,,,,,,,,,,,,,,,,,,,,,,,,,,,,,,,,
Kingler,2023-02,Nothing,100.000,,,,,,,,,,,,,,,,,,,,,,,,,,,,,,,,,,,,,,,,
Raticate,2023-02,Nothing,100.000,,,,,,,,,,,,,,,,,,,,,,,,,,,,,,,,,,,,,,,,
Arcanine,2023-02,Nothing,100.000,,,,,,,,,,,,,,,,,,,,,,,,,,,,,,,,,,,,,,,,
Poliwrath,2023-02,Nothing,100.000,,,,,,,,,,,,,,,,,,,,,,,,,,,,,,,,,,,,,,,,
Parasect,2023-02,Nothing,100.000,,,,,,,,,,,,,,,,,,,,,,,,,,,,,,,,,,,,,,,,
Venusaur,2023-02,Nothing,100.000,,,,,,,,,,,,,,,,,,,,,,,,,,,,,,,,,,,,,,,,
Porygon,2023-02,Nothing,100.000,,,,,,,,,,,,,,,,,,,,,,,,,,,,,,,,,,,,,,,,
Machamp,2023-02,Nothing,100.000,,,,,,,,,,,,,,,,,,,,,,,,,,,,,,,,,,,,,,,,
Lickitung,2023-02,Nothing,100.000,,,,,,,,,,,,,,,,,,,,,,,,,,,,,,,,,,,,,,,,
Tentacruel,2023-02,Nothing,100.000,,,,,,,,,,,,,,,,,,,,,,,,,,,,,,,,,,,,,,,,
Golduck,2023-02,Nothing,100.000,,,,,,,,,,,,,,,,,,,,,,,,,,,,,,,,,,,,,,,,
Kangaskhan,2023-02,Nothing,100.000,,,,,,,,,,,,,,,,,,,,,,,,,,,,,,,,,,,,,,,,
Nidoking,2023-02,Nothing,100.000,,,,,,,,,,,,,,,,,,,,,,,,,,,,,,,,,,,,,,,,
Fearow,2023-02,Nothing,100.000,,,,,,,,,,,,,,,,,,,,,,,,,,,,,,,,,,,,,,,,
Dugtrio,2023-02,Nothing,100.000,,,,,,,,,,,,,,,,,,,,,,,,,,,,,,,,,,,,,,,,
Omastar,2023-02,Nothing,100.000,,,,,,,,,,,,,,,,,,,,,,,,,,,,,,,,,,,,,,,,
Ninetales,2023-02,Nothing,100.000,,,,,,,,,,,,,,,,,,,,,,,,,,,,,,,,,,,,,,,,
Vaporeon,2023-02,Nothing,100.000,,,,,,,,,,,,,,,,,,,,,,,,,,,,,,,,,,,,,,,,
Electrode,2023-02,Nothing,100.000,,,,,,,,,,,,,,,,,,,,,,,,,,,,,,,,,,,,,,,,
Hitmonlee,2023-02,Nothing,100.000,,,,,,,,,,,,,,,,,,,,,,,,,,,,,,,,,,,,,,,,
Weezing,2023-02,Nothing,100.000,,,,,,,,,,,,,,,,,,,,,,,,,,,,,,,,,,,,,,,,
Arbok,2023-02,Nothing,100.000,,,,,,,,,,,,,,,,,,,,,,,,,,,,,,,,,,,,,,,,
Muk,2023-02,Nothing,100.000,,,,,,,,,,,,,,,,,,,,,,,,,,,,,,,,,,,,,,,,
Pidgeot,2023-02,Nothing,100.000,,,,,,,,,,,,,,,,,,,,,,,,,,,,,,,,,,,,,,,,
Seaking,2023-02,Nothing,100.000,,,,,,,,,,,,,,,,,,,,,,,,,,,,,,,,,,,,,,,,
Dewgong,2023-02,Nothing,100.000,,,,,,,,,,,,,,,,,,,,,,,,,,,,,,,,,,,,,,,,
Dragonair,2023-02,Nothing,100.000,,,,,,,,,,,,,,,,,,,,,,,,,,,,,,,,,,,,,,,,
Scyther,2023-02,Nothing,100.000,,,,,,,,,,,,,,,,,,,,,,,,,,,,,,,,,,,,,,,,
Blastoise,2023-02,Nothing,100.000,,,,,,,,,,,,,,,,,,,,,,,,,,,,,,,,,,,,,,,,
Electabuzz,2023-02,Nothing,100.000,,,,,,,,,,,,,,,,,,,,,,,,,,,,,,,,,,,,,,,,
Rapidash,2023-02,Nothing,100.000,,,,,,,,,,,,,,,,,,,,,,,,,,,,,,,,,,,,,,,,
Magmar,2023-02,Nothing,100.000,,,,,,,,,,,,,,,,,,,,,,,,,,,,,,,,,,,,,,,,
Haunter,2023-02,Nothing,100.000,,,,,,,,,,,,,,,,,,,,,,,,,,,,,,,,,,,,,,,,
Ditto,2023-02,Nothing,100.000,,,,,,,,,,,,,,,,,,,,,,,,,,,,,,,,,,,,,,,,
Tangela,2023-02,Nothing,100.000,,,,,,,,,,,,,,,,,,,,,,,,,,,,,,,,,,,,,,,,
Kadabra,2023-02,Nothing,100.000,,,,,,,,,,,,,,,,,,,,,,,,,,,,,,,,,,,,,,,,
Tauros,2023-03,Nothing,100.000,,,,,,,,,,,,,,,,,,,,,,,,,,,,,,,,,,,,,,,,
Snorlax,2023-03,Nothing,100.000,,,,,,,,,,,,,,,,,,,,,,,,,,,,,,,,,,,,,,,,
Chansey,2023-03,Nothing,100.000,,,,,,,,,,,,,,,,,,,,,,,,,,,,,,,,,,,,,,,,
Exeggutor,2023-03,Nothing,100.000,,,,,,,,,,,,,,,,,,,,,,,,,,,,,,,,,,,,,,,,
Starmie,2023-03,Nothing,100.000,,,,,,,,,,,,,,,,,,,,,,,,,,,,,,,,,,,,,,,,
Alakazam,2023-03,Nothing,100.000,,,,,,,,,,,,,,,,,,,,,,,,,,,,,,,,,,,,,,,,
Rhydon,2023-03,Nothing,100.000,,,,,,,,,,,,,,,,,,,,,,,,,,,,,,,,,,,,,,,,
Gengar,2023-03,Nothing,100.000,,,,,,,,,,,,,,,,,,,,,,,,,,,,,,,,,,,,,,,,
Jynx,2023-03,Nothing,100.000,,,,,,,,,,,,,,,,,,,,,,,,,,,,,,,,,,,,,,,,
Zapdos,2023-03,Nothing,100.000,,,,,,,,,,,,,,,,,,,,,,,,,,,,,,,,,,,,,,,,
Slowbro,2023-03,Nothing,100.000,,,,,,,,,,,,,,,,,,,,,,,,,,,,,,,,,,,,,,,,
Cloyster,2023-03,Nothing,100.000,,,,,,,,,,,,,,,,,,,,,,,,,,,,,,,,,,,,,,,,
Jolteon,2023-03,Nothing,100.000,,,,,,,,,,,,,,,,,,,,,,,,,,,,,,,,,,,,,,,,
Persian,2023-03,Nothing,100.000,,,,,,,,,,,,,,,,,,,,,,,,,,,,,,,,,,,,,,,,
Lapras,2023-03,Nothing,100.000,,,,,,,,,,,,,,,,,,,,,,,,,,,,,,,,,,,,,,,,
Flareon,2023-03,Nothing,100.000,,,,,,,,,,,,,,,,,,,,,,,,,,,,,,,,,,,,,,,,
Victreebel,2023-03,Nothing,100.000,,,,,,,,,,,,,,,,,,,,,,,,,,,,,,,,,,,,,,,,
Articuno,2023-03,Nothing,100.000,,,,,,,,,,,,,,,,,,,,,,,,,,,,,,,,,,,,,,,,
Moltres,2023-03,Nothing,100.000,,,,,,,,,,,,,,,,,,,,,,,,,,,,,,,,,,,,,,,,
Porygon,2023-03,Nothing,100.000,,,,,,,,,,,,,,,,,,,,,,,,,,,,,,,,,,,,,,,,
Golem,2023-03,Nothing,100.000,,,,,,,,,,,,,,,,,,,,,,,,,,,,,,,,,,,,,,,,
Dragonite,2023-03,Nothing,100.000,,,,,,,,,,,,,,,,,,,,,,,,,,,,,,,,,,,,,,,,
Pinsir,2023-03,Nothing,100.000,,,,,,,,,,,,,,,,,,,,,,,,,,,,,,,,,,,,,,,,
Dugtrio,2023-03,Nothing,100.000,,,,,,,,,,,,,,,,,,,,,,,,,,,,,,,,,,,,,,,,
Sandslash,2023-03,Nothing,100.000,,,,,,,,,,,,,,,,,,,,,,,,,,,,,,,,,,,,,,,,
Clefable,2023-03,Nothing,100.000,,,,,,,,,,,,,,,,,,,,,,,,,,,,,,,,,,,,,,,,
Dodrio,2023-03,Nothing,100.000,,,,,,,,,,,,,,,,,,,,,,,,,,,,,,,,,,,,,,,,
Parasect,2023-03,Nothing,100.000,,,,,,,,,,,,,,,,,,,,,,,,,,,,,,,,,,,,,,,,
Kingler,2023-03,Nothing,100.000,,,,,,,,,,,,,,,,,,,,,,,,,,,,,,,,,,,,,,,,
Vaporeon,2023-03,Nothing,100.000,,,,,,,,,,,,,,,,,,,,,,,,,,,,,,,,,,,,,,,,
Hypno,2023-03,Nothing,100.000,,,,,,,,,,,,,,,,,,,,,,,,,,,,,,,,,,,,,,,,
Seadra,2023-03,Nothing,100.000,,,,,,,,,,,,,,,,,,,,,,,,,,,,,,,,,,,,,,,,
Arcanine,2023-03,Nothing,100.000,,,,,,,,,,,,,,,,,,,,,,,,,,,,,,,,,,,,,,,,
Raichu,2023-03,Nothing,100.000,,,,,,,,,,,,,,,,,,,,,,,,,,,,,,,,,,,,,,,,
Charizard,2023-03,Nothing,100.000,,,,,,,,,,,,,,,,,,,,,,,,,,,,,,,,,,,,,,,,
Farfetch'd,2023-03,Nothing,100.000,,,,,,,,,,,,,,,,,,,,,,,,,,,,,,,,,,,,,,,,
Machamp,2023-03,Nothing,100.000,,,,,,,,,,,,,,,,,,,,,,,,,,,,,,,,,,,,,,,,
Venusaur,2023-03,Nothing,100.000,,,,,,,,,,,,,,,,,,,,,,,,,,,,,,,,,,,,,,,,
Tentacruel,2023-03,Nothing,100.000,,,,,,,,,,,,,,,,,,,,,,,,,,,,,,,,,,,,,,,,
Aerodactyl,2023-03,Nothing,100.000,,,,,,,,,,,,,,,,,,,,,,,,,,,,,,,,,,,,,,,,
Kabutops,2023-03,Nothing,100.000,,,,,,,,,,,,,,,,,,,,,,,,,,,,,,,,,,,,,,,,
Kangaskhan,2023-03,Nothing,100.000,,,,,,,,,,,,,,,,,,,,,,,,,,,,,,,,,,,,,,,,
Tangela,2023-03,Nothing,100.000,,,,,,,,,,,,,,,,,,,,,,,,,,,,,,,,,,,,,,,,
Electrode,2023-03,Nothing,100.000,,,,,,,,,,,,,,,,,,,,,,,,,,,,,,,,,,,,,,,,
Poliwrath,2023-03,Nothing,100.000,,,,,,,,,,,,,,,,,,,,,,,,,,,,,,,,,,,,,,,,
Gyarados,2023-03,Nothing,100.000,,,,,,,,,,,,,,,,,,,,,,,,,,,,,,,,,,,,,,,,
Magmar,2023-03,Nothing,100.000,,,,,,,,,,,,,,,,,,,,,,,,,,,,,,,,,,,,,,,,
Omastar,2023-03,Nothing,100.000,,,,,,,,,,,,,,,,,,,,,,,,,,,,,,,,,,,,,,,,
Blastoise,2023-03,Nothing,100.000,,,,,,,,,,,,,,,,,,,,,,,,,,,,,,,,,,,,,,,,
Raticate,2023-03,Nothing,100.000,,,,,,,,,,,,,,,,,,,,,,,,,,,,,,,,,,,,,,,,
Kadabra,2023-03,Nothing,100.000,,,,,,,,,,,,,,,,,,,,,,,,,,,,,,,,,,,,,,,,
Ninetales,2023-03,Nothing,100.000,,,,,,,,,,,,,,,,,,,,,,,,,,,,,,,,,,,,,,,,
Nidoqueen,2023-03,Nothing,100.000,,,,,,,,,,,,,,,,,,,,,,,,,,,,,,,,,,,,,,,,
Golduck,2023-03,Nothing,100.000,,,,,,,,,,,,,,,,,,,,,,,,,,,,,,,,,,,,,,,,
Nidoking,2023-03,Nothing,100.000,,,,,,,,,,,,,,,,,,,,,,,,,,,,,,,,,,,,,,,,
Magneton,2023-03,Nothing,100.000,,,,,,,,,,,,,,,,,,,,,,,,,,,,,,,,,,,,,,,,
Weezing,2023-03,Nothing,100.000,,,,,,,,,,,,,,,,,,,,,,,,,,,,,,,,,,,,,,,,
Fearow,2023-03,Nothing,100.000,,,,,,,,,,,,,,,,,,,,,,,,,,,,,,,,,,,,,,,,
Beedrill,2023-03,Nothing,100.000,,,,,,,,,,,,,,,,,,,,,,,,,,,,,,,,,,,,,,,,
Hitmonlee,2023-03,Nothing,100.000,,,,,,,,,,,,,,,,,,,,,,,,,,,,,,,,,,,,,,,,
Primeape,2023-03,Nothing,100.000,,,,,,,,,,,,,,,,,,,,,,,,,,,,,,,,,,,,,,,,
Muk,2023-03,Nothing,100.000,,,,,,,,,,,,,,,,,,,,,,,,,,,,,,,,,,,,,,,,
Pikachu,2023-03,Nothing,100.000,,,,,,,,,,,,,,,,,,,,,,,,,,,,,,,,,,,,,,,,
Electabuzz,2023-03,Nothing,100.000,,,,,,,,,,,,,,,,,,,,,,,,,,,,,,,,,,,,,,,,
Scyther,2023-03,Nothing,100.000,,,,,,,,,,,,,,,,,,,,,,,,,,,,,,,,,,,,,,,,
Venomoth,2023-03,Nothing,100.000,,,,,,,,,,,,,,,,,,,,,,,,,,,,,,,,,,,,,,,,
Haunter,2023-03,Nothing,100.000,,,,,,,,,,,,,,,,,,,,,,,,,,,,,,,,,,,,,,,,
Rapidash,2023-03,Nothing,100.000,,,,,,,,,,,,,,,,,,,,,,,,,,,,,,,,,,,,,,,,
Arbok,2023-03,Nothing,100.000,,,,,,,,,,,,,,,,,,,,,,,,,,,,,,,,,,,,,,,,
Butterfree,2023-03,Nothing,100.000,,,,,,,,,,,,,,,,,,,,,,,,,,,,,,,,,,,,,,,,
Dragonair,2023-03,Nothing,100.000,,,,,,,,,,,,,,,,,,,,,,,,,,,,,,,,,,,,,,,,
Tauros,2023-04,Nothing,100.000,,,,,,,,,,,,,,,,,,,,,,,,,,,,,,,,,,,,,,,,
Snorlax,2023-04,Nothing,100.000,,,,,,,,,,,,,,,,,,,,,,,,,,,,,,,,,,,,,,,,
Chansey,2023-04,Nothing,100.000,,,,,,,,,,,,,,,,,,,,,,,,,,,,,,,,,,,,,,,,
Starmie,2023-04,Nothing,100.000,,,,,,,,,,,,,,,,,,,,,,,,,,,,,,,,,,,,,,,,
Exeggutor,2023-04,Nothing,100.000,,,,,,,,,,,,,,,,,,,,,,,,,,,,,,,,,,,,,,,,
Alakazam,2023-04,Nothing,100.000,,,,,,,,,,,,,,,,,,,,,,,,,,,,,,,,,,,,,,,,
Rhydon,2023-04,Nothing,100.000,,,,,,,,,,,,,,,,,,,,,,,,,,,,,,,,,,,,,,,,
Gengar,2023-04,Nothing,100.000,,,,,,,,,,,,,,,,,,,,,,,,,,,,,,,,,,,,,,,,
Jynx,2023-04,Nothing,100.000,,,,,,,,,,,,,,,,,,,,,,,,,,,,,,,,,,,,,,,,
Zapdos,2023-04,Nothing,100.000,,,,,,,,,,,,,,,,,,,,,,,,,,,,,,,,,,,,,,,,
Cloyster,2023-04,Nothing,100.000,,,,,,,,,,,,,,,,,,,,,,,,,,,,,,,,,,,,,,,,
Slowbro,2023-04,Nothing,100.000,,,,,,,,,,,,,,,,,,,,,,,,,,,,,,,,,,,,,,,,
Jolteon,2023-04,Nothing,100.000,,,,,,,,,,,,,,,,,,,,,,,,,,,,,,,,,,,,,,,,
Persian,2023-04,Nothing,100.000,,,,,,,,,,,,,,,,,,,,,,,,,,,,,,,,,,,,,,,,
Victreebel,2023-04,Nothing,100.000,,,,,,,,,,,,,,,,,,,,,,,,,,,,,,,,,,,,,,,,
Articuno,2023-04,Nothing,100.000,,,,,,,,,,,,,,,,,,,,,,,,,,,,,,,,,,,,,,,,
Lapras,2023-04,Nothing,100.000,,,,,,,,,,,,,,,,,,,,,,,,,,,,,,,,,,,,,,,,
Dragonite,2023-04,Nothing,100.000,,,,,,,,,,,,,,,,,,,,,,,,,,,,,,,,,,,,,,,,
Golem,2023-04,Nothing,100.000,,,,,,,,,,,,,,,,,,,,,,,,,,,,,,,,,,,,,,,,
Dugtrio,2023-04,Nothing,100.000,,,,,,,,,,,,,,,,,,,,,,,,,,,,,,,,,,,,,,,,
Sandslash,2023-04,Nothing,100.000,,,,,,,,,,,,,,,,,,,,,,,,,,,,,,,,,,,,,,,,
Pinsir,2023-04,Nothing,100.000,,,,,,,,,,,,,,,,,,,,,,,,,,,,,,,,,,,,,,,,
Dragonair,2023-04,Nothing,100.000,,,,,,,,,,,,,,,,,,,,,,,,,,,,,,,,,,,,,,,,
Flareon,2023-04,Nothing,100.000,,,,,,,,,,,,,,,,,,,,,,,,,,,,,,,,,,,,,,,,
Moltres,2023-04,Nothing,100.000,,,,,,,,,,,,,,,,,,,,,,,,,,,,,,,,,,,,,,,,
Porygon,2023-04,Nothing,100.000,,,,,,,,,,,,,,,,,,,,,,,,,,,,,,,,,,,,,,,,
Tentacruel,2023-04,Nothing,100.000,,,,,,,,,,,,,,,,,,,,,,,,,,,,,,,,,,,,,,,,
Hypno,2023-04,Nothing,100.000,,,,,,,,,,,,,,,,,,,,,,,,,,,,,,,,,,,,,,,,
Kingler,2023-04,Nothing,100.000,,,,,,,,,,,,,,,,,,,,,,,,,,,,,,,,,,,,,,,,
Venusaur,2023-04,Nothing,100.000,,,,,,,,,,,,,,,,,,,,,,,,,,,,,,,,,,,,,,,,
Dodrio,2023-04,Nothing,100.000,,,,,,,,,,,,,,,,,,,,,,,,,,,,,,,,,,,,,,,,
Golduck,2023-04,Nothing,100.000,,,,,,,,,,,,,,,,,,,,,,,,,,,,,,,,,,,,,,,,
Gyarados,2023-04,Nothing,100.000,,,,,,,,,,,,,,,,,,,,,,,,,,,,,,,,,,,,,,,,
Kabutops,2023-04,Nothing,100.000,,,,,,,,,,,,,,,,,,,,,,,,,,,,,,,,,,,,,,,,
Rapidash,2023-04,Nothing,100.000,,,,,,,,,,,,,,,,,,,,,,,,,,,,,,,,,,,,,,,,
Charizard,2023-04,Nothing,100.000,,,,,,,,,,,,,,,,,,,,,,,,,,,,,,,,,,,,,,,,
Arcanine,2023-04,Nothing,100.000,,,,,,,,,,,,,,,,,,,,,,,,,,,,,,,,,,,,,,,,
Raticate,2023-04,Nothing,100.000,,,,,,,,,,,,,,,,,,,,,,,,,,,,,,,,,,,,,,,,
Parasect,2023-04,Nothing,100.000,,,,,,,,,,,,,,,,,,,,,,,,,,,,,,,,,,,,,,,,
Machamp,2023-04,Nothing,100.000,,,,,,,,,,,,,,,,,,,,,,,,,,,,,,,,,,,,,,,,
Aerodactyl,2023-04,Nothing,100.000,,,,,,,,,,,,,,,,,,,,,,,,,,,,,,,,,,,,,,,,
Poliwrath,2023-04,Nothing,100.000,,,,,,,,,,,,,,,,,,,,,,,,,,,,,,,,,,,,,,,,
Kangaskhan,2023-04,Nothing,100.000,,,,,,,,,,,,,,,,,,,,,,,,,,,,,,,,,,,,,,,,
Vaporeon,2023-04,Nothing,100.000,,,,,,,,,,,,,,,,,,,,,,,,,,,,,,,,,,,,,,,,
Arbok,2023-04,Nothing,100.000,,,,,,,,,,,,,,,,,,,,,,,,,,,,,,,,,,,,,,,,
Farfetch'd,2023-04,Nothing,100.000,,,,,,,,,,,,,,,,,,,,,,,,,,,,,,,,,,,,,,,,
Hitmonlee,2023-04,Nothing,100.000,,,,,,,,,,,,,,,,,,,,,,,,,,,,,,,,,,,,,,,,
Onix,2023-04,Nothing,100.000,,,,,,,,,,,,,,,,,,,,,,,,,,,,,,,,,,,,,,,,
Raichu,2023-04,Nothing,100.000,,,,,,,,,,,,,,,,,,,,,,,,,,,,,,,,,,,,,,,,
Electrode,2023-04,Nothing,100.000,,,,,,,,,,,,,,,,,,,,,,,,,,,,,,,,,,,,,,,,
Ninetales,2023-04,Nothing,100.000,,,,,,,,,,,,,,,,,,,,,,,,,,,,,,,,,,,,,,,,
Clefable,2023-04,Nothing,100.000,,,,,,,,,,,,,,,,,,,,,,,,,,,,,,,,,,,,,,,,
Nidoking,2023-04,Nothing,100.000,,,,,,,,,,,,,,,,,,,,,,,,,,,,,,,,,,,,,,,,
Tangela,2023-04,Nothing,100.000,,,,,,,,,,,,,,,,,,,,,,,,,,,,,,,,,,,,,,,,
Lickitung,2023-04,Nothing,100.000,,,,,,,,,,,,,,,,,,,,,,,,,,,,,,,,,,,,,,,,
Beedrill,2023-04,Nothing,100.000,,,,,,,,,,,,,,,,,,,,,,,,,,,,,,,,,,,,,,,,
Muk,2023-04,Nothing,100.000,,,,,,,,,,,,,,,,,,,,,,,,,,,,,,,,,,,,,,,,
Electabuzz,2023-04,Nothing,100.000,,,,,,,,,,,,,,,,,,,,,,,,,,,,,,,,,,,,,,,,
Magmar,2023-04,Nothing,100.000,,,,,,,,,,,,,,,,,,,,,,,,,,,,,,,,,,,,,,,,
Scyther,2023-04,Nothing,100.000,,,,,,,,,,,,,,,,,,,,,,,,,,,,,,,,,,,,,,,,
Kadabra,2023-04,Nothing,100.000,,,,,,,,,,,,,,,,,,,,,,,,,,,,,,,,,,,,,,,,
Primeape,2023-04,Nothing,100.000,,,,,,,,,,,,,,,,,,,,,,,,,,,,,,,,,,,,,,,,
Blastoise,2023-04,Nothing,100.000,,,,,,,,,,,,,,,,,,,,,,,,,,,,,,,,,,,,,,,,
Dewgong,2023-04,Nothing,100.000,,,,,,,,,,,,,,,,,,,,,,,,,,,,,,,,,,,,,,,,
Seadra,2023-04,Nothing,100.000,,,,,,,,,,,,,,,,,,,,,,,,,,,,,,,,,,,,,,,,
Voltorb,2023-04,Nothing,100.000,,,,,,,,,,,,,,,,,,,,,,,,,,,,,,,,,,,,,,,,
Venomoth,2023-04,Nothing,100.000,,,,,,,,,,,,,,,,,,,,,,,,,,,,,,,,,,,,,,,,
Omastar,2023-04,Nothing,100.000,,,,,,,,,,,,,,,,,,,,,,,,,,,,,,,,,,,,,,,,
Weezing,2023-04,Nothing,100.000,,,,,,,,,,,,,,,,,,,,,,,,,,,,,,,,,,,,,,,,
Butterfree,2023-04,Nothing,100.000,,,,,,,,,,,,,,,,,,,,,,,,,,,,,,,,,,,,,,,,
Doduo,2023-04,Nothing,100.000,,,,,,,,,,,,,,,,,,,,,,,,,,,,,,,,,,,,,,,,
Bellsprout,2023-04,Nothing,100.000,,,,,,,,,,,,,,,,,,,,,,,,,,,,,,,,,,,,,,,,
Krabby,2023-04,Nothing,100.000,,,,,,,,,,,,,,,,,,,,,,,,,,,,,,,,,,,,,,,,
Magnemite,2023-04,Nothing,100.000,,,,,,,,,,,,,,,,,,,,,,,,,,,,,,,,,,,,,,,,
Geodude,2023-04,Nothing,100.000,,,,,,,,,,,,,,,,,,,,,,,,,,,,,,,,,,,,,,,,
Rattata,2023-04,Nothing,100.000,,,,,,,,,,,,,,,,,,,,,,,,,,,,,,,,,,,,,,,,
Wigglytuff,2023-04,Nothing,100.000,,,,,,,,,,,,,,,,,,,,,,,,,,,,,,,,,,,,,,,,
Haunter,2023-04,Nothing,100.000,,,,,,,,,,,,,,,,,,,,,,,,,,,,,,,,,,,,,,,,
Tauros,2023-05,Nothing,100.000,,,,,,,,,,,,,,,,,,,,,,,,,,,,,,,,,,,,,,,,
Snorlax,2023-05,Nothing,100.000,,,,,,,,,,,,,,,,,,,,,,,,,,,,,,,,,,,,,,,,
Chansey,2023-05,Nothing,100.000,,,,,,,,,,,,,,,,,,,,,,,,,,,,,,,,,,,,,,,,
Exeggutor,2023-05,Nothing,100.000,,,,,,,,,,,,,,,,,,,,,,,,,,,,,,,,,,,,,,,,
Starmie,2023-05,Nothing,100.000,,,,,,,,,,,,,,,,,,,,,,,,,,,,,,,,,,,,,,,,
Alakazam,2023-05,Nothing,100.000,,,,,,,,,,,,,,,,,,,,,,,,,,,,,,,,,,,,,,,,
Rhydon,2023-05,Nothing,100.000,,,,,,,,,,,,,,,,,,,,,,,,,,,,,,,,,,,,,,,,
Gengar,2023-05,Nothing,100.000,,,,,,,,,,,,,,,,,,,,,,,,,,,,,,,,,,,,,,,,
Jynx,2023-05,Nothing,100.000,,,,,,,,,,,,,,,,,,,,,,,,,,,,,,,,,,,,,,,,
Zapdos,2023-05,Nothing,100.000,,,,,,,,,,,,,,,,,,,,,,,,,,,,,,,,,,,,,,,,
Cloyster,2023-05,Nothing,100.000,,,,,,,,,,,,,,,,,,,,,,,,,,,,,,,,,,,,,,,,
Slowbro,2023-05,Nothing,100.000,,,,,,,,,,,,,,,,,,,,,,,,,,,,,,,,,,,,,,,,
Jolteon,2023-05,Nothing,100.000,,,,,,,,,,,,,,,,,,,,,,,,,,,,,,,,,,,,,,,,
Persian,2023-05,Nothing,100.000,,,,,,,,,,,,,,,,,,,,,,,,,,,,,,,,,,,,,,,,
Dragonite,2023-05,Nothing,100.000,,,,,,,,,,,,,,,,,,,,,,,,,,,,,,,,,,,,,,,,
Victreebel,2023-05,Nothing,100.000,,,,,,,,,,,,,,,,,,,,,,,,,,,,,,,,,,,,,,,,
Hypno,2023-05,Nothing,100.000,,,,,,,,,,,,,,,,,,,,,,,,,,,,,,,,,,,,,,,,
Articuno,2023-05,Nothing,100.000,,,,,,,,,,,,,,,,,,,,,,,,,,,,,,,,,,,,,,,,
Golem,2023-05,Nothing,100.000,,,,,,,,,,,,,,,,,,,,,,,,,,,,,,,,,,,,,,,,
Charizard,2023-05,Nothing,100.000,,,,,,,,,,,,,,,,,,,,,,,,,,,,,,,,,,,,,,,,
Lapras,2023-05,Nothing,100.000,,,,,,,,,,,,,,,,,,,,,,,,,,,,,,,,,,,,,,,,
Porygon,2023-05,Nothing,100.000,,,,,,,,,,,,,,,,,,,,,,,,,,,,,,,,,,,,,,,,
Dugtrio,2023-05,Nothing,100.000,,,,,,,,,,,,,,,,,,,,,,,,,,,,,,,,,,,,,,,,
Moltres,2023-05,Nothing,100.000,,,,,,,,,,,,,,,,,,,,,,,,,,,,,,,,,,,,,,,,
Arbok,2023-05,Nothing,100.000,,,,,,,,,,,,,,,,,,,,,,,,,,,,,,,,,,,,,,,,
Parasect,2023-05,Nothing,100.000,,,,,,,,,,,,,,,,,,,,,,,,,,,,,,,,,,,,,,,,
Dragonair,2023-05,Nothing,100.000,,,,,,,,,,,,,,,,,,,,,,,,,,,,,,,,,,,,,,,,
Clefable,2023-05,Nothing,100.000,,,,,,,,,,,,,,,,,,,,,,,,,,,,,,,,,,,,,,,,
Kangaskhan,2023-05,Nothing,100.000,,,,,,,,,,,,,,,,,,,,,,,,,,,,,,,,,,,,,,,,
Kingler,2023-05,Nothing,100.000,,,,,,,,,,,,,,,,,,,,,,,,,,,,,,,,,,,,,,,,
Sandslash,2023-05,Nothing,100.000,,,,,,,,,,,,,,,,,,,,,,,,,,,,,,,,,,,,,,,,
Tentacruel,2023-05,Nothing,100.000,,,,,,,,,,,,,,,,,,,,,,,,,,,,,,,,,,,,,,,,
Pinsir,2023-05,Nothing,100.000,,,,,,,,,,,,,,,,,,,,,,,,,,,,,,,,,,,,,,,,
Kabutops,2023-05,Nothing,100.000,,,,,,,,,,,,,,,,,,,,,,,,,,,,,,,,,,,,,,,,
Electrode,2023-05,Nothing,100.000,,,,,,,,,,,,,,,,,,,,,,,,,,,,,,,,,,,,,,,,
Dodrio,2023-05,Nothing,100.000,,,,,,,,,,,,,,,,,,,,,,,,,,,,,,,,,,,,,,,,
Raichu,2023-05,Nothing,100.000,,,,,,,,,,,,,,,,,,,,,,,,,,,,,,,,,,,,,,,,
Machamp,2023-05,Nothing,100.000,,,,,,,,,,,,,,,,,,,,,,,,,,,,,,,,,,,,,,,,
Venusaur,2023-05,Nothing,100.000,,,,,,,,,,,,,,,,,,,,,,,,,,,,,,,,,,,,,,,,
Haunter,2023-05,Nothing,100.000,,,,,,,,,,,,,,,,,,,,,,,,,,,,,,,,,,,,,,,,
Gyarados,2023-05,Nothing,100.000,,,,,,,,,,,,,,,,,,,,,,,,,,,,,,,,,,,,,,,,
Tangela,2023-05,Nothing,100.000,,,,,,,,,,,,,,,,,,,,,,,,,,,,,,,,,,,,,,,,
Ninetales,2023-05,Nothing,100.000,,,,,,,,,,,,,,,,,,,,,,,,,,,,,,,,,,,,,,,,
Poliwrath,2023-05,Nothing,100.000,,,,,,,,,,,,,,,,,,,,,,,,,,,,,,,,,,,,,,,,
Arcanine,2023-05,Nothing,100.000,,,,,,,,,,,,,,,,,,,,,,,,,,,,,,,,,,,,,,,,
Weezing,2023-05,Nothing,100.000,,,,,,,,,,,,,,,,,,,,,,,,,,,,,,,,,,,,,,,,
Hitmonlee,2023-05,Nothing,100.000,,,,,,,,,,,,,,,,,,,,,,,,,,,,,,,,,,,,,,,,
Scyther,2023-05,Nothing,100.000,,,,,,,,,,,,,,,,,,,,,,,,,,,,,,,,,,,,,,,,
Weepinbell,2023-05,Nothing,100.000,,,,,,,,,,,,,,,,,,,,,,,,,,,,,,,,,,,,,,,,
Omastar,2023-05,Nothing,100.000,,,,,,,,,,,,,,,,,,,,,,,,,,,,,,,,,,,,,,,,
Nidoking,2023-05,Nothing,100.000,,,,,,,,,,,,,,,,,,,,,,,,,,,,,,,,,,,,,,,,
Onix,2023-05,Nothing,100.000,,,,,,,,,,,,,,,,,,,,,,,,,,,,,,,,,,,,,,,,
Dewgong,2023-05,Nothing,100.000,,,,,,,,,,,,,,,,,,,,,,,,,,,,,,,,,,,,,,,,
Vaporeon,2023-05,Nothing,100.000,,,,,,,,,,,,,,,,,,,,,,,,,,,,,,,,,,,,,,,,
Raticate,2023-05,Nothing,100.000,,,,,,,,,,,,,,,,,,,,,,,,,,,,,,,,,,,,,,,,
Lickitung,2023-05,Nothing,100.000,,,,,,,,,,,,,,,,,,,,,,,,,,,,,,,,,,,,,,,,
Electabuzz,2023-05,Nothing,100.000,,,,,,,,,,,,,,,,,,,,,,,,,,,,,,,,,,,,,,,,
Golduck,2023-05,Nothing,100.000,,,,,,,,,,,,,,,,,,,,,,,,,,,,,,,,,,,,,,,,
Rapidash,2023-05,Nothing,100.000,,,,,,,,,,,,,,,,,,,,,,,,,,,,,,,,,,,,,,,,
Magneton,2023-05,Nothing,100.000,,,,,,,,,,,,,,,,,,,,,,,,,,,,,,,,,,,,,,,,
Venomoth,2023-05,Nothing,100.000,,,,,,,,,,,,,,,,,,,,,,,,,,,,,,,,,,,,,,,,
Nidoqueen,2023-05,Nothing,100.000,,,,,,,,,,,,,,,,,,,,,,,,,,,,,,,,,,,,,,,,
Flareon,2023-05,Nothing,100.000,,,,,,,,,,,,,,,,,,,,,,,,,,,,,,,,,,,,,,,,
Kadabra,2023-05,Nothing,100.000,,,,,,,,,,,,,,,,,,,,,,,,,,,,,,,,,,,,,,,,
Wigglytuff,2023-05,Nothing,100.000,,,,,,,,,,,,,,,,,,,,,,,,,,,,,,,,,,,,,,,,
Beedrill,2023-05,Nothing,100.000,,,,,,,,,,,,,,,,,,,,,,,,,,,,,,,,,,,,,,,,
Golbat,2023-05,Nothing,100.000,,,,,,,,,,,,,,,,,,,,,,,,,,,,,,,,,,,,,,,,
Primeape,2023-05,Nothing,100.000,,,,,,,,,,,,,,,,,,,,,,,,,,,,,,,,,,,,,,,,
Aerodactyl,2023-05,Nothing,100.000,,,,,,,,,,,,,,,,,,,,,,,,,,,,,,,,,,,,,,,,
Mr. Mime,2023-05,Nothing,100.000,,,,,,,,,,,,,,,,,,,,,,,,,,,,,,,,,,,,,,,,
Blastoise,2023-05,Nothing,100.000,,,,,,,,,,,,,,,,,,,,,,,,,,,,,,,,,,,,,,,,
Muk,2023-05,Nothing,100.000,,,,,,,,,,,,,,,,,,,,,,,,,,,,,,,,,,,,,,,,
Pikachu,2023-05,Nothing,100.000,,,,,,,,,,,,,,,,,,,,,,,,,,,,,,,,,,,,,,,,
Pidgeot,2023-05,Nothing,100.000,,,,,,,,,,,,,,,,,,,,,,,,,,,,,,,,,,,,,,,,
Drowzee,2023-05,Nothing,100.000,,,,,,,,,,,,,,,,,,,,,,,,,,,,,,,,,,,,,,,,
Butterfree,2023-05,Nothing,100.000,,,,,,,,,,,,,,,,,,,,,,,,,,,,,,,,,,,,,,,,
Poliwhirl,2023-05,Nothing,100.000,,,,,,,,,,,,,,,,,,,,,,,,,,,,,,,,,,,,,,,,
Vileplume,2023-05,Nothing,100.000,,,,,,,,,,,,,,,,,,,,,,,,,,,,,,,,,,,,,,,,
Tauros,2023-06,Nothing,100.000,,,,,,,,,,,,,,,,,,,,,,,,,,,,,,,,,,,,,,,,
Snorlax,2023-06,Nothing,100.000,,,,,,,,,,,,,,,,,,,,,,,,,,,,,,,,,,,,,,,,
Chansey,2023-06,Nothing,100.000,,,,,,,,,,,,,,,,,,,,,,,,,,,,,,,,,,,,,,,,
Exeggutor,2023-06,Nothing,100.000,,,,,,,,,,,,,,,,,,,,,,,,,,,,,,,,,,,,,,,,
Starmie,2023-06,Nothing,100.000,,,,,,,,,,,,,,,,,,,,,,,,,,,,,,,,,,,,,,,,
Alakazam,2023-06,Nothing,100.000,,,,,,,,,,,,,,,,,,,,,,,,,,,,,,,,,,,,,,,,
Rhydon,2023-06,Nothing,100.000,,,,,,,,,,,,,,,,,,,,,,,,,,,,,,,,,,,,,,,,
Gengar,2023-06,Nothing,100.000,,,,,,,,,,,,,,,,,,,,,,,,,,,,,,,,,,,,,,,,
Cloyster,2023-06,Nothing,100.000,,,,,,,,,,,,,,,,,,,,,,,,,,,,,,,,,,,,,,,,
Jynx,2023-06,Nothing,100.000,,,,,,,,,,,,,,,,,,,,,,,,,,,,,,,,,,,,,,,,
Zapdos,2023-06,Nothing,100.000,,,,,,,,,,,,,,,,,,,,,,,,,,,,,,,,,,,,,,,,
Slowbro,2023-06,Nothing,100.000,,,,,,,,,,,,,,,,,,,,,,,,,,,,,,,,,,,,,,,,
Jolteon,2023-06,Nothing,100.000,,,,,,,,,,,,,,,,,,,,,,,,,,,,,,,,,,,,,,,,
Dragonite,2023-06,Nothing,100.000,,,,,,,,,,,,,,,,,,,,,,,,,,,,,,,,,,,,,,,,
Persian,2023-06,Nothing,100.000,,,,,,,,,,,,,,,,,,,,,,,,,,,,,,,,,,,,,,,,
Victreebel,2023-06,Nothing,100.000,,,,,,,,,,,,,,,,,,,,,,,,,,,,,,,,,,,,,,,,
Lapras,2023-06,Nothing,100.000,,,,,,,,,,,,,,,,,,,,,,,,,,,,,,,,,,,,,,,,
Hypno,2023-06,Nothing,100.000,,,,,,,,,,,,,,,,,,,,,,,,,,,,,,,,,,,,,,,,
Articuno,2023-06,Nothing,100.000,,,,,,,,,,,,,,,,,,,,,,,,,,,,,,,,,,,,,,,,
Golem,2023-06,Nothing,100.000,,,,,,,,,,,,,,,,,,,,,,,,,,,,,,,,,,,,,,,,
Charizard,2023-06,Nothing,100.000,,,,,,,,,,,,,,,,,,,,,,,,,,,,,,,,,,,,,,,,
Porygon,2023-06,Nothing,100.000,,,,,,,,,,,,,,,,,,,,,,,,,,,,,,,,,,,,,,,,
Arbok,2023-06,Nothing,100.000,,,,,,,,,,,,,,,,,,,,,,,,,,,,,,,,,,,,,,,,
Moltres,2023-06,Nothing,100.000,,,,,,,,,,,,,,,,,,,,,,,,,,,,,,,,,,,,,,,,
Kingler,2023-06,Nothing,100.000,,,,,,,,,,,,,,,,,,,,,,,,,,,,,,,,,,,,,,,,
Dugtrio,2023-06,Nothing,100.000,,,,,,,,,,,,,,,,,,,,,,,,,,,,,,,,,,,,,,,,
Onix,2023-06,Nothing,100.000,,,,,,,,,,,,,,,,,,,,,,,,,,,,,,,,,,,,,,,,
Sandslash,2023-06,Nothing,100.000,,,,,,,,,,,,,,,,,,,,,,,,,,,,,,,,,,,,,,,,
Tentacruel,2023-06,Nothing,100.000,,,,,,,,,,,,,,,,,,,,,,,,,,,,,,,,,,,,,,,,
Kabutops,2023-06,Nothing,100.000,,,,,,,,,,,,,,,,,,,,,,,,,,,,,,,,,,,,,,,,
Kangaskhan,2023-06,Nothing,100.000,,,,,,,,,,,,,,,,,,,,,,,,,,,,,,,,,,,,,,,,
Aerodactyl,2023-06,Nothing,100.000,,,,,,,,,,,,,,,,,,,,,,,,,,,,,,,,,,,,,,,,
Gyarados,2023-06,Nothing,100.000,,,,,,,,,,,,,,,,,,,,,,,,,,,,,,,,,,,,,,,,
Omastar,2023-06,Nothing,100.000,,,,,,,,,,,,,,,,,,,,,,,,,,,,,,,,,,,,,,,,
Parasect,2023-06,Nothing,100.000,,,,,,,,,,,,,,,,,,,,,,,,,,,,,,,,,,,,,,,,
Raichu,2023-06,Nothing,100.000,,,,,,,,,,,,,,,,,,,,,,,,,,,,,,,,,,,,,,,,
Electrode,2023-06,Nothing,100.000,,,,,,,,,,,,,,,,,,,,,,,,,,,,,,,,,,,,,,,,
Venusaur,2023-06,Nothing,100.000,,,,,,,,,,,,,,,,,,,,,,,,,,,,,,,,,,,,,,,,
Clefable,2023-06,Nothing,100.000,,,,,,,,,,,,,,,,,,,,,,,,,,,,,,,,,,,,,,,,
Pinsir,2023-06,Nothing,100.000,,,,,,,,,,,,,,,,,,,,,,,,,,,,,,,,,,,,,,,,
Ninetales,2023-06,Nothing,100.000,,,,,,,,,,,,,,,,,,,,,,,,,,,,,,,,,,,,,,,,
Dodrio,2023-06,Nothing,100.000,,,,,,,,,,,,,,,,,,,,,,,,,,,,,,,,,,,,,,,,
Raticate,2023-06,Nothing,100.000,,,,,,,,,,,,,,,,,,,,,,,,,,,,,,,,,,,,,,,,
Poliwrath,2023-06,Nothing,100.000,,,,,,,,,,,,,,,,,,,,,,,,,,,,,,,,,,,,,,,,
Arcanine,2023-06,Nothing,100.000,,,,,,,,,,,,,,,,,,,,,,,,,,,,,,,,,,,,,,,,
Dragonair,2023-06,Nothing,100.000,,,,,,,,,,,,,,,,,,,,,,,,,,,,,,,,,,,,,,,,
Kadabra,2023-06,Nothing,100.000,,,,,,,,,,,,,,,,,,,,,,,,,,,,,,,,,,,,,,,,
Nidoking,2023-06,Nothing,100.000,,,,,,,,,,,,,,,,,,,,,,,,,,,,,,,,,,,,,,,,
Rapidash,2023-06,Nothing,100.000,,,,,,,,,,,,,,,,,,,,,,,,,,,,,,,,,,,,,,,,
Machamp,2023-06,Nothing,100.000,,,,,,,,,,,,,,,,,,,,,,,,,,,,,,,,,,,,,,,,
Hitmonchan,2023-06,Nothing,100.000,,,,,,,,,,,,,,,,,,,,,,,,,,,,,,,,,,,,,,,,
Blastoise,2023-06,Nothing,100.000,,,,,,,,,,,,,,,,,,,,,,,,,,,,,,,,,,,,,,,,
Haunter,2023-06,Nothing,100.000,,,,,,,,,,,,,,,,,,,,,,,,,,,,,,,,,,,,,,,,
Hitmonlee,2023-06,Nothing,100.000,,,,,,,,,,,,,,,,,,,,,,,,,,,,,,,,,,,,,,,,
Tangela,2023-06,Nothing,100.000,,,,,,,,,,,,,,,,,,,,,,,,,,,,,,,,,,,,,,,,
Fearow,2023-06,Nothing,100.000,,,,,,,,,,,,,,,,,,,,,,,,,,,,,,,,,,,,,,,,
Golduck,2023-06,Nothing,100.000,,,,,,,,,,,,,,,,,,,,,,,,,,,,,,,,,,,,,,,,
Flareon,2023-06,Nothing,100.000,,,,,,,,,,,,,,,,,,,,,,,,,,,,,,,,,,,,,,,,
Venomoth,2023-06,Nothing,100.000,,,,,,,,,,,,,,,,,,,,,,,,,,,,,,,,,,,,,,,,
Lickitung,2023-06,Nothing,100.000,,,,,,,,,,,,,,,,,,,,,,,,,,,,,,,,,,,,,,,,
Electabuzz,2023-06,Nothing,100.000,,,,,,,,,,,,,,,,,,,,,,,,,,,,,,,,,,,,,,,,
Muk,2023-06,Nothing,100.000,,,,,,,,,,,,,,,,,,,,,,,,,,,,,,,,,,,,,,,,
Wigglytuff,2023-06,Nothing,100.000,,,,,,,,,,,,,,,,,,,,,,,,,,,,,,,,,,,,,,,,
Scyther,2023-06,Nothing,100.000,,,,,,,,,,,,,,,,,,,,,,,,,,,,,,,,,,,,,,,,
Mr. Mime,2023-06,Nothing,100.000,,,,,,,,,,,,,,,,,,,,,,,,,,,,,,,,,,,,,,,,
Vaporeon,2023-06,Nothing,100.000,,,,,,,,,,,,,,,,,,,,,,,,,,,,,,,,,,,,,,,,
Graveler,2023-06,Nothing,100.000,,,,,,,,,,,,,,,,,,,,,,,,,,,,,,,,,,,,,,,,
Dewgong,2023-06,Nothing,100.000,,,,,,,,,,,,,,,,,,,,,,,,,,,,,,,,,,,,,,,,
Pidgeot,2023-06,Nothing,100.000,,,,,,,,,,,,,,,,,,,,,,,,,,,,,,,,,,,,,,,,
Nidoqueen,2023-06,Nothing,100.000,,,,,,,,,,,,,,,,,,,,,,,,,,,,,,,,,,,,,,,,
Weezing,2023-06,Nothing,100.000,,,,,,,,,,,,,,,,,,,,,,,,,,,,,,,,,,,,,,,,
Magneton,2023-06,Nothing,100.000,,,,,,,,,,,,,,,,,,,,,,,,,,,,,,,,,,,,,,,,
Seaking,2023-06,Nothing,100.000,,,,,,,,,,,,,,,,,,,,,,,,,,,,,,,,,,,,,,,,
Meowth,2023-06,Nothing,100.000,,,,,,,,,,,,,,,,,,,,,,,,,,,,,,,,,,,,,,,,
Tauros,2023-07,Nothing,100.000,,,,,,,,,,,,,,,,,,,,,,,,,,,,,,,,,,,,,,,,
Snorlax,2023-07,Nothing,100.000,,,,,,,,,,,,,,,,,,,,,,,,,,,,,,,,,,,,,,,,
Chansey,2023-07,Nothing,100.000,,,,,,,,,,,,,,,,,,,,,,,,,,,,,,,,,,,,,,,,
Exeggutor,2023-07,Nothing,100.000,,,,,,,,,,,,,,,,,,,,,,,,,,,,,,,,,,,,,,,,
Starmie,2023-07,Nothing,100.000,,,,,,,,,,,,,,,,,,,,,,,,,,,,,,,,,,,,,,,,
Alakazam,2023-07,Nothing,100.000,,,,,,,,,,,,,,,,,,,,,,,,,,,,,,,,,,,,,,,,
Gengar,2023-07,Nothing,100.000,,,,,,,,,,,,,,,,,,,,,,,,,,,,,,,,,,,,,,,,
Rhydon,2023-07,Nothing,100.000,,,,,,,,,,,,,,,,,,,,,,,,,,,,,,,,,,,,,,,,
Cloyster,2023-07,Nothing,100.000,,,,,,,,,,,,,,,,,,,,,,,,,,,,,,,,,,,,,,,,
Jynx,2023-07,Nothing,100.000,,,,,,,,,,,,,,,,,,,,,,,,,,,,,,,,,,,,,,,,
Zapdos,2023-07,Nothing,100.000,,,,,,,,,,,,,,,,,,,,,,,,,,,,,,,,,,,,,,,,
Slowbro,2023-07,Nothing,100.000,,,,,,,,,,,,,,,,,,,,,,,,,,,,,,,,,,,,,,,,
Jolteon,2023-07,Nothing,100.000,,,,,,,,,,,,,,,,,,,,,,,,,,,,,,,,,,,,,,,,
Persian,2023-07,Nothing,100.000,,,,,,,,,,,,,,,,,,,,,,,,,,,,,,,,,,,,,,,,
Dragonite,2023-07,Nothing,100.000,,,,,,,,,,,,,,,,,,,,,,,,,,,,,,,,,,,,,,,,
Victreebel,2023-07,Nothing,100.000,,,,,,,,,,,,,,,,,,,,,,,,,,,,,,,,,,,,,,,,
Lapras,2023-07,Nothing,100.000,,,,,,,,,,,,,,,,,,,,,,,,,,,,,,,,,,,,,,,,
Articuno,2023-07,Nothing,100.000,,,,,,,,,,,,,,,,,,,,,,,,,,,,,,,,,,,,,,,,
Golem,2023-07,Nothing,100.000,,,,,,,,,,,,,,,,,,,,,,,,,,,,,,,,,,,,,,,,
Moltres,2023-07,Nothing,100.000,,,,,,,,,,,,,,,,,,,,,,,,,,,,,,,,,,,,,,,,
Hypno,2023-07,Nothing,100.000,,,,,,,,,,,,,,,,,,,,,,,,,,,,,,,,,,,,,,,,
Dugtrio,2023-07,Nothing,100.000,,,,,,,,,,,,,,,,,,,,,,,,,,,,,,,,,,,,,,,,
Kadabra,2023-07,Nothing,100.000,,,,,,,,,,,,,,,,,,,,,,,,,,,,,,,,,,,,,,,,
Dragonair,2023-07,Nothing,100.000,,,,,,,,,,,,,,,,,,,,,,,,,,,,,,,,,,,,,,,,
Porygon,2023-07,Nothing,100.000,,,,,,,,,,,,,,,,,,,,,,,,,,,,,,,,,,,,,,,,
Aerodactyl,2023-07,Nothing,100.000,,,,,,,,,,,,,,,,,,,,,,,,,,,,,,,,,,,,,,,,
Sandslash,2023-07,Nothing,100.000,,,,,,,,,,,,,,,,,,,,,,,,,,,,,,,,,,,,,,,,
Parasect,2023-07,Nothing,100.000,,,,,,,,,,,,,,,,,,,,,,,,,,,,,,,,,,,,,,,,
Kabutops,2023-07,Nothing,100.000,,,,,,,,,,,,,,,,,,,,,,,,,,,,,,,,,,,,,,,,
Omastar,2023-07,Nothing,100.000,,,,,,,,,,,,,,,,,,,,,,,,,,,,,,,,,,,,,,,,
Kingler,2023-07,Nothing,100.000,,,,,,,,,,,,,,,,,,,,,,,,,,,,,,,,,,,,,,,,
Raichu,2023-07,Nothing,100.000,,,,,,,,,,,,,,,,,,,,,,,,,,,,,,,,,,,,,,,,
Kangaskhan,2023-07,Nothing,100.000,,,,,,,,,,,,,,,,,,,,,,,,,,,,,,,,,,,,,,,,
Raticate,2023-07,Nothing,100.000,,,,,,,,,,,,,,,,,,,,,,,,,,,,,,,,,,,,,,,,
Electrode,2023-07,Nothing,100.000,,,,,,,,,,,,,,,,,,,,,,,,,,,,,,,,,,,,,,,,
Arbok,2023-07,Nothing,100.000,,,,,,,,,,,,,,,,,,,,,,,,,,,,,,,,,,,,,,,,
Venusaur,2023-07,Nothing,100.000,,,,,,,,,,,,,,,,,,,,,,,,,,,,,,,,,,,,,,,,
Dodrio,2023-07,Nothing,100.000,,,,,,,,,,,,,,,,,,,,,,,,,,,,,,,,,,,,,,,,
Gyarados,2023-07,Nothing,100.000,,,,,,,,,,,,,,,,,,,,,,,,,,,,,,,,,,,,,,,,
Onix,2023-07,Nothing,100.000,,,,,,,,,,,,,,,,,,,,,,,,,,,,,,,,,,,,,,,,
Pinsir,2023-07,Nothing,100.000,,,,,,,,,,,,,,,,,,,,,,,,,,,,,,,,,,,,,,,,
Haunter,2023-07,Nothing,100.000,,,,,,,,,,,,,,,,,,,,,,,,,,,,,,,,,,,,,,,,
Lickitung,2023-07,Nothing,100.000,,,,,,,,,,,,,,,,,,,,,,,,,,,,,,,,,,,,,,,,
Charizard,2023-07,Nothing,100.000,,,,,,,,,,,,,,,,,,,,,,,,,,,,,,,,,,,,,,,,
Clefable,2023-07,Nothing,100.000,,,,,,,,,,,,,,,,,,,,,,,,,,,,,,,,,,,,,,,,
Nidoqueen,2023-07,Nothing,100.000,,,,,,,,,,,,,,,,,,,,,,,,,,,,,,,,,,,,,,,,
Nidoking,2023-07,Nothing,100.000,,,,,,,,,,,,,,,,,,,,,,,,,,,,,,,,,,,,,,,,
Tangela,2023-07,Nothing,100.000,,,,,,,,,,,,,,,,,,,,,,,,,,,,,,,,,,,,,,,,
Machamp,2023-07,Nothing,100.000,,,,,,,,,,,,,,,,,,,,,,,,,,,,,,,,,,,,,,,,
Flareon,2023-07,Nothing,100.000,,,,,,,,,,,,,,,,,,,,,,,,,,,,,,,,,,,,,,,,
Tentacruel,2023-07,Nothing,100.000,,,,,,,,,,,,,,,,,,,,,,,,,,,,,,,,,,,,,,,,
Poliwrath,2023-07,Nothing,100.000,,,,,,,,,,,,,,,,,,,,,,,,,,,,,,,,,,,,,,,,
Hitmonchan,2023-07,Nothing,100.000,,,,,,,,,,,,,,,,,,,,,,,,,,,,,,,,,,,,,,,,
Ditto,2023-07,Nothing,100.000,,,,,,,,,,,,,,,,,,,,,,,,,,,,,,,,,,,,,,,,
Ninetales,2023-07,Nothing,100.000,,,,,,,,,,,,,,,,,,,,,,,,,,,,,,,,,,,,,,,,
Weezing,2023-07,Nothing,100.000,,,,,,,,,,,,,,,,,,,,,,,,,,,,,,,,,,,,,,,,
Blastoise,2023-07,Nothing,100.000,,,,,,,,,,,,,,,,,,,,,,,,,,,,,,,,,,,,,,,,
Wigglytuff,2023-07,Nothing,100.000,,,,,,,,,,,,,,,,,,,,,,,,,,,,,,,,,,,,,,,,
Muk,2023-07,Nothing,100.000,,,,,,,,,,,,,,,,,,,,,,,,,,,,,,,,,,,,,,,,
Vaporeon,2023-07,Nothing,100.000,,,,,,,,,,,,,,,,,,,,,,,,,,,,,,,,,,,,,,,,
Arcanine,2023-07,Nothing,100.000,,,,,,,,,,,,,,,,,,,,,,,,,,,,,,,,,,,,,,,,
Dewgong,2023-07,Nothing,100.000,,,,,,,,,,,,,,,,,,,,,,,,,,,,,,,,,,,,,,,,
Rapidash,2023-07,Nothing,100.000,,,,,,,,,,,,,,,,,,,,,,,,,,,,,,,,,,,,,,,,
Mr. Mime,2023-07,Nothing,100.000,,,,,,,,,,,,,,,,,,,,,,,,,,,,,,,,,,,,,,,,
Golbat,2023-07,Nothing,100.000,,,,,,,,,,,,,,,,,,,,,,,,,,,,,,,,,,,,,,,,
Electabuzz,2023-07,Nothing,100.000,,,,,,,,,,,,,,,,,,,,,,,,,,,,,,,,,,,,,,,,
Hitmonlee,2023-07,Nothing,100.000,,,,,,,,,,,,,,,,,,,,,,,,,,,,,,,,,,,,,,,,
Primeape,2023-07,Nothing,100.000,,,,,,,,,,,,,,,,,,,,,,,,,,,,,,,,,,,,,,,,
Venomoth,2023-07,Nothing,100.000,,,,,,,,,,,,,,,,,,,,,,,,,,,,,,,,,,,,,,,,
Golduck,2023-07,Nothing,100.000,,,,,,,,,,,,,,,,,,,,,,,,,,,,,,,,,,,,,,,,
Rhyhorn,2023-07,Nothing,100.000,,,,,,,,,,,,,,,,,,,,,,,,,,,,,,,,,,,,,,,,
Magmar,2023-07,Nothing,100.000,,,,,,,,,,,,,,,,,,,,,,,,,,,,,,,,,,,,,,,,
Vileplume,2023-07,Nothing,100.000,,,,,,,,,,,,,,,,,,,,,,,,,,,,,,,,,,,,,,,,
Beedrill,2023-07,Nothing,100.000,,,,,,,,,,,,,,,,,,,,,,,,,,,,,,,,,,,,,,,,
Magneton,2023-07,Nothing,100.000,,,,,,,,,,,,,,,,,,,,,,,,,,,,,,,,,,,,,,,,
Tauros,2023-08,Nothing,100.000,,,,,,,,,,,,,,,,,,,,,,,,,,,,,,,,,,,,,,,,
Snorlax,2023-08,Nothing,100.000,,,,,,,,,,,,,,,,,,,,,,,,,,,,,,,,,,,,,,,,
Chansey,2023-08,Nothing,100.000,,,,,,,,,,,,,,,,,,,,,,,,,,,,,,,,,,,,,,,,
Exeggutor,2023-08,Nothing,100.000,,,,,,,,,,,,,,,,,,,,,,,,,,,,,,,,,,,,,,,,
Starmie,2023-08,Nothing,100.000,,,,,,,,,,,,,,,,,,,,,,,,,,,,,,,,,,,,,,,,
Alakazam,2023-08,Nothing,100.000,,,,,,,,,,,,,,,,,,,,,,,,,,,,,,,,,,,,,,,,
Gengar,2023-08,Nothing,100.000,,,,,,,,,,,,,,,,,,,,,,,,,,,,,,,,,,,,,,,,
Rhydon,2023-08,Nothing,100.000,,,,,,,,,,,,,,,,,,,,,,,,,,,,,,,,,,,,,,,,
Jynx,2023-08,Nothing,100.000,,,,,,,,,,,,,,,,,,,,,,,,,,,,,,,,,,,,,,,,
Cloyster,2023-08,Nothing,100.000,,,,,,,,,,,,,,,,,,,,,,,,,,,,,,,,,,,,,,,,
Zapdos,2023-08,Nothing,100.000,,,,,,,,,,,,,,,,,,,,,,,,,,,,,,,,,,,,,,,,
Slowbro,2023-08,Nothing,100.000,,,,,,,,,,,,,,,,,,,,,,,,,,,,,,,,,,,,,,,,
Jolteon,2023-08,Nothing,100.000,,,,,,,,,,,,,,,,,,,,,,,,,,,,,,,,,,,,,,,,
Persian,2023-08,Nothing,100.000,,,,,,,,,,,,,,,,,,,,,,,,,,,,,,,,,,,,,,,,
Articuno,2023-08,Nothing,100.000,,,,,,,,,,,,,,,,,,,,,,,,,,,,,,,,,,,,,,,,
Golem,2023-08,Nothing,100.000,,,,,,,,,,,,,,,,,,,,,,,,,,,,,,,,,,,,,,,,
Lapras,2023-08,Nothing,100.000,,,,,,,,,,,,,,,,,,,,,,,,,,,,,,,,,,,,,,,,
Dragonite,2023-08,Nothing,100.000,,,,,,,,,,,,,,,,,,,,,,,,,,,,,,,,,,,,,,,,
Victreebel,2023-08,Nothing,100.000,,,,,,,,,,,,,,,,,,,,,,,,,,,,,,,,,,,,,,,,
Moltres,2023-08,Nothing,100.000,,,,,,,,,,,,,,,,,,,,,,,,,,,,,,,,,,,,,,,,
Raticate,2023-08,Nothing,100.000,,,,,,,,,,,,,,,,,,,,,,,,,,,,,,,,,,,,,,,,
Hypno,2023-08,Nothing,100.000,,,,,,,,,,,,,,,,,,,,,,,,,,,,,,,,,,,,,,,,
Venusaur,2023-08,Nothing,100.000,,,,,,,,,,,,,,,,,,,,,,,,,,,,,,,,,,,,,,,,
Parasect,2023-08,Nothing,100.000,,,,,,,,,,,,,,,,,,,,,,,,,,,,,,,,,,,,,,,,
Gyarados,2023-08,Nothing,100.000,,,,,,,,,,,,,,,,,,,,,,,,,,,,,,,,,,,,,,,,
Sandslash,2023-08,Nothing,100.000,,,,,,,,,,,,,,,,,,,,,,,,,,,,,,,,,,,,,,,,
Kingler,2023-08,Nothing,100.000,,,,,,,,,,,,,,,,,,,,,,,,,,,,,,,,,,,,,,,,
Flareon,2023-08,Nothing,100.000,,,,,,,,,,,,,,,,,,,,,,,,,,,,,,,,,,,,,,,,
Electrode,2023-08,Nothing,100.000,,,,,,,,,,,,,,,,,,,,,,,,,,,,,,,,,,,,,,,,
Pinsir,2023-08,Nothing,100.000,,,,,,,,,,,,,,,,,,,,,,,,,,,,,,,,,,,,,,,,
Arcanine,2023-08,Nothing,100.000,,,,,,,,,,,,,,,,,,,,,,,,,,,,,,,,,,,,,,,,
Dugtrio,2023-08,Nothing,100.000,,,,,,,,,,,,,,,,,,,,,,,,,,,,,,,,,,,,,,,,
Porygon,2023-08,Nothing,100.000,,,,,,,,,,,,,,,,,,,,,,,,,,,,,,,,,,,,,,,,
Charizard,2023-08,Nothing,100.000,,,,,,,,,,,,,,,,,,,,,,,,,,,,,,,,,,,,,,,,
Seel,2023-08,Nothing,100.000,,,,,,,,,,,,,,,,,,,,,,,,,,,,,,,,,,,,,,,,
Raichu,2023-08,Nothing,100.000,,,,,,,,,,,,,,,,,,,,,,,,,,,,,,,,,,,,,,,,
Poliwrath,2023-08,Nothing,100.000,,,,,,,,,,,,,,,,,,,,,,,,,,,,,,,,,,,,,,,,
Machamp,2023-08,Nothing,100.000,,,,,,,,,,,,,,,,,,,,,,,,,,,,,,,,,,,,,,,,
Dodrio,2023-08,Nothing,100.000,,,,,,,,,,,,,,,,,,,,,,,,,,,,,,,,,,,,,,,,
Kabutops,2023-08,Nothing,100.000,,,,,,,,,,,,,,,,,,,,,,,,,,,,,,,,,,,,,,,,
Kangaskhan,2023-08,Nothing,100.000,,,,,,,,,,,,,,,,,,,,,,,,,,,,,,,,,,,,,,,,
Dewgong,2023-08,Nothing,100.000,,,,,,,,,,,,,,,,,,,,,,,,,,,,,,,,,,,,,,,,
Vaporeon,2023-08,Nothing,100.000,,,,,,,,,,,,,,,,,,,,,,,,,,,,,,,,,,,,,,,,
Aerodactyl,2023-08,Nothing,100.000,,,,,,,,,,,,,,,,,,,,,,,,,,,,,,,,,,,,,,,,
Vileplume,2023-08,Nothing,100.000,,,,,,,,,,,,,,,,,,,,,,,,,,,,,,,,,,,,,,,,
Arbok,2023-08,Nothing,100.000,,,,,,,,,,,,,,,,,,,,,,,,,,,,,,,,,,,,,,,,
Kadabra,2023-08,Nothing,100.000,,,,,,,,,,,,,,,,,,,,,,,,,,,,,,,,,,,,,,,,
Electabuzz,2023-08,Nothing,100.000,,,,,,,,,,,,,,,,,,,,,,,,,,,,,,,,,,,,,,,,
Tangela,2023-08,Nothing,100.000,,,,,,,,,,,,,,,,,,,,,,,,,,,,,,,,,,,,,,,,
Tentacruel,2023-08,Nothing,100.000,,,,,,,,,,,,,,,,,,,,,,,,,,,,,,,,,,,,,,,,
Blastoise,2023-08,Nothing,100.000,,,,,,,,,,,,,,,,,,,,,,,,,,,,,,,,,,,,,,,,
Rapidash,2023-08,Nothing,100.000,,,,,,,,,,,,,,,,,,,,,,,,,,,,,,,,,,,,,,,,
Nidoking,2023-08,Nothing,100.000,,,,,,,,,,,,,,,,,,,,,,,,,,,,,,,,,,,,,,,,
Haunter,2023-08,Nothing,100.000,,,,,,,,,,,,,,,,,,,,,,,,,,,,,,,,,,,,,,,,
Ninetales,2023-08,Nothing,100.000,,,,,,,,,,,,,,,,,,,,,,,,,,,,,,,,,,,,,,,,
Hitmonchan,2023-08,Nothing,100.000,,,,,,,,,,,,,,,,,,,,,,,,,,,,,,,,,,,,,,,,
Magneton,2023-08,Nothing,100.000,,,,,,,,,,,,,,,,,,,,,,,,,,,,,,,,,,,,,,,,
Muk,2023-08,Nothing,100.000,,,,,,,,,,,,,,,,,,,,,,,,,,,,,,,,,,,,,,,,
Poliwhirl,2023-08,Nothing,100.000,,,,,,,,,,,,,,,,,,,,,,,,,,,,,,,,,,,,,,,,
Nidoqueen,2023-08,Nothing,100.000,,,,,,,,,,,,,,,,,,,,,,,,,,,,,,,,,,,,,,,,
Clefable,2023-08,Nothing,100.000,,,,,,,,,,,,,,,,,,,,,,,,,,,,,,,,,,,,,,,,
Golduck,2023-08,Nothing,100.000,,,,,,,,,,,,,,,,,,,,,,,,,,,,,,,,,,,,,,,,
Venomoth,2023-08,Nothing,100.000,,,,,,,,,,,,,,,,,,,,,,,,,,,,,,,,,,,,,,,,
Omastar,2023-08,Nothing,100.000,,,,,,,,,,,,,,,,,,,,,,,,,,,,,,,,,,,,,,,,
Hitmonlee,2023-08,Nothing,100.000,,,,,,,,,,,,,,,,,,,,,,,,,,,,,,,,,,,,,,,,
Scyther,2023-08,Nothing,100.000,,,,,,,,,,,,,,,,,,,,,,,,,,,,,,,,,,,,,,,,
Wigglytuff,2023-08,Nothing,100.000,,,,,,,,,,,,,,,,,,,,,,,,,,,,,,,,,,,,,,,,
Seadra,2023-08,Nothing,100.000,,,,,,,,,,,,,,,,,,,,,,,,,,,,,,,,,,,,,,,,
Ditto,2023-08,Nothing,100.000,,,,,,,,,,,,,,,,,,,,,,,,,,,,,,,,,,,,,,,,
Graveler,2023-08,Nothing,100.000,,,,,,,,,,,,,,,,,,,,,,,,,,,,,,,,,,,,,,,,
Gloom,2023-08,Nothing,100.000,,,,,,,,,,,,,,,,,,,,,,,,,,,,,,,,,,,,,,,,
Pikachu,2023-08,Nothing,100.000,,,,,,,,,,,,,,,,,,,,,,,,,,,,,,,,,,,,,,,,
Dragonair,2023-08,Nothing,100.000,,,,,,,,,,,,,,,,,,,,,,,,,,,,,,,,,,,,,,,,
Onix,2023-08,Nothing,100.000,,,,,,,,,,,,,,,,,,,,,,,,,,,,,,,,,,,,,,,,
Magmar,2023-08,Nothing,100.000,,,,,,,,,,,,,,,,,,,,,,,,,,,,,,,,,,,,,,,,
Primeape,2023-08,Nothing,100.000,,,,,,,,,,,,,,,,,,,,,,,,,,,,,,,,,,,,,,,,
Marowak,2023-08,Nothing,100.000,,,,,,,,,,,,,,,,,,,,,,,,,,,,,,,,,,,,,,,,
Beedrill,2023-08,Nothing,100.000,,,,,,,,,,,,,,,,,,,,,,,,,,,,,,,,,,,,,,,,
Lickitung,2023-08,Nothing,100.000,,,,,,,,,,,,,,,,,,,,,,,,,,,,,,,,,,,,,,,,
Pidgeot,2023-08,Nothing,100.000,,,,,,,,,,,,,,,,,,,,,,,,,,,,,,,,,,,,,,,,
Weezing,2023-08,Nothing,100.000,,,,,,,,,,,,,,,,,,,,,,,,,,,,,,,,,,,,,,,,
Tauros,2023-09,Nothing,100.000,,,,,,,,,,,,,,,,,,,,,,,,,,,,,,,,,,,,,,,,
Snorlax,2023-09,Nothing,100.000,,,,,,,,,,,,,,,,,,,,,,,,,,,,,,,,,,,,,,,,
Chansey,2023-09,Nothing,100.000,,,,,,,,,,,,,,,,,,,,,,,,,,,,,,,,,,,,,,,,
Exeggutor,2023-09,Nothing,100.000,,,,,,,,,,,,,,,,,,,,,,,,,,,,,,,,,,,,,,,,
Starmie,2023-09,Nothing,100.000,,,,,,,,,,,,,,,,,,,,,,,,,,,,,,,,,,,,,,,,
Alakazam,2023-09,Nothing,100.000,,,,,,,,,,,,,,,,,,,,,,,,,,,,,,,,,,,,,,,,
Rhydon,2023-09,Nothing,100.000,,,,,,,,,,,,,,,,,,,,,,,,,,,,,,,,,,,,,,,,
Gengar,2023-09,Nothing,100.000,,,,,,,,,,,,,,,,,,,,,,,,,,,,,,,,,,,,,,,,
Zapdos,2023-09,Nothing,100.000,,,,,,,,,,,,,,,,,,,,,,,,,,,,,,,,,,,,,,,,
Jynx,2023-09,Nothing,100.000,,,,,,,,,,,,,,,,,,,,,,,,,,,,,,,,,,,,,,,,
Cloyster,2023-09,Nothing,100.000,,,,,,,,,,,,,,,,,,,,,,,,,,,,,,,,,,,,,,,,
Jolteon,2023-09,Nothing,100.000,,,,,,,,,,,,,,,,,,,,,,,,,,,,,,,,,,,,,,,,
Persian,2023-09,Nothing,100.000,,,,,,,,,,,,,,,,,,,,,,,,,,,,,,,,,,,,,,,,
Slowbro,2023-09,Nothing,100.000,,,,,,,,,,,,,,,,,,,,,,,,,,,,,,,,,,,,,,,,
Articuno,2023-09,Nothing,100.000,,,,,,,,,,,,,,,,,,,,,,,,,,,,,,,,,,,,,,,,
Lapras,2023-09,Nothing,100.000,,,,,,,,,,,,,,,,,,,,,,,,,,,,,,,,,,,,,,,,
Moltres,2023-09,Nothing,100.000,,,,,,,,,,,,,,,,,,,,,,,,,,,,,,,,,,,,,,,,
Hypno,2023-09,Nothing,100.000,,,,,,,,,,,,,,,,,,,,,,,,,,,,,,,,,,,,,,,,
Golem,2023-09,Nothing,100.000,,,,,,,,,,,,,,,,,,,,,,,,,,,,,,,,,,,,,,,,
Dragonite,2023-09,Nothing,100.000,,,,,,,,,,,,,,,,,,,,,,,,,,,,,,,,,,,,,,,,
Victreebel,2023-09,Nothing,100.000,,,,,,,,,,,,,,,,,,,,,,,,,,,,,,,,,,,,,,,,
Kangaskhan,2023-09,Nothing,100.000,,,,,,,,,,,,,,,,,,,,,,,,,,,,,,,,,,,,,,,,
Charizard,2023-09,Nothing,100.000,,,,,,,,,,,,,,,,,,,,,,,,,,,,,,,,,,,,,,,,
Pinsir,2023-09,Nothing,100.000,,,,,,,,,,,,,,,,,,,,,,,,,,,,,,,,,,,,,,,,
Arcanine,2023-09,Nothing,100.000,,,,,,,,,,,,,,,,,,,,,,,,,,,,,,,,,,,,,,,,
Kingler,2023-09,Nothing,100.000,,,,,,,,,,,,,,,,,,,,,,,,,,,,,,,,,,,,,,,,
Onix,2023-09,Nothing,100.000,,,,,,,,,,,,,,,,,,,,,,,,,,,,,,,,,,,,,,,,
Electrode,2023-09,Nothing,100.000,,,,,,,,,,,,,,,,,,,,,,,,,,,,,,,,,,,,,,,,
Dugtrio,2023-09,Nothing,100.000,,,,,,,,,,,,,,,,,,,,,,,,,,,,,,,,,,,,,,,,
Porygon,2023-09,Nothing,100.000,,,,,,,,,,,,,,,,,,,,,,,,,,,,,,,,,,,,,,,,
Gyarados,2023-09,Nothing,100.000,,,,,,,,,,,,,,,,,,,,,,,,,,,,,,,,,,,,,,,,
Raichu,2023-09,Nothing,100.000,,,,,,,,,,,,,,,,,,,,,,,,,,,,,,,,,,,,,,,,
Sandslash,2023-09,Nothing,100.000,,,,,,,,,,,,,,,,,,,,,,,,,,,,,,,,,,,,,,,,
Venusaur,2023-09,Nothing,100.000,,,,,,,,,,,,,,,,,,,,,,,,,,,,,,,,,,,,,,,,
Raticate,2023-09,Nothing,100.000,,,,,,,,,,,,,,,,,,,,,,,,,,,,,,,,,,,,,,,,
Machamp,2023-09,Nothing,100.000,,,,,,,,,,,,,,,,,,,,,,,,,,,,,,,,,,,,,,,,
Clefable,2023-09,Nothing,100.000,,,,,,,,,,,,,,,,,,,,,,,,,,,,,,,,,,,,,,,,
Kabutops,2023-09,Nothing,100.000,,,,,,,,,,,,,,,,,,,,,,,,,,,,,,,,,,,,,,,,
Parasect,2023-09,Nothing,100.000,,,,,,,,,,,,,,,,,,,,,,,,,,,,,,,,,,,,,,,,
Poliwrath,2023-09,Nothing,100.000,,,,,,,,,,,,,,,,,,,,,,,,,,,,,,,,,,,,,,,,
Ninetales,2023-09,Nothing,100.000,,,,,,,,,,,,,,,,,,,,,,,,,,,,,,,,,,,,,,,,
Pidgeot,2023-09,Nothing,100.000,,,,,,,,,,,,,,,,,,,,,,,,,,,,,,,,,,,,,,,,
Aerodactyl,2023-09,Nothing,100.000,,,,,,,,,,,,,,,,,,,,,,,,,,,,,,,,,,,,,,,,
Nidoking,2023-09,Nothing,100.000,,,,,,,,,,,,,,,,,,,,,,,,,,,,,,,,,,,,,,,,
Dodrio,2023-09,Nothing,100.000,,,,,,,,,,,,,,,,,,,,,,,,,,,,,,,,,,,,,,,,
Vaporeon,2023-09,Nothing,100.000,,,,,,,,,,,,,,,,,,,,,,,,,,,,,,,,,,,,,,,,
Butterfree,2023-09,Nothing,100.000,,,,,,,,,,,,,,,,,,,,,,,,,,,,,,,,,,,,,,,,
Poliwhirl,2023-09,Nothing,100.000,,,,,,,,,,,,,,,,,,,,,,,,,,,,,,,,,,,,,,,,
Tentacruel,2023-09,Nothing,100.000,,,,,,,,,,,,,,,,,,,,,,,,,,,,,,,,,,,,,,,,
Marowak,2023-09,Nothing,100.000,,,,,,,,,,,,,,,,,,,,,,,,,,,,,,,,,,,,,,,,
Hitmonchan,2023-09,Nothing,100.000,,,,,,,,,,,,,,,,,,,,,,,,,,,,,,,,,,,,,,,,
Diglett,2023-09,Nothing,100.000,,,,,,,,,,,,,,,,,,,,,,,,,,,,,,,,,,,,,,,,
Weepinbell,2023-09,Nothing,100.000,,,,,,,,,,,,,,,,,,,,,,,,,,,,,,,,,,,,,,,,
Omastar,2023-09,Nothing,100.000,,,,,,,,,,,,,,,,,,,,,,,,,,,,,,,,,,,,,,,,
Seadra,2023-09,Nothing,100.000,,,,,,,,,,,,,,,,,,,,,,,,,,,,,,,,,,,,,,,,
Wigglytuff,2023-09,Nothing,100.000,,,,,,,,,,,,,,,,,,,,,,,,,,,,,,,,,,,,,,,,
Arbok,2023-09,Nothing,100.000,,,,,,,,,,,,,,,,,,,,,,,,,,,,,,,,,,,,,,,,
Rapidash,2023-09,Nothing,100.000,,,,,,,,,,,,,,,,,,,,,,,,,,,,,,,,,,,,,,,,
Drowzee,2023-09,Nothing,100.000,,,,,,,,,,,,,,,,,,,,,,,,,,,,,,,,,,,,,,,,
Primeape,2023-09,Nothing,100.000,,,,,,,,,,,,,,,,,,,,,,,,,,,,,,,,,,,,,,,,
Haunter,2023-09,Nothing,100.000,,,,,,,,,,,,,,,,,,,,,,,,,,,,,,,,,,,,,,,,
Tangela,2023-09,Nothing,100.000,,,,,,,,,,,,,,,,,,,,,,,,,,,,,,,,,,,,,,,,
Electabuzz,2023-09,Nothing,100.000,,,,,,,,,,,,,,,,,,,,,,,,,,,,,,,,,,,,,,,,
Magikarp,2023-09,Nothing,100.000,,,,,,,,,,,,,,,,,,,,,,,,,,,,,,,,,,,,,,,,
Magneton,2023-09,Nothing,100.000,,,,,,,,,,,,,,,,,,,,,,,,,,,,,,,,,,,,,,,,
Dragonair,2023-09,Nothing,100.000,,,,,,,,,,,,,,,,,,,,,,,,,,,,,,,,,,,,,,,,
Nidoqueen,2023-09,Nothing,100.000,,,,,,,,,,,,,,,,,,,,,,,,,,,,,,,,,,,,,,,,
Gastly,2023-09,Nothing,100.000,,,,,,,,,,,,,,,,,,,,,,,,,,,,,,,,,,,,,,,,
Farfetch'd,2023-09,Nothing,100.000,,,,,,,,,,,,,,,,,,,,,,,,,,,,,,,,,,,,,,,,
Clefairy,2023-09,Nothing,100.000,,,,,,,,,,,,,,,,,,,,,,,,,,,,,,,,,,,,,,,,
Muk,2023-09,Nothing,100.000,,,,,,,,,,,,,,,,,,,,,,,,,,,,,,,,,,,,,,,,
Flareon,2023-09,Nothing,100.000,,,,,,,,,,,,,,,,,,,,,,,,,,,,,,,,,,,,,,,,
Kadabra,2023-09,Nothing,100.000,,,,,,,,,,,,,,,,,,,,,,,,,,,,,,,,,,,,,,,,
Vileplume,2023-09,Nothing,100.000,,,,,,,,,,,,,,,,,,,,,,,,,,,,,,,,,,,,,,,,
Venomoth,2023-09,Nothing,100.000,,,,,,,,,,,,,,,,,,,,,,,,,,,,,,,,,,,,,,,,
Blastoise,2023-09,Nothing,100.000,,,,,,,,,,,,,,,,,,,,,,,,,,,,,,,,,,,,,,,,
Fearow,2023-09,Nothing,100.000,,,,,,,,,,,,,,,,,,,,,,,,,,,,,,,,,,,,,,,,
Dewgong,2023-09,Nothing,100.000,,,,,,,,,,,,,,,,,,,,,,,,,,,,,,,,,,,,,,,,
Weezing,2023-09,Nothing,100.000,,,,,,,,,,,,,,,,,,,,,,,,,,,,,,,,,,,,,,,,
Hitmonlee,2023-09,Nothing,100.000,,,,,,,,,,,,,,,,,,,,,,,,,,,,,,,,,,,,,,,,
Graveler,2023-09,Nothing,100.000,,,,,,,,,,,,,,,,,,,,,,,,,,,,,,,,,,,,,,,,
Seaking,2023-09,Nothing,100.000,,,,,,,,,,,,,,,,,,,,,,,,,,,,,,,,,,,,,,,,
Magmar,2023-09,Nothing,100.000,,,,,,,,,,,,,,,,,,,,,,,,,,,,,,,,,,,,,,,,
Golduck,2023-09,Nothing,100.000,,,,,,,,,,,,,,,,,,,,,,,,,,,,,,,,,,,,,,,,
Lickitung,2023-09,Nothing,100.000,,,,,,,,,,,,,,,,,,,,,,,,,,,,,,,,,,,,,,,,
Ditto,2023-09,Nothing,100.000,,,,,,,,,,,,,,,,,,,,,,,,,,,,,,,,,,,,,,,,
Machoke,2023-09,Nothing,100.000,,,,,,,,,,,,,,,,,,,,,,,,,,,,,,,,,,,,,,,,
Pikachu,2023-09,Nothing,100.000,,,,,,,,,,,,,,,,,,,,,,,,,,,,,,,,,,,,,,,,
Tauros,2023-10,Nothing,100.000,,,,,,,,,,,,,,,,,,,,,,,,,,,,,,,,,,,,,,,,
Snorlax,2023-10,Nothing,100.000,,,,,,,,,,,,,,,,,,,,,,,,,,,,,,,,,,,,,,,,
Chansey,2023-10,Nothing,100.000,,,,,,,,,,,,,,,,,,,,,,,,,,,,,,,,,,,,,,,,
Exeggutor,2023-10,Nothing,100.000,,,,,,,,,,,,,,,,,,,,,,,,,,,,,,,,,,,,,,,,
Starmie,2023-10,Nothing,100.000,,,,,,,,,,,,,,,,,,,,,,,,,,,,,,,,,,,,,,,,
Alakazam,2023-10,Nothing,100.000,,,,,,,,,,,,,,,,,,,,,,,,,,,,,,,,,,,,,,,,
Gengar,2023-10,Nothing,100.000,,,,,,,,,,,,,,,,,,,,,,,,,,,,,,,,,,,,,,,,
Zapdos,2023-10,Nothing,100.000,,,,,,,,,,,,,,,,,,,,,,,,,,,,,,,,,,,,,,,,
Rhydon,2023-10,Nothing,100.000,,,,,,,,,,,,,,,,,,,,,,,,,,,,,,,,,,,,,,,,
Cloyster,2023-10,Nothing,100.000,,,,,,,,,,,,,,,,,,,,,,,,,,,,,,,,,,,,,,,,
Jynx,2023-10,Nothing,100.000,,,,,,,,,,,,,,,,,,,,,,,,,,,,,,,,,,,,,,,,
Jolteon,2023-10,Nothing,100.000,,,,,,,,,,,,,,,,,,,,,,,,,,,,,,,,,,,,,,,,
Slowbro,2023-10,Nothing,100.000,,,,,,,,,,,,,,,,,,,,,,,,,,,,,,,,,,,,,,,,
Persian,2023-10,Nothing,100.000,,,,,,,,,,,,,,,,,,,,,,,,,,,,,,,,,,,,,,,,
Lapras,2023-10,Nothing,100.000,,,,,,,,,,,,,,,,,,,,,,,,,,,,,,,,,,,,,,,,
Articuno,2023-10,Nothing,100.000,,,,,,,,,,,,,,,,,,,,,,,,,,,,,,,,,,,,,,,,
Golem,2023-10,Nothing,100.000,,,,,,,,,,,,,,,,,,,,,,,,,,,,,,,,,,,,,,,,
Victreebel,2023-10,Nothing,100.000,,,,,,,,,,,,,,,,,,,,,,,,,,,,,,,,,,,,,,,,
Dragonite,2023-10,Nothing,100.000,,,,,,,,,,,,,,,,,,,,,,,,,,,,,,,,,,,,,,,,
Kingler,2023-10,Nothing,100.000,,,,,,,,,,,,,,,,,,,,,,,,,,,,,,,,,,,,,,,,
Charizard,2023-10,Nothing,100.000,,,,,,,,,,,,,,,,,,,,,,,,,,,,,,,,,,,,,,,,
Hypno,2023-10,Nothing,100.000,,,,,,,,,,,,,,,,,,,,,,,,,,,,,,,,,,,,,,,,
Moltres,2023-10,Nothing,100.000,,,,,,,,,,,,,,,,,,,,,,,,,,,,,,,,,,,,,,,,
Pinsir,2023-10,Nothing,100.000,,,,,,,,,,,,,,,,,,,,,,,,,,,,,,,,,,,,,,,,
Sandslash,2023-10,Nothing,100.000,,,,,,,,,,,,,,,,,,,,,,,,,,,,,,,,,,,,,,,,
Porygon,2023-10,Nothing,100.000,,,,,,,,,,,,,,,,,,,,,,,,,,,,,,,,,,,,,,,,
Kangaskhan,2023-10,Nothing,100.000,,,,,,,,,,,,,,,,,,,,,,,,,,,,,,,,,,,,,,,,
Raichu,2023-10,Nothing,100.000,,,,,,,,,,,,,,,,,,,,,,,,,,,,,,,,,,,,,,,,
Dugtrio,2023-10,Nothing,100.000,,,,,,,,,,,,,,,,,,,,,,,,,,,,,,,,,,,,,,,,
Electrode,2023-10,Nothing,100.000,,,,,,,,,,,,,,,,,,,,,,,,,,,,,,,,,,,,,,,,
Gyarados,2023-10,Nothing,100.000,,,,,,,,,,,,,,,,,,,,,,,,,,,,,,,,,,,,,,,,
Kabutops,2023-10,Nothing,100.000,,,,,,,,,,,,,,,,,,,,,,,,,,,,,,,,,,,,,,,,
Machamp,2023-10,Nothing,100.000,,,,,,,,,,,,,,,,,,,,,,,,,,,,,,,,,,,,,,,,
Nidoking,2023-10,Nothing,100.000,,,,,,,,,,,,,,,,,,,,,,,,,,,,,,,,,,,,,,,,
Poliwrath,2023-10,Nothing,100.000,,,,,,,,,,,,,,,,,,,,,,,,,,,,,,,,,,,,,,,,
Venusaur,2023-10,Nothing,100.000,,,,,,,,,,,,,,,,,,,,,,,,,,,,,,,,,,,,,,,,
Dodrio,2023-10,Nothing,100.000,,,,,,,,,,,,,,,,,,,,,,,,,,,,,,,,,,,,,,,,
Omastar,2023-10,Nothing,100.000,,,,,,,,,,,,,,,,,,,,,,,,,,,,,,,,,,,,,,,,
Clefable,2023-10,Nothing,100.000,,,,,,,,,,,,,,,,,,,,,,,,,,,,,,,,,,,,,,,,
Arcanine,2023-10,Nothing,100.000,,,,,,,,,,,,,,,,,,,,,,,,,,,,,,,,,,,,,,,,
Hitmonlee,2023-10,Nothing,100.000,,,,,,,,,,,,,,,,,,,,,,,,,,,,,,,,,,,,,,,,
Pidgeot,2023-10,Nothing,100.000,,,,,,,,,,,,,,,,,,,,,,,,,,,,,,,,,,,,,,,,
Raticate,2023-10,Nothing,100.000,,,,,,,,,,,,,,,,,,,,,,,,,,,,,,,,,,,,,,,,
Aerodactyl,2023-10,Nothing,100.000,,,,,,,,,,,,,,,,,,,,,,,,,,,,,,,,,,,,,,,,
Golduck,2023-10,Nothing,100.000,,,,,,,,,,,,,,,,,,,,,,,,,,,,,,,,,,,,,,,,
Parasect,2023-10,Nothing,100.000,,,,,,,,,,,,,,,,,,,,,,,,,,,,,,,,,,,,,,,,
Onix,2023-10,Nothing,100.000,,,,,,,,,,,,,,,,,,,,,,,,,,,,,,,,,,,,,,,,
Ditto,2023-10,Nothing,100.000,,,,,,,,,,,,,,,,,,,,,,,,,,,,,,,,,,,,,,,,
Ninetales,2023-10,Nothing,100.000,,,,,,,,,,,,,,,,,,,,,,,,,,,,,,,,,,,,,,,,
Tentacruel,2023-10,Nothing,100.000,,,,,,,,,,,,,,,,,,,,,,,,,,,,,,,,,,,,,,,,
Haunter,2023-10,Nothing,100.000,,,,,,,,,,,,,,,,,,,,,,,,,,,,,,,,,,,,,,,,
Rapidash,2023-10,Nothing,100.000,,,,,,,,,,,,,,,,,,,,,,,,,,,,,,,,,,,,,,,,
Tangela,2023-10,Nothing,100.000,,,,,,,,,,,,,,,,,,,,,,,,,,,,,,,,,,,,,,,,
Arbok,2023-10,Nothing,100.000,,,,,,,,,,,,,,,,,,,,,,,,,,,,,,,,,,,,,,,,
Dragonair,2023-10,Nothing,100.000,,,,,,,,,,,,,,,,,,,,,,,,,,,,,,,,,,,,,,,,
Lickitung,2023-10,Nothing,100.000,,,,,,,,,,,,,,,,,,,,,,,,,,,,,,,,,,,,,,,,
Flareon,2023-10,Nothing,100.000,,,,,,,,,,,,,,,,,,,,,,,,,,,,,,,,,,,,,,,,
Hitmonchan,2023-10,Nothing,100.000,,,,,,,,,,,,,,,,,,,,,,,,,,,,,,,,,,,,,,,,
Weezing,2023-10,Nothing,100.000,,,,,,,,,,,,,,,,,,,,,,,,,,,,,,,,,,,,,,,,
Electabuzz,2023-10,Nothing,100.000,,,,,,,,,,,,,,,,,,,,,,,,,,,,,,,,,,,,,,,,
Vaporeon,2023-10,Nothing,100.000,,,,,,,,,,,,,,,,,,,,,,,,,,,,,,,,,,,,,,,,
Poliwhirl,2023-10,Nothing,100.000,,,,,,,,,,,,,,,,,,,,,,,,,,,,,,,,,,,,,,,,
Vileplume,2023-10,Nothing,100.000,,,,,,,,,,,,,,,,,,,,,,,,,,,,,,,,,,,,,,,,
Blastoise,2023-10,Nothing,100.000,,,,,,,,,,,,,,,,,,,,,,,,,,,,,,,,,,,,,,,,
Kadabra,2023-10,Nothing,100.000,,,,,,,,,,,,,,,,,,,,,,,,,,,,,,,,,,,,,,,,
Nidoqueen,2023-10,Nothing,100.000,,,,,,,,,,,,,,,,,,,,,,,,,,,,,,,,,,,,,,,,
Muk,2023-10,Nothing,100.000,,,,,,,,,,,,,,,,,,,,,,,,,,,,,,,,,,,,,,,,
Dewgong,2023-10,Nothing,100.000,,,,,,,,,,,,,,,,,,,,,,,,,,,,,,,,,,,,,,,,
Scyther,2023-10,Nothing,100.000,,,,,,,,,,,,,,,,,,,,,,,,,,,,,,,,,,,,,,,,
Graveler,2023-10,Nothing,100.000,,,,,,,,,,,,,,,,,,,,,,,,,,,,,,,,,,,,,,,,
Magmar,2023-10,Nothing,100.000,,,,,,,,,,,,,,,,,,,,,,,,,,,,,,,,,,,,,,,,
Magneton,2023-10,Nothing,100.000,,,,,,,,,,,,,,,,,,,,,,,,,,,,,,,,,,,,,,,,
Beedrill,2023-10,Nothing,100.000,,,,,,,,,,,,,,,,,,,,,,,,,,,,,,,,,,,,,,,,
Mr. Mime,2023-10,Nothing,100.000,,,,,,,,,,,,,,,,,,,,,,,,,,,,,,,,,,,,,,,,
Tauros,2023-11,Nothing,100.000,,,,,,,,,,,,,,,,,,,,,,,,,,,,,,,,,,,,,,,,
Snorlax,2023-11,Nothing,100.000,,,,,,,,,,,,,,,,,,,,,,,,,,,,,,,,,,,,,,,,
Chansey,2023-11,Nothing,100.000,,,,,,,,,,,,,,,,,,,,,,,,,,,,,,,,,,,,,,,,
Exeggutor,2023-11,Nothing,100.000,,,,,,,,,,,,,,,,,,,,,,,,,,,,,,,,,,,,,,,,
Starmie,2023-11,Nothing,100.000,,,,,,,,,,,,,,,,,,,,,,,,,,,,,,,,,,,,,,,,
Alakazam,2023-11,Nothing,100.000,,,,,,,,,,,,,,,,,,,,,,,,,,,,,,,,,,,,,,,,
Gengar,2023-11,Nothing,100.000,,,,,,,,,,,,,,,,,,,,,,,,,,,,,,,,,,,,,,,,
Zapdos,2023-11,Nothing,100.000,,,,,,,,,,,,,,,,,,,,,,,,,,,,,,,,,,,,,,,,
Rhydon,2023-11,Nothing,100.000,,,,,,,,,,,,,,,,,,,,,,,,,,,,,,,,,,,,,,,,
Jynx,2023-11,Nothing,100.000,,,,,,,,,,,,,,,,,,,,,,,,,,,,,,,,,,,,,,,,
Cloyster,2023-11,Nothing,100.000,,,,,,,,,,,,,,,,,,,,,,,,,,,,,,,,,,,,,,,,
Jolteon,2023-11,Nothing,100.000,,,,,,,,,,,,,,,,,,,,,,,,,,,,,,,,,,,,,,,,
Slowbro,2023-11,Nothing,100.000,,,,,,,,,,,,,,,,,,,,,,,,,,,,,,,,,,,,,,,,
Persian,2023-11,Nothing,100.000,,,,,,,,,,,,,,,,,,,,,,,,,,,,,,,,,,,,,,,,
Victreebel,2023-11,Nothing,100.000,,,,,,,,,,,,,,,,,,,,,,,,,,,,,,,,,,,,,,,,
Articuno,2023-11,Nothing,100.000,,,,,,,,,,,,,,,,,,,,,,,,,,,,,,,,,,,,,,,,
Dragonite,2023-11,Nothing,100.000,,,,,,,,,,,,,,,,,,,,,,,,,,,,,,,,,,,,,,,,
Charizard,2023-11,Nothing,100.000,,,,,,,,,,,,,,,,,,,,,,,,,,,,,,,,,,,,,,,,
Golem,2023-11,Nothing,100.000,,,,,,,,,,,,,,,,,,,,,,,,,,,,,,,,,,,,,,,,
Venusaur,2023-11,Nothing,100.000,,,,,,,,,,,,,,,,,,,,,,,,,,,,,,,,,,,,,,,,
Lapras,2023-11,Nothing,100.000,,,,,,,,,,,,,,,,,,,,,,,,,,,,,,,,,,,,,,,,
Hypno,2023-11,Nothing,100.000,,,,,,,,,,,,,,,,,,,,,,,,,,,,,,,,,,,,,,,,
Moltres,2023-11,Nothing,100.000,,,,,,,,,,,,,,,,,,,,,,,,,,,,,,,,,,,,,,,,
Sandslash,2023-11,Nothing,100.000,,,,,,,,,,,,,,,,,,,,,,,,,,,,,,,,,,,,,,,,
Omastar,2023-11,Nothing,100.000,,,,,,,,,,,,,,,,,,,,,,,,,,,,,,,,,,,,,,,,
Nidoking,2023-11,Nothing,100.000,,,,,,,,,,,,,,,,,,,,,,,,,,,,,,,,,,,,,,,,
Raichu,2023-11,Nothing,100.000,,,,,,,,,,,,,,,,,,,,,,,,,,,,,,,,,,,,,,,,
Kingler,2023-11,Nothing,100.000,,,,,,,,,,,,,,,,,,,,,,,,,,,,,,,,,,,,,,,,
Pinsir,2023-11,Nothing,100.000,,,,,,,,,,,,,,,,,,,,,,,,,,,,,,,,,,,,,,,,
Kangaskhan,2023-11,Nothing,100.000,,,,,,,,,,,,,,,,,,,,,,,,,,,,,,,,,,,,,,,,
Dugtrio,2023-11,Nothing,100.000,,,,,,,,,,,,,,,,,,,,,,,,,,,,,,,,,,,,,,,,
Porygon,2023-11,Nothing,100.000,,,,,,,,,,,,,,,,,,,,,,,,,,,,,,,,,,,,,,,,
Tentacruel,2023-11,Nothing,100.000,,,,,,,,,,,,,,,,,,,,,,,,,,,,,,,,,,,,,,,,
Raticate,2023-11,Nothing,100.000,,,,,,,,,,,,,,,,,,,,,,,,,,,,,,,,,,,,,,,,
Gyarados,2023-11,Nothing,100.000,,,,,,,,,,,,,,,,,,,,,,,,,,,,,,,,,,,,,,,,
Electrode,2023-11,Nothing,100.000,,,,,,,,,,,,,,,,,,,,,,,,,,,,,,,,,,,,,,,,
Beedrill,2023-11,Nothing,100.000,,,,,,,,,,,,,,,,,,,,,,,,,,,,,,,,,,,,,,,,
Dodrio,2023-11,Nothing,100.000,,,,,,,,,,,,,,,,,,,,,,,,,,,,,,,,,,,,,,,,
Parasect,2023-11,Nothing,100.000,,,,,,,,,,,,,,,,,,,,,,,,,,,,,,,,,,,,,,,,
Machamp,2023-11,Nothing,100.000,,,,,,,,,,,,,,,,,,,,,,,,,,,,,,,,,,,,,,,,
Dragonair,2023-11,Nothing,100.000,,,,,,,,,,,,,,,,,,,,,,,,,,,,,,,,,,,,,,,,
Aerodactyl,2023-11,Nothing,100.000,,,,,,,,,,,,,,,,,,,,,,,,,,,,,,,,,,,,,,,,
Clefable,2023-11,Nothing,100.000,,,,,,,,,,,,,,,,,,,,,,,,,,,,,,,,,,,,,,,,
Nidoqueen,2023-11,Nothing,100.000,,,,,,,,,,,,,,,,,,,,,,,,,,,,,,,,,,,,,,,,
Poliwrath,2023-11,Nothing,100.000,,,,,,,,,,,,,,,,,,,,,,,,,,,,,,,,,,,,,,,,
Kadabra,2023-11,Nothing,100.000,,,,,,,,,,,,,,,,,,,,,,,,,,,,,,,,,,,,,,,,
Kabutops,2023-11,Nothing,100.000,,,,,,,,,,,,,,,,,,,,,,,,,,,,,,,,,,,,,,,,
Haunter,2023-11,Nothing,100.000,,,,,,,,,,,,,,,,,,,,,,,,,,,,,,,,,,,,,,,,
Lickitung,2023-11,Nothing,100.000,,,,,,,,,,,,,,,,,,,,,,,,,,,,,,,,,,,,,,,,
Weezing,2023-11,Nothing,100.000,,,,,,,,,,,,,,,,,,,,,,,,,,,,,,,,,,,,,,,,
Fearow,2023-11,Nothing,100.000,,,,,,,,,,,,,,,,,,,,,,,,,,,,,,,,,,,,,,,,
Ninetales,2023-11,Nothing,100.000,,,,,,,,,,,,,,,,,,,,,,,,,,,,,,,,,,,,,,,,
Muk,2023-11,Nothing,100.000,,,,,,,,,,,,,,,,,,,,,,,,,,,,,,,,,,,,,,,,
Rapidash,2023-11,Nothing,100.000,,,,,,,,,,,,,,,,,,,,,,,,,,,,,,,,,,,,,,,,
Arbok,2023-11,Nothing,100.000,,,,,,,,,,,,,,,,,,,,,,,,,,,,,,,,,,,,,,,,
Arcanine,2023-11,Nothing,100.000,,,,,,,,,,,,,,,,,,,,,,,,,,,,,,,,,,,,,,,,
Vileplume,2023-11,Nothing,100.000,,,,,,,,,,,,,,,,,,,,,,,,,,,,,,,,,,,,,,,,
Mr. Mime,2023-11,Nothing,100.000,,,,,,,,,,,,,,,,,,,,,,,,,,,,,,,,,,,,,,,,
Hitmonlee,2023-11,Nothing,100.000,,,,,,,,,,,,,,,,,,,,,,,,,,,,,,,,,,,,,,,,
Onix,2023-11,Nothing,100.000,,,,,,,,,,,,,,,,,,,,,,,,,,,,,,,,,,,,,,,,
Magneton,2023-11,Nothing,100.000,,,,,,,,,,,,,,,,,,,,,,,,,,,,,,,,,,,,,,,,
Vaporeon,2023-11,Nothing,100.000,,,,,,,,,,,,,,,,,,,,,,,,,,,,,,,,,,,,,,,,
Electabuzz,2023-11,Nothing,100.000,,,,,,,,,,,,,,,,,,,,,,,,,,,,,,,,,,,,,,,,
Pidgeot,2023-11,Nothing,100.000,,,,,,,,,,,,,,,,,,,,,,,,,,,,,,,,,,,,,,,,
Weepinbell,2023-11,Nothing,100.000,,,,,,,,,,,,,,,,,,,,,,,,,,,,,,,,,,,,,,,,
Tangela,2023-11,Nothing,100.000,,,,,,,,,,,,,,,,,,,,,,,,,,,,,,,,,,,,,,,,
Wigglytuff,2023-11,Nothing,100.000,,,,,,,,,,,,,,,,,,,,,,,,,,,,,,,,,,,,,,,,
Dewgong,2023-11,Nothing,100.000,,,,,,,,,,,,,,,,,,,,,,,,,,,,,,,,,,,,,,,,
Bellsprout,2023-11,Nothing,100.000,,,,,,,,,,,,,,,,,,,,,,,,,,,,,,,,,,,,,,,,
Machoke,2023-11,Nothing,100.000,,,,,,,,,,,,,,,,,,,,,,,,,,,,,,,,,,,,,,,,
Blastoise,2023-11,Nothing,100.000,,,,,,,,,,,,,,,,,,,,,,,,,,,,,,,,,,,,,,,,
Sandshrew,2023-11,Nothing,100.000,,,,,,,,,,,,,,,,,,,,,,,,,,,,,,,,,,,,,,,,
Rattata,2023-11,Nothing,100.000,,,,,,,,,,,,,,,,,,,,,,,,,,,,,,,,,,,,,,,,
Flareon,2023-11,Nothing,100.000,,,,,,,,,,,,,,,,,,,,,,,,,,,,,,,,,,,,,,,,
Gloom,2023-11,Nothing,100.000,,,,,,,,,,,,,,,,,,,,,,,,,,,,,,,,,,,,,,,,
Doduo,2023-11,Nothing,100.000,,,,,,,,,,,,,,,,,,,,,,,,,,,,,,,,,,,,,,,,
Golduck,2023-11,Nothing,100.000,,,,,,,,,,,,,,,,,,,,,,,,,,,,,,,,,,,,,,,,
Ditto,2023-11,Nothing,100.000,,,,,,,,,,,,,,,,,,,,,,,,,,,,,,,,,,,,,,,,
Venomoth,2023-11,Nothing,100.000,,,,,,,,,,,,,,,,,,,,,,,,,,,,,,,,,,,,,,,,
Dratini,2023-11,Nothing,100.000,,,,,,,,,,,,,,,,,,,,,,,,,,,,,,,,,,,,,,,,
Gastly,2023-11,Nothing,100.000,,,,,,,,,,,,,,,,,,,,,,,,,,,,,,,,,,,,,,,,
Scyther,2023-11,Nothing,100.000,,,,,,,,,,,,,,,,,,,,,,,,,,,,,,,,,,,,,,,,
Golbat,2023-11,Nothing,100.000,,,,,,,,,,,,,,,,,,,,,,,,,,,,,,,,,,,,,,,,
Drowzee,2023-11,Nothing,100.000,,,,,,,,,,,,,,,,,,,,,,,,,,,,,,,,,,,,,,,,
Tauros,2023-12,Nothing,100.000,,,,,,,,,,,,,,,,,,,,,,,,,,,,,,,,,,,,,,,,
Snorlax,2023-12,Nothing,100.000,,,,,,,,,,,,,,,,,,,,,,,,,,,,,,,,,,,,,,,,
Chansey,2023-12,Nothing,100.000,,,,,,,,,,,,,,,,,,,,,,,,,,,,,,,,,,,,,,,,
Exeggutor,2023-12,Nothing,100.000,,,,,,,,,,,,,,,,,,,,,,,,,,,,,,,,,,,,,,,,
Starmie,2023-12,Nothing,100.000,,,,,,,,,,,,,,,,,,,,,,,,,,,,,,,,,,,,,,,,
Alakazam,2023-12,Nothing,100.000,,,,,,,,,,,,,,,,,,,,,,,,,,,,,,,,,,,,,,,,
Zapdos,2023-12,Nothing,100.000,,,,,,,,,,,,,,,,,,,,,,,,,,,,,,,,,,,,,,,,
Rhydon,2023-12,Nothing,100.000,,,,,,,,,,,,,,,,,,,,,,,,,,,,,,,,,,,,,,,,
Gengar,2023-12,Nothing,100.000,,,,,,,,,,,,,,,,,,,,,,,,,,,,,,,,,,,,,,,,
Jynx,2023-12,Nothing,100.000,,,,,,,,,,,,,,,,,,,,,,,,,,,,,,,,,,,,,,,,
Cloyster,2023-12,Nothing,100.000,,,,,,,,,,,,,,,,,,,,,,,,,,,,,,,,,,,,,,,,
Jolteon,2023-12,Nothing,100.000,,,,,,,,,,,,,,,,,,,,,,,,,,,,,,,,,,,,,,,,
Slowbro,2023-12,Nothing,100.000,,,,,,,,,,,,,,,,,,,,,,,,,,,,,,,,,,,,,,,,
Persian,2023-12,Nothing,100.000,,,,,,,,,,,,,,,,,,,,,,,,,,,,,,,,,,,,,,,,
Victreebel,2023-12,Nothing,100.000,,,,,,,,,,,,,,,,,,,,,,,,,,,,,,,,,,,,,,,,
Articuno,2023-12,Nothing,100.000,,,,,,,,,,,,,,,,,,,,,,,,,,,,,,,,,,,,,,,,
Lapras,2023-12,Nothing,100.000,,,,,,,,,,,,,,,,,,,,,,,,,,,,,,,,,,,,,,,,
Golem,2023-12,Nothing,100.000,,,,,,,,,,,,,,,,,,,,,,,,,,,,,,,,,,,,,,,,
Dragonite,2023-12,Nothing,100.000,,,,,,,,,,,,,,,,,,,,,,,,,,,,,,,,,,,,,,,,
Venusaur,2023-12,Nothing,100.000,,,,,,,,,,,,,,,,,,,,,,,,,,,,,,,,,,,,,,,,
Moltres,2023-12,Nothing,100.000,,,,,,,,,,,,,,,,,,,,,,,,,,,,,,,,,,,,,,,,
Kingler,2023-12,Nothing,100.000,,,,,,,,,,,,,,,,,,,,,,,,,,,,,,,,,,,,,,,,
Gyarados,2023-12,Nothing,100.000,,,,,,,,,,,,,,,,,,,,,,,,,,,,,,,,,,,,,,,,
Charizard,2023-12,Nothing,100.000,,,,,,,,,,,,,,,,,,,,,,,,,,,,,,,,,,,,,,,,
Machamp,2023-12,Nothing,100.000,,,,,,,,,,,,,,,,,,,,,,,,,,,,,,,,,,,,,,,,
Hypno,2023-12,Nothing,100.000,,,,,,,,,,,,,,,,,,,,,,,,,,,,,,,,,,,,,,,,
Kangaskhan,2023-12,Nothing,100.000,,,,,,,,,,,,,,,,,,,,,,,,,,,,,,,,,,,,,,,,
Clefable,2023-12,Nothing,100.000,,,,,,,,,,,,,,,,,,,,,,,,,,,,,,,,,,,,,,,,
Raichu,2023-12,Nothing,100.000,,,,,,,,,,,,,,,,,,,,,,,,,,,,,,,,,,,,,,,,
Sandslash,2023-12,Nothing,100.000,,,,,,,,,,,,,,,,,,,,,,,,,,,,,,,,,,,,,,,,
Porygon,2023-12,Nothing,100.000,,,,,,,,,,,,,,,,,,,,,,,,,,,,,,,,,,,,,,,,
Arbok,2023-12,Nothing,100.000,,,,,,,,,,,,,,,,,,,,,,,,,,,,,,,,,,,,,,,,
Tangela,2023-12,Nothing,100.000,,,,,,,,,,,,,,,,,,,,,,,,,,,,,,,,,,,,,,,,
Dugtrio,2023-12,Nothing,100.000,,,,,,,,,,,,,,,,,,,,,,,,,,,,,,,,,,,,,,,,
Dragonair,2023-12,Nothing,100.000,,,,,,,,,,,,,,,,,,,,,,,,,,,,,,,,,,,,,,,,
Dodrio,2023-12,Nothing,100.000,,,,,,,,,,,,,,,,,,,,,,,,,,,,,,,,,,,,,,,,
Nidoking,2023-12,Nothing,100.000,,,,,,,,,,,,,,,,,,,,,,,,,,,,,,,,,,,,,,,,
Electrode,2023-12,Nothing,100.000,,,,,,,,,,,,,,,,,,,,,,,,,,,,,,,,,,,,,,,,
Kabutops,2023-12,Nothing,100.000,,,,,,,,,,,,,,,,,,,,,,,,,,,,,,,,,,,,,,,,
Pinsir,2023-12,Nothing,100.000,,,,,,,,,,,,,,,,,,,,,,,,,,,,,,,,,,,,,,,,
Poliwrath,2023-12,Nothing,100.000,,,,,,,,,,,,,,,,,,,,,,,,,,,,,,,,,,,,,,,,
Onix,2023-12,Nothing,100.000,,,,,,,,,,,,,,,,,,,,,,,,,,,,,,,,,,,,,,,,
Omastar,2023-12,Nothing,100.000,,,,,,,,,,,,,,,,,,,,,,,,,,,,,,,,,,,,,,,,
Flareon,2023-12,Nothing,100.000,,,,,,,,,,,,,,,,,,,,,,,,,,,,,,,,,,,,,,,,
Kadabra,2023-12,Nothing,100.000,,,,,,,,,,,,,,,,,,,,,,,,,,,,,,,,,,,,,,,,
Vaporeon,2023-12,Nothing,100.000,,,,,,,,,,,,,,,,,,,,,,,,,,,,,,,,,,,,,,,,
Golduck,2023-12,Nothing,100.000,,,,,,,,,,,,,,,,,,,,,,,,,,,,,,,,,,,,,,,,
Beedrill,2023-12,Nothing,100.000,,,,,,,,,,,,,,,,,,,,,,,,,,,,,,,,,,,,,,,,
Raticate,2023-12,Nothing,100.000,,,,,,,,,,,,,,,,,,,,,,,,,,,,,,,,,,,,,,,,
Arcanine,2023-12,Nothing,100.000,,,,,,,,,,,,,,,,,,,,,,,,,,,,,,,,,,,,,,,,
Lickitung,2023-12,Nothing,100.000,,,,,,,,,,,,,,,,,,,,,,,,,,,,,,,,,,,,,,,,
Aerodactyl,2023-12,Nothing,100.000,,,,,,,,,,,,,,,,,,,,,,,,,,,,,,,,,,,,,,,,
Tentacruel,2023-12,Nothing,100.000,,,,,,,,,,,,,,,,,,,,,,,,,,,,,,,,,,,,,,,,
Wigglytuff,2023-12,Nothing,100.000,,,,,,,,,,,,,,,,,,,,,,,,,,,,,,,,,,,,,,,,
Dewgong,2023-12,Nothing,100.000,,,,,,,,,,,,,,,,,,,,,,,,,,,,,,,,,,,,,,,,
Hitmonlee,2023-12,Nothing,100.000,,,,,,,,,,,,,,,,,,,,,,,,,,,,,,,,,,,,,,,,
Parasect,2023-12,Nothing,100.000,,,,,,,,,,,,,,,,,,,,,,,,,,,,,,,,,,,,,,,,
Rapidash,2023-12,Nothing,100.000,,,,,,,,,,,,,,,,,,,,,,,,,,,,,,,,,,,,,,,,
Muk,2023-12,Nothing,100.000,,,,,,,,,,,,,,,,,,,,,,,,,,,,,,,,,,,,,,,,
Magneton,2023-12,Nothing,100.000,,,,,,,,,,,,,,,,,,,,,,,,,,,,,,,,,,,,,,,,
Haunter,2023-12,Nothing,100.000,,,,,,,,,,,,,,,,,,,,,,,,,,,,,,,,,,,,,,,,
Electabuzz,2023-12,Nothing,100.000,,,,,,,,,,,,,,,,,,,,,,,,,,,,,,,,,,,,,,,,
Weezing,2023-12,Nothing,100.000,,,,,,,,,,,,,,,,,,,,,,,,,,,,,,,,,,,,,,,,
Hitmonchan,2023-12,Nothing,100.000,,,,,,,,,,,,,,,,,,,,,,,,,,,,,,,,,,,,,,,,
Nidoqueen,2023-12,Nothing,100.000,,,,,,,,,,,,,,,,,,,,,,,,,,,,,,,,,,,,,,,,
Blastoise,2023-12,Nothing,100.000,,,,,,,,,,,,,,,,,,,,,,,,,,,,,,,,,,,,,,,,
Ninetales,2023-12,Nothing,100.000,,,,,,,,,,,,,,,,,,,,,,,,,,,,,,,,,,,,,,,,
Gastly,2023-12,Nothing,100.000,,,,,,,,,,,,,,,,,,,,,,,,,,,,,,,,,,,,,,,,
Mr. Mime,2023-12,Nothing,100.000,,,,,,,,,,,,,,,,,,,,,,,,,,,,,,,,,,,,,,,,
Marowak,2023-12,Nothing,100.000,,,,,,,,,,,,,,,,,,,,,,,,,,,,,,,,,,,,,,,,
Fearow,2023-12,Nothing,100.000,,,,,,,,,,,,,,,,,,,,,,,,,,,,,,,,,,,,,,,,
Scyther,2023-12,Nothing,100.000,,,,,,,,,,,,,,,,,,,,,,,,,,,,,,,,,,,,,,,,
Primeape,2023-12,Nothing,100.000,,,,,,,,,,,,,,,,,,,,,,,,,,,,,,,,,,,,,,,,
Poliwhirl,2023-12,Nothing,100.000,,,,,,,,,,,,,,,,,,,,,,,,,,,,,,,,,,,,,,,,
Magmar,2023-12,Nothing,100.000,,,,,,,,,,,,,,,,,,,,,,,,,,,,,,,,,,,,,,,,
Snorlax,2024-01,Nothing,100.000,,,,,,,,,,,,,,,,,,,,,,,,,,,,,,,,,,,,,,,,
Tauros,2024-01,Nothing,100.000,,,,,,,,,,,,,,,,,,,,,,,,,,,,,,,,,,,,,,,,
Chansey,2024-01,Nothing,100.000,,,,,,,,,,,,,,,,,,,,,,,,,,,,,,,,,,,,,,,,
Exeggutor,2024-01,Nothing,100.000,,,,,,,,,,,,,,,,,,,,,,,,,,,,,,,,,,,,,,,,
Starmie,2024-01,Nothing,100.000,,,,,,,,,,,,,,,,,,,,,,,,,,,,,,,,,,,,,,,,
Alakazam,2024-01,Nothing,100.000,,,,,,,,,,,,,,,,,,,,,,,,,,,,,,,,,,,,,,,,
Gengar,2024-01,Nothing,100.000,,,,,,,,,,,,,,,,,,,,,,,,,,,,,,,,,,,,,,,,
Rhydon,2024-01,Nothing,100.000,,,,,,,,,,,,,,,,,,,,,,,,,,,,,,,,,,,,,,,,
Zapdos,2024-01,Nothing,100.000,,,,,,,,,,,,,,,,,,,,,,,,,,,,,,,,,,,,,,,,
Jynx,2024-01,Nothing,100.000,,,,,,,,,,,,,,,,,,,,,,,,,,,,,,,,,,,,,,,,
Cloyster,2024-01,Nothing,100.000,,,,,,,,,,,,,,,,,,,,,,,,,,,,,,,,,,,,,,,,
Slowbro,2024-01,Nothing,100.000,,,,,,,,,,,,,,,,,,,,,,,,,,,,,,,,,,,,,,,,
Jolteon,2024-01,Nothing,100.000,,,,,,,,,,,,,,,,,,,,,,,,,,,,,,,,,,,,,,,,
Lapras,2024-01,Nothing,100.000,,,,,,,,,,,,,,,,,,,,,,,,,,,,,,,,,,,,,,,,
Persian,2024-01,Nothing,100.000,,,,,,,,,,,,,,,,,,,,,,,,,,,,,,,,,,,,,,,,
Golem,2024-01,Nothing,100.000,,,,,,,,,,,,,,,,,,,,,,,,,,,,,,,,,,,,,,,,
Articuno,2024-01,Nothing,100.000,,,,,,,,,,,,,,,,,,,,,,,,,,,,,,,,,,,,,,,,
Dragonite,2024-01,Nothing,100.000,,,,,,,,,,,,,,,,,,,,,,,,,,,,,,,,,,,,,,,,
Victreebel,2024-01,Nothing,100.000,,,,,,,,,,,,,,,,,,,,,,,,,,,,,,,,,,,,,,,,
Hypno,2024-01,Nothing,100.000,,,,,,,,,,,,,,,,,,,,,,,,,,,,,,,,,,,,,,,,
Kingler,2024-01,Nothing,100.000,,,,,,,,,,,,,,,,,,,,,,,,,,,,,,,,,,,,,,,,
Charizard,2024-01,Nothing,100.000,,,,,,,,,,,,,,,,,,,,,,,,,,,,,,,,,,,,,,,,
Moltres,2024-01,Nothing,100.000,,,,,,,,,,,,,,,,,,,,,,,,,,,,,,,,,,,,,,,,
Machamp,2024-01,Nothing,100.000,,,,,,,,,,,,,,,,,,,,,,,,,,,,,,,,,,,,,,,,
Gyarados,2024-01,Nothing,100.000,,,,,,,,,,,,,,,,,,,,,,,,,,,,,,,,,,,,,,,,
Pinsir,2024-01,Nothing,100.000,,,,,,,,,,,,,,,,,,,,,,,,,,,,,,,,,,,,,,,,
Venusaur,2024-01,Nothing,100.000,,,,,,,,,,,,,,,,,,,,,,,,,,,,,,,,,,,,,,,,
Porygon,2024-01,Nothing,100.000,,,,,,,,,,,,,,,,,,,,,,,,,,,,,,,,,,,,,,,,
Kabutops,2024-01,Nothing,100.000,,,,,,,,,,,,,,,,,,,,,,,,,,,,,,,,,,,,,,,,
Sandslash,2024-01,Nothing,100.000,,,,,,,,,,,,,,,,,,,,,,,,,,,,,,,,,,,,,,,,
Dugtrio,2024-01,Nothing,100.000,,,,,,,,,,,,,,,,,,,,,,,,,,,,,,,,,,,,,,,,
Raichu,2024-01,Nothing,100.000,,,,,,,,,,,,,,,,,,,,,,,,,,,,,,,,,,,,,,,,
Kangaskhan,2024-01,Nothing,100.000,,,,,,,,,,,,,,,,,,,,,,,,,,,,,,,,,,,,,,,,
Dodrio,2024-01,Nothing,100.000,,,,,,,,,,,,,,,,,,,,,,,,,,,,,,,,,,,,,,,,
Electrode,2024-01,Nothing,100.000,,,,,,,,,,,,,,,,,,,,,,,,,,,,,,,,,,,,,,,,
Raticate,2024-01,Nothing,100.000,,,,,,,,,,,,,,,,,,,,,,,,,,,,,,,,,,,,,,,,
Hitmonlee,2024-01,Nothing,100.000,,,,,,,,,,,,,,,,,,,,,,,,,,,,,,,,,,,,,,,,
Nidoking,2024-01,Nothing,100.000,,,,,,,,,,,,,,,,,,,,,,,,,,,,,,,,,,,,,,,,
Omastar,2024-01,Nothing,100.000,,,,,,,,,,,,,,,,,,,,,,,,,,,,,,,,,,,,,,,,
Vaporeon,2024-01,Nothing,100.000,,,,,,,,,,,,,,,,,,,,,,,,,,,,,,,,,,,,,,,,
Poliwrath,2024-01,Nothing,100.000,,,,,,,,,,,,,,,,,,,,,,,,,,,,,,,,,,,,,,,,
Clefable,2024-01,Nothing,100.000,,,,,,,,,,,,,,,,,,,,,,,,,,,,,,,,,,,,,,,,
Aerodactyl,2024-01,Nothing,100.000,,,,,,,,,,,,,,,,,,,,,,,,,,,,,,,,,,,,,,,,
Nidoqueen,2024-01,Nothing,100.000,,,,,,,,,,,,,,,,,,,,,,,,,,,,,,,,,,,,,,,,
Marowak,2024-01,Nothing,100.000,,,,,,,,,,,,,,,,,,,,,,,,,,,,,,,,,,,,,,,,
Flareon,2024-01,Nothing,100.000,,,,,,,,,,,,,,,,,,,,,,,,,,,,,,,,,,,,,,,,
Arcanine,2024-01,Nothing,100.000,,,,,,,,,,,,,,,,,,,,,,,,,,,,,,,,,,,,,,,,
Ninetales,2024-01,Nothing,100.000,,,,,,,,,,,,,,,,,,,,,,,,,,,,,,,,,,,,,,,,
Dewgong,2024-01,Nothing,100.000,,,,,,,,,,,,,,,,,,,,,,,,,,,,,,,,,,,,,,,,
Magikarp,2024-01,Nothing,100.000,,,,,,,,,,,,,,,,,,,,,,,,,,,,,,,,,,,,,,,,
Onix,2024-01,Nothing,100.000,,,,,,,,,,,,,,,,,,,,,,,,,,,,,,,,,,,,,,,,
Lickitung,2024-01,Nothing,100.000,,,,,,,,,,,,,,,,,,,,,,,,,,,,,,,,,,,,,,,,
Golduck,2024-01,Nothing,100.000,,,,,,,,,,,,,,,,,,,,,,,,,,,,,,,,,,,,,,,,
Haunter,2024-01,Nothing,100.000,,,,,,,,,,,,,,,,,,,,,,,,,,,,,,,,,,,,,,,,
Tentacruel,2024-01,Nothing,100.000,,,,,,,,,,,,,,,,,,,,,,,,,,,,,,,,,,,,,,,,
Arbok,2024-01,Nothing,100.000,,,,,,,,,,,,,,,,,,,,,,,,,,,,,,,,,,,,,,,,
Tangela,2024-01,Nothing,100.000,,,,,,,,,,,,,,,,,,,,,,,,,,,,,,,,,,,,,,,,
Rapidash,2024-01,Nothing,100.000,,,,,,,,,,,,,,,,,,,,,,,,,,,,,,,,,,,,,,,,
Kadabra,2024-01,Nothing,100.000,,,,,,,,,,,,,,,,,,,,,,,,,,,,,,,,,,,,,,,,
Beedrill,2024-01,Nothing,100.000,,,,,,,,,,,,,,,,,,,,,,,,,,,,,,,,,,,,,,,,
Dragonair,2024-01,Nothing,100.000,,,,,,,,,,,,,,,,,,,,,,,,,,,,,,,,,,,,,,,,
Parasect,2024-01,Nothing,100.000,,,,,,,,,,,,,,,,,,,,,,,,,,,,,,,,,,,,,,,,
Electabuzz,2024-01,Nothing,100.000,,,,,,,,,,,,,,,,,,,,,,,,,,,,,,,,,,,,,,,,
Butterfree,2024-01,Nothing,100.000,,,,,,,,,,,,,,,,,,,,,,,,,,,,,,,,,,,,,,,,
Magneton,2024-01,Nothing,100.000,,,,,,,,,,,,,,,,,,,,,,,,,,,,,,,,,,,,,,,,
Mr. Mime,2024-01,Nothing,100.000,,,,,,,,,,,,,,,,,,,,,,,,,,,,,,,,,,,,,,,,
Venomoth,2024-01,Nothing,100.000,,,,,,,,,,,,,,,,,,,,,,,,,,,,,,,,,,,,,,,,
Blastoise,2024-01,Nothing,100.000,,,,,,,,,,,,,,,,,,,,,,,,,,,,,,,,,,,,,,,,
Scyther,2024-01,Nothing,100.000,,,,,,,,,,,,,,,,,,,,,,,,,,,,,,,,,,,,,,,,
Primeape,2024-01,Nothing,100.000,,,,,,,,,,,,,,,,,,,,,,,,,,,,,,,,,,,,,,,,
Weezing,2024-01,Nothing,100.000,,,,,,,,,,,,,,,,,,,,,,,,,,,,,,,,,,,,,,,,
Ditto,2024-01,Nothing,100.000,,,,,,,,,,,,,,,,,,,,,,,,,,,,,,,,,,,,,,,,
Vileplume,2024-01,Nothing,100.000,,,,,,,,,,,,,,,,,,,,,,,,,,,,,,,,,,,,,,,,
Pikachu,2024-01,Nothing,100.000,,,,,,,,,,,,,,,,,,,,,,,,,,,,,,,,,,,,,,,,
Fearow,2024-01,Nothing,100.000,,,,,,,,,,,,,,,,,,,,,,,,,,,,,,,,,,,,,,,,
Hitmonchan,2024-01,Nothing,100.000,,,,,,,,,,,,,,,,,,,,,,,,,,,,,,,,,,,,,,,,
Pidgeot,2024-01,Nothing,100.000,,,,,,,,,,,,,,,,,,,,,,,,,,,,,,,,,,,,,,,,
Muk,2024-01,Nothing,100.000,,,,,,,,,,,,,,,,,,,,,,,,,,,,,,,,,,,,,,,,
Magmar,2024-01,Nothing,100.000,,,,,,,,,,,,,,,,,,,,,,,,,,,,,,,,,,,,,,,,
Tauros,2024-02,Nothing,100.000,,,,,,,,,,,,,,,,,,,,,,,,,,,,,,,,,,,,,,,,
Snorlax,2024-02,Nothing,100.000,,,,,,,,,,,,,,,,,,,,,,,,,,,,,,,,,,,,,,,,
Chansey,2024-02,Nothing,100.000,,,,,,,,,,,,,,,,,,,,,,,,,,,,,,,,,,,,,,,,
Exeggutor,2024-02,Nothing,100.000,,,,,,,,,,,,,,,,,,,,,,,,,,,,,,,,,,,,,,,,
Starmie,2024-02,Nothing,100.000,,,,,,,,,,,,,,,,,,,,,,,,,,,,,,,,,,,,,,,,
Alakazam,2024-02,Nothing,100.000,,,,,,,,,,,,,,,,,,,,,,,,,,,,,,,,,,,,,,,,
Gengar,2024-02,Nothing,100.000,,,,,,,,,,,,,,,,,,,,,,,,,,,,,,,,,,,,,,,,
Zapdos,2024-02,Nothing,100.000,,,,,,,,,,,,,,,,,,,,,,,,,,,,,,,,,,,,,,,,
Rhydon,2024-02,Nothing,100.000,,,,,,,,,,,,,,,,,,,,,,,,,,,,,,,,,,,,,,,,
Jynx,2024-02,Nothing,100.000,,,,,,,,,,,,,,,,,,,,,,,,,,,,,,,,,,,,,,,,
Cloyster,2024-02,Nothing,100.000,,,,,,,,,,,,,,,,,,,,,,,,,,,,,,,,,,,,,,,,
Jolteon,2024-02,Nothing,100.000,,,,,,,,,,,,,,,,,,,,,,,,,,,,,,,,,,,,,,,,
Slowbro,2024-02,Nothing,100.000,,,,,,,,,,,,,,,,,,,,,,,,,,,,,,,,,,,,,,,,
Lapras,2024-02,Nothing,100.000,,,,,,,,,,,,,,,,,,,,,,,,,,,,,,,,,,,,,,,,
Dragonite,2024-02,Nothing,100.000,,,,,,,,,,,,,,,,,,,,,,,,,,,,,,,,,,,,,,,,
Persian,2024-02,Nothing,100.000,,,,,,,,,,,,,,,,,,,,,,,,,,,,,,,,,,,,,,,,
Golem,2024-02,Nothing,100.000,,,,,,,,,,,,,,,,,,,,,,,,,,,,,,,,,,,,,,,,
Articuno,2024-02,Nothing,100.000,,,,,,,,,,,,,,,,,,,,,,,,,,,,,,,,,,,,,,,,
Victreebel,2024-02,Nothing,100.000,,,,,,,,,,,,,,,,,,,,,,,,,,,,,,,,,,,,,,,,
Moltres,2024-02,Nothing,100.000,,,,,,,,,,,,,,,,,,,,,,,,,,,,,,,,,,,,,,,,
Gyarados,2024-02,Nothing,100.000,,,,,,,,,,,,,,,,,,,,,,,,,,,,,,,,,,,,,,,,
Electrode,2024-02,Nothing,100.000,,,,,,,,,,,,,,,,,,,,,,,,,,,,,,,,,,,,,,,,
Hypno,2024-02,Nothing,100.000,,,,,,,,,,,,,,,,,,,,,,,,,,,,,,,,,,,,,,,,
Pinsir,2024-02,Nothing,100.000,,,,,,,,,,,,,,,,,,,,,,,,,,,,,,,,,,,,,,,,
Dugtrio,2024-02,Nothing,100.000,,,,,,,,,,,,,,,,,,,,,,,,,,,,,,,,,,,,,,,,
Sandslash,2024-02,Nothing,100.000,,,,,,,,,,,,,,,,,,,,,,,,,,,,,,,,,,,,,,,,
Porygon,2024-02,Nothing,100.000,,,,,,,,,,,,,,,,,,,,,,,,,,,,,,,,,,,,,,,,
Venusaur,2024-02,Nothing,100.000,,,,,,,,,,,,,,,,,,,,,,,,,,,,,,,,,,,,,,,,
Charizard,2024-02,Nothing,100.000,,,,,,,,,,,,,,,,,,,,,,,,,,,,,,,,,,,,,,,,
Arcanine,2024-02,Nothing,100.000,,,,,,,,,,,,,,,,,,,,,,,,,,,,,,,,,,,,,,,,
Kingler,2024-02,Nothing,100.000,,,,,,,,,,,,,,,,,,,,,,,,,,,,,,,,,,,,,,,,
Dodrio,2024-02,Nothing,100.000,,,,,,,,,,,,,,,,,,,,,,,,,,,,,,,,,,,,,,,,
Clefable,2024-02,Nothing,100.000,,,,,,,,,,,,,,,,,,,,,,,,,,,,,,,,,,,,,,,,
Kangaskhan,2024-02,Nothing,100.000,,,,,,,,,,,,,,,,,,,,,,,,,,,,,,,,,,,,,,,,
Machamp,2024-02,Nothing,100.000,,,,,,,,,,,,,,,,,,,,,,,,,,,,,,,,,,,,,,,,
Kabutops,2024-02,Nothing,100.000,,,,,,,,,,,,,,,,,,,,,,,,,,,,,,,,,,,,,,,,
Raichu,2024-02,Nothing,100.000,,,,,,,,,,,,,,,,,,,,,,,,,,,,,,,,,,,,,,,,
Dragonair,2024-02,Nothing,100.000,,,,,,,,,,,,,,,,,,,,,,,,,,,,,,,,,,,,,,,,
Parasect,2024-02,Nothing,100.000,,,,,,,,,,,,,,,,,,,,,,,,,,,,,,,,,,,,,,,,
Primeape,2024-02,Nothing,100.000,,,,,,,,,,,,,,,,,,,,,,,,,,,,,,,,,,,,,,,,
Tentacruel,2024-02,Nothing,100.000,,,,,,,,,,,,,,,,,,,,,,,,,,,,,,,,,,,,,,,,
Golduck,2024-02,Nothing,100.000,,,,,,,,,,,,,,,,,,,,,,,,,,,,,,,,,,,,,,,,
Hitmonlee,2024-02,Nothing,100.000,,,,,,,,,,,,,,,,,,,,,,,,,,,,,,,,,,,,,,,,
Aerodactyl,2024-02,Nothing,100.000,,,,,,,,,,,,,,,,,,,,,,,,,,,,,,,,,,,,,,,,
Poliwrath,2024-02,Nothing,100.000,,,,,,,,,,,,,,,,,,,,,,,,,,,,,,,,,,,,,,,,
Weezing,2024-02,Nothing,100.000,,,,,,,,,,,,,,,,,,,,,,,,,,,,,,,,,,,,,,,,
Arbok,2024-02,Nothing,100.000,,,,,,,,,,,,,,,,,,,,,,,,,,,,,,,,,,,,,,,,
Onix,2024-02,Nothing,100.000,,,,,,,,,,,,,,,,,,,,,,,,,,,,,,,,,,,,,,,,
Raticate,2024-02,Nothing,100.000,,,,,,,,,,,,,,,,,,,,,,,,,,,,,,,,,,,,,,,,
Ninetales,2024-02,Nothing,100.000,,,,,,,,,,,,,,,,,,,,,,,,,,,,,,,,,,,,,,,,
Blastoise,2024-02,Nothing,100.000,,,,,,,,,,,,,,,,,,,,,,,,,,,,,,,,,,,,,,,,
Vaporeon,2024-02,Nothing,100.000,,,,,,,,,,,,,,,,,,,,,,,,,,,,,,,,,,,,,,,,
Rapidash,2024-02,Nothing,100.000,,,,,,,,,,,,,,,,,,,,,,,,,,,,,,,,,,,,,,,,
Tangela,2024-02,Nothing,100.000,,,,,,,,,,,,,,,,,,,,,,,,,,,,,,,,,,,,,,,,
Pikachu,2024-02,Nothing,100.000,,,,,,,,,,,,,,,,,,,,,,,,,,,,,,,,,,,,,,,,
Electabuzz,2024-02,Nothing,100.000,,,,,,,,,,,,,,,,,,,,,,,,,,,,,,,,,,,,,,,,
Omastar,2024-02,Nothing,100.000,,,,,,,,,,,,,,,,,,,,,,,,,,,,,,,,,,,,,,,,
Nidoking,2024-02,Nothing,100.000,,,,,,,,,,,,,,,,,,,,,,,,,,,,,,,,,,,,,,,,
Nidoqueen,2024-02,Nothing,100.000,,,,,,,,,,,,,,,,,,,,,,,,,,,,,,,,,,,,,,,,
Vileplume,2024-02,Nothing,100.000,,,,,,,,,,,,,,,,,,,,,,,,,,,,,,,,,,,,,,,,
Lickitung,2024-02,Nothing,100.000,,,,,,,,,,,,,,,,,,,,,,,,,,,,,,,,,,,,,,,,
Venomoth,2024-02,Nothing,100.000,,,,,,,,,,,,,,,,,,,,,,,,,,,,,,,,,,,,,,,,
Marowak,2024-02,Nothing,100.000,,,,,,,,,,,,,,,,,,,,,,,,,,,,,,,,,,,,,,,,
Kadabra,2024-02,Nothing,100.000,,,,,,,,,,,,,,,,,,,,,,,,,,,,,,,,,,,,,,,,
Dewgong,2024-02,Nothing,100.000,,,,,,,,,,,,,,,,,,,,,,,,,,,,,,,,,,,,,,,,
Snorlax,2024-03,Nothing,100.000,,,,,,,,,,,,,,,,,,,,,,,,,,,,,,,,,,,,,,,,
Tauros,2024-03,Nothing,100.000,,,,,,,,,,,,,,,,,,,,,,,,,,,,,,,,,,,,,,,,
Chansey,2024-03,Nothing,100.000,,,,,,,,,,,,,,,,,,,,,,,,,,,,,,,,,,,,,,,,
Exeggutor,2024-03,Nothing,100.000,,,,,,,,,,,,,,,,,,,,,,,,,,,,,,,,,,,,,,,,
Starmie,2024-03,Nothing,100.000,,,,,,,,,,,,,,,,,,,,,,,,,,,,,,,,,,,,,,,,
Alakazam,2024-03,Nothing,100.000,,,,,,,,,,,,,,,,,,,,,,,,,,,,,,,,,,,,,,,,
Zapdos,2024-03,Nothing,100.000,,,,,,,,,,,,,,,,,,,,,,,,,,,,,,,,,,,,,,,,
Gengar,2024-03,Nothing,100.000,,,,,,,,,,,,,,,,,,,,,,,,,,,,,,,,,,,,,,,,
Rhydon,2024-03,Nothing,100.000,,,,,,,,,,,,,,,,,,,,,,,,,,,,,,,,,,,,,,,,
Cloyster,2024-03,Nothing,100.000,,,,,,,,,,,,,,,,,,,,,,,,,,,,,,,,,,,,,,,,
Jynx,2024-03,Nothing,100.000,,,,,,,,,,,,,,,,,,,,,,,,,,,,,,,,,,,,,,,,
Slowbro,2024-03,Nothing,100.000,,,,,,,,,,,,,,,,,,,,,,,,,,,,,,,,,,,,,,,,
Jolteon,2024-03,Nothing,100.000,,,,,,,,,,,,,,,,,,,,,,,,,,,,,,,,,,,,,,,,
Lapras,2024-03,Nothing,100.000,,,,,,,,,,,,,,,,,,,,,,,,,,,,,,,,,,,,,,,,
Persian,2024-03,Nothing,100.000,,,,,,,,,,,,,,,,,,,,,,,,,,,,,,,,,,,,,,,,
Victreebel,2024-03,Nothing,100.000,,,,,,,,,,,,,,,,,,,,,,,,,,,,,,,,,,,,,,,,
Golem,2024-03,Nothing,100.000,,,,,,,,,,,,,,,,,,,,,,,,,,,,,,,,,,,,,,,,
Dragonite,2024-03,Nothing,100.000,,,,,,,,,,,,,,,,,,,,,,,,,,,,,,,,,,,,,,,,
Articuno,2024-03,Nothing,100.000,,,,,,,,,,,,,,,,,,,,,,,,,,,,,,,,,,,,,,,,
Venusaur,2024-03,Nothing,100.000,,,,,,,,,,,,,,,,,,,,,,,,,,,,,,,,,,,,,,,,
Hypno,2024-03,Nothing,100.000,,,,,,,,,,,,,,,,,,,,,,,,,,,,,,,,,,,,,,,,
Sandslash,2024-03,Nothing,100.000,,,,,,,,,,,,,,,,,,,,,,,,,,,,,,,,,,,,,,,,
Moltres,2024-03,Nothing,100.000,,,,,,,,,,,,,,,,,,,,,,,,,,,,,,,,,,,,,,,,
Pinsir,2024-03,Nothing,100.000,,,,,,,,,,,,,,,,,,,,,,,,,,,,,,,,,,,,,,,,
Porygon,2024-03,Nothing,100.000,,,,,,,,,,,,,,,,,,,,,,,,,,,,,,,,,,,,,,,,
Gyarados,2024-03,Nothing,100.000,,,,,,,,,,,,,,,,,,,,,,,,,,,,,,,,,,,,,,,,
Kingler,2024-03,Nothing,100.000,,,,,,,,,,,,,,,,,,,,,,,,,,,,,,,,,,,,,,,,
Dugtrio,2024-03,Nothing,100.000,,,,,,,,,,,,,,,,,,,,,,,,,,,,,,,,,,,,,,,,
Dragonair,2024-03,Nothing,100.000,,,,,,,,,,,,,,,,,,,,,,,,,,,,,,,,,,,,,,,,
Dodrio,2024-03,Nothing,100.000,,,,,,,,,,,,,,,,,,,,,,,,,,,,,,,,,,,,,,,,
Electrode,2024-03,Nothing,100.000,,,,,,,,,,,,,,,,,,,,,,,,,,,,,,,,,,,,,,,,
Kangaskhan,2024-03,Nothing,100.000,,,,,,,,,,,,,,,,,,,,,,,,,,,,,,,,,,,,,,,,
Clefable,2024-03,Nothing,100.000,,,,,,,,,,,,,,,,,,,,,,,,,,,,,,,,,,,,,,,,
Tentacruel,2024-03,Nothing,100.000,,,,,,,,,,,,,,,,,,,,,,,,,,,,,,,,,,,,,,,,
Machamp,2024-03,Nothing,100.000,,,,,,,,,,,,,,,,,,,,,,,,,,,,,,,,,,,,,,,,
Kabutops,2024-03,Nothing,100.000,,,,,,,,,,,,,,,,,,,,,,,,,,,,,,,,,,,,,,,,
Raichu,2024-03,Nothing,100.000,,,,,,,,,,,,,,,,,,,,,,,,,,,,,,,,,,,,,,,,
Charizard,2024-03,Nothing,100.000,,,,,,,,,,,,,,,,,,,,,,,,,,,,,,,,,,,,,,,,
Onix,2024-03,Nothing,100.000,,,,,,,,,,,,,,,,,,,,,,,,,,,,,,,,,,,,,,,,
Omastar,2024-03,Nothing,100.000,,,,,,,,,,,,,,,,,,,,,,,,,,,,,,,,,,,,,,,,
Ninetales,2024-03,Nothing,100.000,,,,,,,,,,,,,,,,,,,,,,,,,,,,,,,,,,,,,,,,
Rapidash,2024-03,Nothing,100.000,,,,,,,,,,,,,,,,,,,,,,,,,,,,,,,,,,,,,,,,
Weezing,2024-03,Nothing,100.000,,,,,,,,,,,,,,,,,,,,,,,,,,,,,,,,,,,,,,,,
Poliwrath,2024-03,Nothing,100.000,,,,,,,,,,,,,,,,,,,,,,,,,,,,,,,,,,,,,,,,
Raticate,2024-03,Nothing,100.000,,,,,,,,,,,,,,,,,,,,,,,,,,,,,,,,,,,,,,,,
Nidoking,2024-03,Nothing,100.000,,,,,,,,,,,,,,,,,,,,,,,,,,,,,,,,,,,,,,,,
Hitmonlee,2024-03,Nothing,100.000,,,,,,,,,,,,,,,,,,,,,,,,,,,,,,,,,,,,,,,,
Arcanine,2024-03,Nothing,100.000,,,,,,,,,,,,,,,,,,,,,,,,,,,,,,,,,,,,,,,,
Primeape,2024-03,Nothing,100.000,,,,,,,,,,,,,,,,,,,,,,,,,,,,,,,,,,,,,,,,
Blastoise,2024-03,Nothing,100.000,,,,,,,,,,,,,,,,,,,,,,,,,,,,,,,,,,,,,,,,
Parasect,2024-03,Nothing,100.000,,,,,,,,,,,,,,,,,,,,,,,,,,,,,,,,,,,,,,,,
Haunter,2024-03,Nothing,100.000,,,,,,,,,,,,,,,,,,,,,,,,,,,,,,,,,,,,,,,,
Arbok,2024-03,Nothing,100.000,,,,,,,,,,,,,,,,,,,,,,,,,,,,,,,,,,,,,,,,
Tangela,2024-03,Nothing,100.000,,,,,,,,,,,,,,,,,,,,,,,,,,,,,,,,,,,,,,,,
Flareon,2024-03,Nothing,100.000,,,,,,,,,,,,,,,,,,,,,,,,,,,,,,,,,,,,,,,,
Vaporeon,2024-03,Nothing,100.000,,,,,,,,,,,,,,,,,,,,,,,,,,,,,,,,,,,,,,,,
Aerodactyl,2024-03,Nothing,100.000,,,,,,,,,,,,,,,,,,,,,,,,,,,,,,,,,,,,,,,,
Golduck,2024-03,Nothing,100.000,,,,,,,,,,,,,,,,,,,,,,,,,,,,,,,,,,,,,,,,
Vileplume,2024-03,Nothing,100.000,,,,,,,,,,,,,,,,,,,,,,,,,,,,,,,,,,,,,,,,
Pidgeot,2024-03,Nothing,100.000,,,,,,,,,,,,,,,,,,,,,,,,,,,,,,,,,,,,,,,,
Kadabra,2024-03,Nothing,100.000,,,,,,,,,,,,,,,,,,,,,,,,,,,,,,,,,,,,,,,,
Marowak,2024-03,Nothing,100.000,,,,,,,,,,,,,,,,,,,,,,,,,,,,,,,,,,,,,,,,
Magneton,2024-03,Nothing,100.000,,,,,,,,,,,,,,,,,,,,,,,,,,,,,,,,,,,,,,,,
Venomoth,2024-03,Nothing,100.000,,,,,,,,,,,,,,,,,,,,,,,,,,,,,,,,,,,,,,,,
Beedrill,2024-03,Nothing,100.000,,,,,,,,,,,,,,,,,,,,,,,,,,,,,,,,,,,,,,,,
Ditto,2024-03,Nothing,100.000,,,,,,,,,,,,,,,,,,,,,,,,,,,,,,,,,,,,,,,,
Muk,2024-03,Nothing,100.000,,,,,,,,,,,,,,,,,,,,,,,,,,,,,,,,,,,,,,,,
Scyther,2024-03,Nothing,100.000,,,,,,,,,,,,,,,,,,,,,,,,,,,,,,,,,,,,,,,,
Tauros,2024-04,Nothing,100.000,,,,,,,,,,,,,,,,,,,,,,,,,,,,,,,,,,,,,,,,
Snorlax,2024-04,Nothing,100.000,,,,,,,,,,,,,,,,,,,,,,,,,,,,,,,,,,,,,,,,
Chansey,2024-04,Nothing,100.000,,,,,,,,,,,,,,,,,,,,,,,,,,,,,,,,,,,,,,,,
Exeggutor,2024-04,Nothing,100.000,,,,,,,,,,,,,,,,,,,,,,,,,,,,,,,,,,,,,,,,
Starmie,2024-04,Nothing,100.000,,,,,,,,,,,,,,,,,,,,,,,,,,,,,,,,,,,,,,,,
Alakazam,2024-04,Nothing,100.000,,,,,,,,,,,,,,,,,,,,,,,,,,,,,,,,,,,,,,,,
Gengar,2024-04,Nothing,100.000,,,,,,,,,,,,,,,,,,,,,,,,,,,,,,,,,,,,,,,,
Zapdos,2024-04,Nothing,100.000,,,,,,,,,,,,,,,,,,,,,,,,,,,,,,,,,,,,,,,,
Rhydon,2024-04,Nothing,100.000,,,,,,,,,,,,,,,,,,,,,,,,,,,,,,,,,,,,,,,,
Jynx,2024-04,Nothing,100.000,,,,,,,,,,,,,,,,,,,,,,,,,,,,,,,,,,,,,,,,
Cloyster,2024-04,Nothing,100.000,,,,,,,,,,,,,,,,,,,,,,,,,,,,,,,,,,,,,,,,
Jolteon,2024-04,Nothing,100.000,,,,,,,,,,,,,,,,,,,,,,,,,,,,,,,,,,,,,,,,
Slowbro,2024-04,Nothing,100.000,,,,,,,,,,,,,,,,,,,,,,,,,,,,,,,,,,,,,,,,
Persian,2024-04,Nothing,100.000,,,,,,,,,,,,,,,,,,,,,,,,,,,,,,,,,,,,,,,,
Lapras,2024-04,Nothing,100.000,,,,,,,,,,,,,,,,,,,,,,,,,,,,,,,,,,,,,,,,
Dragonite,2024-04,Nothing,100.000,,,,,,,,,,,,,,,,,,,,,,,,,,,,,,,,,,,,,,,,
Victreebel,2024-04,Nothing,100.000,,,,,,,,,,,,,,,,,,,,,,,,,,,,,,,,,,,,,,,,
Articuno,2024-04,Nothing,100.000,,,,,,,,,,,,,,,,,,,,,,,,,,,,,,,,,,,,,,,,
Golem,2024-04,Nothing,100.000,,,,,,,,,,,,,,,,,,,,,,,,,,,,,,,,,,,,,,,,
Dugtrio,2024-04,Nothing,100.000,,,,,,,,,,,,,,,,,,,,,,,,,,,,,,,,,,,,,,,,
Hypno,2024-04,Nothing,100.000,,,,,,,,,,,,,,,,,,,,,,,,,,,,,,,,,,,,,,,,
Charizard,2024-04,Nothing,100.000,,,,,,,,,,,,,,,,,,,,,,,,,,,,,,,,,,,,,,,,
Moltres,2024-04,Nothing,100.000,,,,,,,,,,,,,,,,,,,,,,,,,,,,,,,,,,,,,,,,
Venusaur,2024-04,Nothing,100.000,,,,,,,,,,,,,,,,,,,,,,,,,,,,,,,,,,,,,,,,
Porygon,2024-04,Nothing,100.000,,,,,,,,,,,,,,,,,,,,,,,,,,,,,,,,,,,,,,,,
Kingler,2024-04,Nothing,100.000,,,,,,,,,,,,,,,,,,,,,,,,,,,,,,,,,,,,,,,,
Dragonair,2024-04,Nothing,100.000,,,,,,,,,,,,,,,,,,,,,,,,,,,,,,,,,,,,,,,,
Pinsir,2024-04,Nothing,100.000,,,,,,,,,,,,,,,,,,,,,,,,,,,,,,,,,,,,,,,,
Gyarados,2024-04,Nothing,100.000,,,,,,,,,,,,,,,,,,,,,,,,,,,,,,,,,,,,,,,,
Machamp,2024-04,Nothing,100.000,,,,,,,,,,,,,,,,,,,,,,,,,,,,,,,,,,,,,,,,
Clefable,2024-04,Nothing,100.000,,,,,,,,,,,,,,,,,,,,,,,,,,,,,,,,,,,,,,,,
Sandslash,2024-04,Nothing,100.000,,,,,,,,,,,,,,,,,,,,,,,,,,,,,,,,,,,,,,,,
Electrode,2024-04,Nothing,100.000,,,,,,,,,,,,,,,,,,,,,,,,,,,,,,,,,,,,,,,,
Flareon,2024-04,Nothing,100.000,,,,,,,,,,,,,,,,,,,,,,,,,,,,,,,,,,,,,,,,
Raichu,2024-04,Nothing,100.000,,,,,,,,,,,,,,,,,,,,,,,,,,,,,,,,,,,,,,,,
Poliwrath,2024-04,Nothing,100.000,,,,,,,,,,,,,,,,,,,,,,,,,,,,,,,,,,,,,,,,
Dodrio,2024-04,Nothing,100.000,,,,,,,,,,,,,,,,,,,,,,,,,,,,,,,,,,,,,,,,
Kangaskhan,2024-04,Nothing,100.000,,,,,,,,,,,,,,,,,,,,,,,,,,,,,,,,,,,,,,,,
Raticate,2024-04,Nothing,100.000,,,,,,,,,,,,,,,,,,,,,,,,,,,,,,,,,,,,,,,,
Kabutops,2024-04,Nothing,100.000,,,,,,,,,,,,,,,,,,,,,,,,,,,,,,,,,,,,,,,,
Omastar,2024-04,Nothing,100.000,,,,,,,,,,,,,,,,,,,,,,,,,,,,,,,,,,,,,,,,
Tangela,2024-04,Nothing,100.000,,,,,,,,,,,,,,,,,,,,,,,,,,,,,,,,,,,,,,,,
Hitmonlee,2024-04,Nothing,100.000,,,,,,,,,,,,,,,,,,,,,,,,,,,,,,,,,,,,,,,,
Blastoise,2024-04,Nothing,100.000,,,,,,,,,,,,,,,,,,,,,,,,,,,,,,,,,,,,,,,,
Haunter,2024-04,Nothing,100.000,,,,,,,,,,,,,,,,,,,,,,,,,,,,,,,,,,,,,,,,
Nidoking,2024-04,Nothing,100.000,,,,,,,,,,,,,,,,,,,,,,,,,,,,,,,,,,,,,,,,
Kadabra,2024-04,Nothing,100.000,,,,,,,,,,,,,,,,,,,,,,,,,,,,,,,,,,,,,,,,
Tentacruel,2024-04,Nothing,100.000,,,,,,,,,,,,,,,,,,,,,,,,,,,,,,,,,,,,,,,,
Wigglytuff,2024-04,Nothing,100.000,,,,,,,,,,,,,,,,,,,,,,,,,,,,,,,,,,,,,,,,
Nidoqueen,2024-04,Nothing,100.000,,,,,,,,,,,,,,,,,,,,,,,,,,,,,,,,,,,,,,,,
Magmar,2024-04,Nothing,100.000,,,,,,,,,,,,,,,,,,,,,,,,,,,,,,,,,,,,,,,,
Aerodactyl,2024-04,Nothing,100.000,,,,,,,,,,,,,,,,,,,,,,,,,,,,,,,,,,,,,,,,
Ninetales,2024-04,Nothing,100.000,,,,,,,,,,,,,,,,,,,,,,,,,,,,,,,,,,,,,,,,
Lickitung,2024-04,Nothing,100.000,,,,,,,,,,,,,,,,,,,,,,,,,,,,,,,,,,,,,,,,
Parasect,2024-04,Nothing,100.000,,,,,,,,,,,,,,,,,,,,,,,,,,,,,,,,,,,,,,,,
Arcanine,2024-04,Nothing,100.000,,,,,,,,,,,,,,,,,,,,,,,,,,,,,,,,,,,,,,,,
Hitmonchan,2024-04,Nothing,100.000,,,,,,,,,,,,,,,,,,,,,,,,,,,,,,,,,,,,,,,,
Seadra,2024-04,Nothing,100.000,,,,,,,,,,,,,,,,,,,,,,,,,,,,,,,,,,,,,,,,
Vileplume,2024-04,Nothing,100.000,,,,,,,,,,,,,,,,,,,,,,,,,,,,,,,,,,,,,,,,
Rapidash,2024-04,Nothing,100.000,,,,,,,,,,,,,,,,,,,,,,,,,,,,,,,,,,,,,,,,
Electabuzz,2024-04,Nothing,100.000,,,,,,,,,,,,,,,,,,,,,,,,,,,,,,,,,,,,,,,,
Onix,2024-04,Nothing,100.000,,,,,,,,,,,,,,,,,,,,,,,,,,,,,,,,,,,,,,,,
Arbok,2024-04,Nothing,100.000,,,,,,,,,,,,,,,,,,,,,,,,,,,,,,,,,,,,,,,,
Scyther,2024-04,Nothing,100.000,,,,,,,,,,,,,,,,,,,,,,,,,,,,,,,,,,,,,,,,
Vaporeon,2024-04,Nothing,100.000,,,,,,,,,,,,,,,,,,,,,,,,,,,,,,,,,,,,,,,,
Pikachu,2024-04,Nothing,100.000,,,,,,,,,,,,,,,,,,,,,,,,,,,,,,,,,,,,,,,,
Venomoth,2024-04,Nothing,100.000,,,,,,,,,,,,,,,,,,,,,,,,,,,,,,,,,,,,,,,,
Dewgong,2024-04,Nothing,100.000,,,,,,,,,,,,,,,,,,,,,,,,,,,,,,,,,,,,,,,,
Mr. Mime,2024-04,Nothing,100.000,,,,,,,,,,,,,,,,,,,,,,,,,,,,,,,,,,,,,,,,
Poliwhirl,2024-04,Nothing,100.000,,,,,,,,,,,,,,,,,,,,,,,,,,,,,,,,,,,,,,,,
Muk,2024-04,Nothing,100.000,,,,,,,,,,,,,,,,,,,,,,,,,,,,,,,,,,,,,,,,
Graveler,2024-04,Nothing,100.000,,,,,,,,,,,,,,,,,,,,,,,,,,,,,,,,,,,,,,,,
Primeape,2024-04,Nothing,100.000,,,,,,,,,,,,,,,,,,,,,,,,,,,,,,,,,,,,,,,,
Fearow,2024-04,Nothing,100.000,,,,,,,,,,,,,,,,,,,,,,,,,,,,,,,,,,,,,,,,
Ditto,2024-04,Nothing,100.000,,,,,,,,,,,,,,,,,,,,,,,,,,,,,,,,,,,,,,,,