name,snapshot,move1,usage1,move2,usage2,move3,usage3,move4,usage4,move5,usage5,move6,usage6,move7,usage7,move8,usage8,move9,usage9,move10,usage10,move11,usage11,move12,usage12,move13,usage13,move14,usage14,move15,usage15,move16,usage16,move17,usage17,move18,usage18
Magearna,2023-11,Fleur Cannon,67.064,Volt Switch,61.597,Spikes,57.840,Thunder Wave,33.332,Draining Kiss,29.299,Encore,27.089,Calm Mind,20.989,Stored Power,19.127,Flash Cannon,16.749,Shift Gear,16.213,Ice Beam,12.475,Trick Room,10.458,Iron Defense,6.292,Steel Beam,5.966,Other,15.511,,,,,,
Zacian,2023-11,Play Rough,99.928,Close Combat,81.238,Swords Dance,67.674,Tera Blast,49.561,Crunch,22.765,Psychic Fangs,22.544,Wild Charge,18.126,Iron Head,16.267,Sacred Sword,6.052,Other,15.844,,,,,,,,,,,,,,,,
Cyclizar,2023-11,Shed Tail,99.122,Rapid Spin,98.553,Knock Off,81.450,Taunt,54.007,Draco Meteor,37.064,U-turn,18.212,Other,11.592,,,,,,,,,,,,,,,,,,,,,,
Palafin,2023-11,Jet Punch,99.071,Flip Turn,72.435,Wave Crash,71.980,Close Combat,71.207,Drain Punch,22.490,Bulk Up,21.241,Ice Punch,20.414,Taunt,11.150,Other,10.011,,,,,,,,,,,,,,,,,,
Palkia-Origin,2023-11,Spacial Rend,91.339,Hydro Pump,74.752,Fire Blast,36.084,Earth Power,34.886,Substitute,31.739,Surf,28.759,Thunderbolt,15.821,Draco Meteor,15.388,Thunder Wave,14.747,Flamethrower,13.717,Thunder,12.764,Ice Beam,10.874,Other,19.130,,,,,,,,,,
Arceus-Fire,2023-11,Flare Blitz,88.394,Extreme Speed,69.360,Recover,67.539,Swords Dance,60.569,Earthquake,29.025,Dragon Dance,28.646,Tera Blast,11.558,Judgment,10.183,Taunt,5.401,Calm Mind,4.860,Roar,3.077,Stealth Rock,2.820,Other,18.569,,,,,,,,,,
Dialga,2023-11,Draco Meteor,88.428,Stealth Rock,77.434,Flash Cannon,51.966,Roar,47.792,Earth Power,28.466,Thunder Wave,19.455,Trick Room,14.207,Heavy Slam,13.543,Steel Beam,12.723,Dragon Tail,8.662,Flamethrower,7.022,Fire Blast,6.407,Dragon Pulse,4.439,Other,19.457,,,,,,,,
Arceus-Poison,2023-11,Recover,71.634,Earthquake,47.274,Judgment,33.003,Dragon Dance,28.198,Extreme Speed,26.553,Gunk Shot,26.335,Earth Power,24.076,Calm Mind,18.742,Poison Jab,18.105,Swords Dance,17.828,Will-O-Wisp,12.322,Taunt,11.410,Roar,11.324,Body Press,7.591,Stealth Rock,7.487,Cosmic Power,7.419,Stored Power,6.539,Sludge Bomb,4.554
Landorus,2023-11,Earth Power,84.818,Sludge Bomb,72.601,Psychic,43.535,Focus Blast,35.240,Nasty Plot,33.316,U-turn,31.024,Stealth Rock,25.353,Grass Knot,11.016,Sandsear Storm,10.255,Taunt,7.848,Tera Blast,6.926,Earthquake,5.702,Rock Slide,4.942,Stone Edge,4.803,Calm Mind,4.779,Other,17.843,,,,
Chi-Yu,2023-11,Dark Pulse,99.896,Flamethrower,88.978,Overheat,87.493,Psychic,48.273,Tera Blast,24.504,Fire Blast,18.448,Memento,9.588,Will-O-Wisp,7.480,Other,15.339,,,,,,,,,,,,,,,,,,
Rillaboom,2023-11,Grassy Glide,99.155,U-turn,88.947,Wood Hammer,69.777,Knock Off,63.563,High Horsepower,53.606,Stomping Tantrum,8.673,Other,16.279,,,,,,,,,,,,,,,,,,,,,,
Sneasler,2023-11,Close Combat,89.018,Dire Claw,87.998,Swords Dance,85.693,Acrobatics,55.178,Shadow Claw,20.309,Gunk Shot,10.148,U-turn,8.823,Lash Out,8.324,Low Kick,8.138,Fake Out,6.012,Tera Blast,4.213,Other,16.147,,,,,,,,,,,,
Espathra,2023-11,Calm Mind,99.281,Stored Power,98.170,Protect,62.980,Dazzling Gleam,59.742,Tera Blast,38.979,Roost,25.681,Other,15.166,,,,,,,,,,,,,,,,,,,,,,
Gholdengo,2023-11,Make It Rain,96.602,Shadow Ball,87.232,Recover,86.577,Nasty Plot,75.174,Thunder Wave,15.985,Trick,12.600,Hex,9.067,Other,16.763,,,,,,,,,,,,,,,,,,,,
Volcarona,2023-11,Quiver Dance,99.627,Fiery Dance,73.819,Giga Drain,72.238,Bug Buzz,42.489,Morning Sun,35.050,Tera Blast,21.455,Flamethrower,20.351,Psychic,10.848,Will-O-Wisp,9.685,Other,14.438,,,,,,,,,,,,,,,,
Spectrier,2023-11,Shadow Ball,98.091,Draining Kiss,72.463,Nasty Plot,59.704,Tera Blast,36.675,Substitute,27.040,Taunt,24.022,Psychic,22.903,Dark Pulse,19.886,Will-O-Wisp,12.214,Calm Mind,7.668,Other,19.334,,,,,,,,,,,,,,
Roaring Moon,2023-11,Knock Off,91.522,Dragon Dance,83.789,Earthquake,81.296,Acrobatics,70.523,Iron Head,19.413,U-turn,14.378,Dragon Claw,11.198,Outrage,7.724,Taunt,4.758,Other,15.400,,,,,,,,,,,,,,,,
Dragapult,2023-11,Hex,56.577,Dragon Darts,56.275,Thunder Wave,50.218,Will-O-Wisp,48.613,U-turn,40.119,Draco Meteor,26.438,Light Screen,19.002,Reflect,18.999,Curse,15.604,Flamethrower,14.353,Shadow Ball,14.011,Tera Blast,6.766,Phantom Force,6.457,Sucker Punch,5.951,Fire Blast,4.676,Other,15.942,,,,
Zamazenta-Crowned,2023-11,Body Press,96.810,Iron Defense,95.970,Iron Head,61.298,Crunch,48.744,Substitute,22.690,Heavy Slam,12.665,Rest,12.352,Agility,11.994,Roar,10.964,Trailblaze,5.670,Play Rough,3.971,Other,16.873,,,,,,,,,,,,
Ursaluna-Bloodmoon,2023-11,Blood Moon,98.274,Earth Power,93.522,Calm Mind,80.681,Moonlight,51.068,Vacuum Wave,39.481,Moonblast,13.165,Hyper Voice,8.155,Other,15.655,,,,,,,,,,,,,,,,,,,,
Arceus-Grass,2023-11,Recover,90.053,Judgment,74.736,Calm Mind,71.253,Earth Power,41.183,Taunt,28.640,Grass Knot,16.188,Roar,12.078,Stealth Rock,7.377,Will-O-Wisp,6.917,Earthquake,6.367,Extreme Speed,6.271,Ice Beam,5.911,Swords Dance,5.650,Healing Wish,4.334,Flamethrower,3.899,Other,19.143,,,,
Baxcalibur,2023-11,Earthquake,83.223,Icicle Spear,75.568,Scale Shot,68.813,Swords Dance,61.058,Dragon Dance,32.282,Glaive Rush,27.376,Ice Shard,26.448,Icicle Crash,13.578,Other,11.653,,,,,,,,,,,,,,,,,,
Garchomp,2023-11,Earthquake,98.507,Stealth Rock,82.707,Dragon Tail,49.139,Swords Dance,48.531,Scale Shot,44.199,Spikes,34.325,Iron Head,7.458,Dragon Claw,7.265,Rest,6.734,Outrage,5.450,Other,15.685,,,,,,,,,,,,,,
Clefable,2023-11,Moonblast,94.186,Calm Mind,71.608,Wish,56.340,Protect,54.320,Moonlight,42.897,Stealth Rock,24.408,Thunder Wave,15.149,Knock Off,14.157,Cosmic Power,8.799,Other,18.137,,,,,,,,,,,,,,,,
Houndstone,2023-11,Last Respects,99.856,Body Press,65.127,Will-O-Wisp,56.468,Shadow Sneak,37.451,Play Rough,26.791,Poltergeist,25.554,Trick,22.657,Rest,22.109,Destiny Bond,15.784,Psychic Fangs,9.952,Other,18.251,,,,,,,,,,,,,,
Ninetales-Alola,2023-11,Aurora Veil,99.671,Encore,85.854,Moonblast,78.166,Freeze-Dry,73.078,Blizzard,31.801,Hypnosis,13.471,Other,17.959,,,,,,,,,,,,,,,,,,,,,,
Arceus-Dark,2023-11,Recover,94.025,Foul Play,47.584,Judgment,44.009,Will-O-Wisp,33.296,Calm Mind,27.964,Body Press,22.633,Cosmic Power,21.525,Roar,17.643,Taunt,17.192,Earth Power,15.626,Dragon Tail,11.720,Stealth Rock,7.914,Healing Wish,6.722,Extreme Speed,5.944,Stored Power,4.969,Swords Dance,4.141,Other,17.094,,
Urshifu-Rapid-Strike,2023-11,Surging Strikes,99.992,Close Combat,92.095,Aqua Jet,63.302,U-turn,60.560,Ice Spinner,25.616,Swords Dance,23.755,Drain Punch,8.538,Trailblaze,7.064,Other,19.078,,,,,,,,,,,,,,,,,,
Urshifu,2023-11,Wicked Blow,99.458,Close Combat,92.774,Sucker Punch,78.877,Swords Dance,52.996,U-turn,30.023,Poison Jab,12.046,Iron Head,10.150,Drain Punch,5.946,Other,17.730,,,,,,,,,,,,,,,,,,
Ursaluna,2023-11,Facade,93.492,Headlong Rush,82.603,Crunch,78.564,Substitute,45.558,Swords Dance,42.295,Earthquake,17.397,Fire Punch,13.228,Ice Punch,7.809,Other,19.055,,,,,,,,,,,,,,,,,,
Dragonite,2023-11,Earthquake,98.838,Dragon Dance,97.545,Extreme Speed,96.638,Encore,70.527,Roost,10.347,Fire Punch,5.434,Ice Spinner,4.687,Other,15.985,,,,,,,,,,,,,,,,,,,,
Pelipper,2023-11,U-turn,99.609,Roost,93.564,Hurricane,92.214,Surf,50.596,Weather Ball,23.005,Knock Off,19.860,Hydro Pump,17.811,Other,3.341,,,,,,,,,,,,,,,,,,,,
Arceus-Dragon,2023-11,Recover,54.973,Stealth Rock,41.034,Roar,39.964,Draco Meteor,32.926,Dragon Dance,26.471,Earthquake,24.135,Judgment,22.800,Extreme Speed,21.846,Flash Cannon,21.560,Dragon Claw,19.859,Swords Dance,15.096,Outrage,11.810,Iron Head,10.748,Will-O-Wisp,8.624,Earth Power,7.822,Flare Blitz,7.632,Gunk Shot,6.848,Calm Mind,6.646
Slowking-Galar,2023-11,Chilly Reception,86.361,Future Sight,72.198,Sludge Bomb,66.939,Toxic Spikes,47.693,Thunder Wave,43.021,Slack Off,33.500,Flamethrower,14.172,Ice Beam,7.478,Psyshock,5.544,Toxic,4.087,Other,19.006,,,,,,,,,,,,,,
Cinderace,2023-11,Pyro Ball,99.887,Court Change,98.367,U-turn,94.208,Sucker Punch,53.053,Will-O-Wisp,30.582,High Jump Kick,10.717,Other,13.186,,,,,,,,,,,,,,,,,,,,,,
Meowscarada,2023-11,Taunt,87.910,Spikes,87.279,Flower Trick,83.902,Toxic Spikes,80.436,Knock Off,29.242,U-turn,12.482,Other,18.748,,,,,,,,,,,,,,,,,,,,,,
Garganacl,2023-11,Salt Cure,99.991,Recover,98.415,Iron Defense,78.959,Body Press,56.362,Earthquake,29.364,Stealth Rock,15.654,Protect,11.750,Other,9.504,,,,,,,,,,,,,,,,,,,,
Palkia,2023-11,Spacial Rend,73.517,Hydro Pump,55.403,Surf,49.486,Draco Meteor,30.001,Earth Power,28.563,Trick,25.833,Fire Blast,17.913,Flamethrower,17.488,Thunderbolt,15.852,Trick Room,15.069,Thunder,12.740,Dragon Tail,8.879,Roar,7.888,Ice Beam,7.658,Aura Sphere,6.557,Thunder Wave,4.326,Bulk Up,3.672,Other,19.155
Torkoal,2023-11,Rapid Spin,96.328,Stealth Rock,90.792,Lava Plume,84.530,Will-O-Wisp,46.263,Yawn,45.608,Clear Smog,6.418,Solar Beam,5.209,Body Press,4.570,Overheat,4.292,Other,15.990,,,,,,,,,,,,,,,,
Mandibuzz,2023-11,Roost,98.060,Defog,82.707,Foul Play,62.689,U-turn,59.513,Knock Off,36.482,Toxic,35.074,Whirlwind,10.143,Other,15.332,,,,,,,,,,,,,,,,,,,,
Amoonguss,2023-11,Spore,94.557,Clear Smog,88.426,Toxic,63.611,Foul Play,62.990,Sludge Bomb,28.035,Giga Drain,24.929,Synthesis,13.215,Grass Knot,13.068,Other,11.169,,,,,,,,,,,,,,,,,,
Dialga-Origin,2023-11,Draco Meteor,73.777,Flash Cannon,64.084,Stealth Rock,62.168,Thunder Wave,33.812,Earth Power,33.278,Steel Beam,25.783,Roar,20.095,Trick Room,15.452,Dragon Pulse,14.988,Fire Blast,11.298,Ice Beam,8.720,Dragon Tail,8.511,Flamethrower,3.938,Rest,2.102,Thunder,2.069,Other,19.925,,,,
Walking Wake,2023-11,Flamethrower,95.940,Hydro Steam,91.893,Dragon Pulse,75.172,Flip Turn,69.484,Draco Meteor,37.430,Agility,9.192,Surf,4.432,Other,16.456,,,,,,,,,,,,,,,,,,,,
Blissey,2023-11,Soft-Boiled,99.487,Seismic Toss,96.227,Heal Bell,49.422,Stealth Rock,45.400,Calm Mind,36.482,Thunder Wave,30.510,Shadow Ball,22.068,Ice Beam,14.132,Other,6.272,,,,,,,,,,,,,,,,,,
Ogerpon-Wellspring,2023-11,Ivy Cudgel,99.991,Swords Dance,59.363,Horn Leech,49.473,U-turn,27.625,Power Whip,27.026,Low Kick,20.297,Trailblaze,20.031,Encore,18.472,Taunt,18.314,Spikes,17.864,Play Rough,12.318,Knock Off,9.797,Other,19.429,,,,,,,,,,
Quagsire,2023-11,Recover,99.625,Toxic,92.464,Earthquake,92.138,Spikes,53.903,Stealth Rock,27.966,Haze,7.413,Curse,5.779,Body Press,4.782,Other,15.929,,,,,,,,,,,,,,,,,,
Masquerain,2023-11,Sticky Web,100.000,Stun Spore,79.662,Whirlwind,56.454,Hurricane,39.353,Air Slash,24.975,U-turn,23.556,Bug Buzz,18.015,Quiver Dance,16.166,Icy Wind,9.380,Hydro Pump,8.228,Ice Beam,7.827,Other,16.384,,,,,,,,,,,,
Arceus-Fighting,2023-11,Recover,78.473,Body Press,59.212,Cosmic Power,53.320,Stored Power,48.323,Judgment,23.739,Extreme Speed,18.281,Swords Dance,16.692,Brick Break,15.655,Calm Mind,13.741,Earthquake,11.016,Iron Defense,8.975,Shadow Ball,6.247,Stealth Rock,4.166,Taunt,4.053,Earth Power,3.396,Foul Play,3.340,Sludge Bomb,2.908,Roar,2.844
Arceus-Psychic,2023-11,Stored Power,91.294,Recover,90.881,Cosmic Power,67.550,Body Press,60.511,Calm Mind,26.134,Dazzling Gleam,10.919,Iron Defense,8.301,Extreme Speed,5.032,Earthquake,4.813,Aura Sphere,4.775,Taunt,4.750,Earth Power,4.326,Swords Dance,3.271,Other,17.444,,,,,,,,
Ceruledge,2023-11,Bitter Blade,100.000,Poltergeist,94.083,Shadow Sneak,85.512,Bulk Up,52.493,Swords Dance,46.744,Destiny Bond,6.768,Other,14.401,,,,,,,,,,,,,,,,,,,,,,
Iron Valiant,2023-11,Close Combat,76.700,Knock Off,57.062,Moonblast,53.236,Encore,52.165,Swords Dance,40.052,Spirit Break,19.524,Thunderbolt,18.830,Destiny Bond,16.894,Shadow Ball,13.220,Aura Sphere,11.037,Calm Mind,9.389,Trick,4.732,Poison Jab,4.388,Psyshock,3.592,Other,19.180,,,,,,
Darkrai,2023-11,Dark Pulse,91.215,Nasty Plot,56.527,Sludge Bomb,50.620,Focus Blast,31.520,Ice Beam,30.340,Tera Blast,28.054,Hypnosis,27.459,Substitute,13.985,Sucker Punch,11.027,Trick,9.945,Knock Off,8.699,Swords Dance,7.551,Psychic,5.034,Thunder,4.582,Taunt,4.537,Other,18.905,,,,
Alomomola,2023-11,Flip Turn,98.285,Scald,91.813,Wish,86.409,Protect,73.860,Whirlpool,11.405,Aqua Jet,9.916,Play Rough,9.619,Other,18.693,,,,,,,,,,,,,,,,,,,,
Donphan,2023-11,Rapid Spin,97.766,Earthquake,87.610,Stealth Rock,81.164,Knock Off,76.116,Ice Shard,24.673,Endeavor,15.302,Other,17.368,,,,,,,,,,,,,,,,,,,,,,
Hippowdon,2023-11,Slack Off,98.864,Earthquake,97.145,Stealth Rock,96.309,Whirlwind,85.624,Yawn,9.766,Other,12.291,,,,,,,,,,,,,,,,,,,,,,,,
Samurott-Hisui,2023-11,Ceaseless Edge,99.992,Aqua Jet,48.797,Sacred Sword,47.281,Razor Shell,38.959,Aqua Cutter,37.191,Sucker Punch,35.432,Knock Off,29.112,Taunt,23.864,Flip Turn,23.198,Other,16.174,,,,,,,,,,,,,,,,
Tyranitar,2023-11,Knock Off,86.080,Stealth Rock,66.164,Thunder Wave,65.303,Stone Edge,50.501,Earthquake,41.354,Dragon Tail,29.814,Rock Blast,19.112,Roar,18.162,Crunch,4.431,Other,19.079,,,,,,,,,,,,,,,,
Scizor,2023-11,Bullet Punch,99.978,U-turn,92.035,Defog,79.758,Close Combat,39.054,Tailwind,24.692,Swords Dance,22.420,Light Screen,12.520,Knock Off,10.523,Other,19.020,,,,,,,,,,,,,,,,,,
Cresselia,2023-11,Moonblast,92.208,Moonlight,85.013,Calm Mind,81.028,Trick Room,63.241,Stored Power,35.781,Lunar Dance,23.399,Other,19.330,,,,,,,,,,,,,,,,,,,,,,
Zamazenta,2023-11,Body Press,91.317,Iron Defense,89.300,Crunch,86.993,Heavy Slam,76.486,Iron Head,13.327,Rest,8.757,Close Combat,8.462,Psychic Fangs,8.000,Other,17.358,,,,,,,,,,,,,,,,,,
Moltres,2023-11,Roost,99.997,Flamethrower,90.981,Will-O-Wisp,70.248,U-turn,60.367,Roar,55.974,Hurricane,9.832,Other,12.601,,,,,,,,,,,,,,,,,,,,,,
Crocalor,2023-11,Slack Off,98.893,Will-O-Wisp,95.872,Flamethrower,93.428,Roar,92.908,Other,18.899,,,,,,,,,,,,,,,,,,,,,,,,,,
Iron Moth,2023-11,Fiery Dance,98.143,Sludge Wave,90.700,Energy Ball,68.199,Dazzling Gleam,43.351,Substitute,43.094,Psychic,22.835,Toxic Spikes,10.999,U-turn,6.398,Other,16.281,,,,,,,,,,,,,,,,,,
Orthworm,2023-11,Body Press,89.963,Shed Tail,70.862,Stealth Rock,50.369,Iron Head,48.122,Spikes,41.939,Iron Defense,39.667,Rest,37.754,Heavy Slam,9.465,Other,11.859,,,,,,,,,,,,,,,,,,
Hoopa-Unbound,2023-11,Hyperspace Fury,87.057,Drain Punch,86.551,Gunk Shot,75.918,Fire Punch,71.366,Psychic,21.229,Trick Room,11.708,Knock Off,11.278,Zen Headbutt,10.497,Trick,5.325,Other,19.069,,,,,,,,,,,,,,,,
Heatran,2023-11,Magma Storm,83.514,Earth Power,75.863,Stealth Rock,70.914,Taunt,49.444,Flash Cannon,32.894,Will-O-Wisp,27.751,Protect,23.049,Lava Plume,14.103,Dragon Pulse,4.480,Other,17.988,,,,,,,,,,,,,,,,
Arceus-Ice,2023-11,Judgment,89.054,Calm Mind,85.811,Recover,78.115,Thunderbolt,70.383,Earth Power,19.936,Extreme Speed,6.663,Ice Beam,4.423,Flamethrower,3.727,Earthquake,3.708,Thunder,3.702,Swords Dance,3.636,Blizzard,3.120,Cosmic Power,3.038,Stealth Rock,2.953,Fire Blast,2.831,Other,18.900,,,,
Weezing-Galar,2023-11,Defog,85.898,Strange Steam,67.315,Will-O-Wisp,64.499,Pain Split,63.457,Clear Smog,32.462,Toxic Spikes,15.806,Sludge Bomb,14.825,Haze,11.374,Toxic,10.752,Flamethrower,7.221,Destiny Bond,5.204,Memento,4.856,Other,16.332,,,,,,,,,,
Leavanny,2023-11,Sticky Web,100.000,Knock Off,87.854,Pounce,57.564,Worry Seed,44.354,Leaf Blade,31.964,Lunge,20.821,Low Kick,15.161,Poison Jab,12.086,Protect,5.099,Light Screen,4.848,X-Scissor,3.639,Other,16.610,,,,,,,,,,,,
Milotic,2023-11,Recover,99.203,Scald,98.741,Haze,91.638,Dragon Pulse,55.191,Flip Turn,30.742,Mirror Coat,11.696,Other,12.789,,,,,,,,,,,,,,,,,,,,,,
Arceus-Rock,2023-11,Judgment,72.748,Recover,54.345,Calm Mind,54.342,Earth Power,39.993,Earthquake,25.501,Stone Edge,25.047,Extreme Speed,20.755,Swords Dance,15.943,Giga Drain,13.443,Flamethrower,12.256,Dragon Dance,12.203,Cosmic Power,9.238,Body Press,9.233,Ice Beam,4.195,Grass Knot,4.126,Taunt,3.980,Will-O-Wisp,3.542,Other,19.109
Tornadus-Therian,2023-11,U-turn,97.546,Knock Off,84.335,Bleakwind Storm,75.256,Icy Wind,68.686,Hurricane,24.658,Focus Blast,20.030,Heat Wave,9.221,Weather Ball,8.471,Other,11.796,,,,,,,,,,,,,,,,,,
Cutiefly,2023-11,Sticky Web,100.000,Stun Spore,93.747,Moonblast,77.688,U-turn,36.293,Imprison,24.897,Skill Swap,17.396,Tailwind,13.426,Psychic,5.248,Struggle Bug,4.718,Bug Buzz,4.515,Light Screen,4.289,Other,17.782,,,,,,,,,,,,
Sandy Shocks,2023-11,Earth Power,95.753,Spikes,76.289,Thunderbolt,68.218,Volt Switch,41.912,Stealth Rock,39.495,Tera Blast,31.075,Flash Cannon,22.660,Discharge,14.216,Other,10.384,,,,,,,,,,,,,,,,,,
Zapdos,2023-11,Hurricane,88.343,Roost,77.555,Volt Switch,71.993,Heat Wave,33.715,Thunder,26.651,U-turn,22.881,Discharge,22.237,Weather Ball,17.170,Thunder Wave,16.360,Thunderbolt,13.762,Other,9.333,,,,,,,,,,,,,,
Quaquaval,2023-11,Rapid Spin,97.707,Aqua Step,89.655,Close Combat,85.743,Swords Dance,52.648,Roost,16.100,Knock Off,13.189,Flip Turn,10.456,Low Kick,9.486,Wave Crash,6.090,Other,18.926,,,,,,,,,,,,,,,,
Maushold,2023-11,Tidy Up,99.982,Population Bomb,99.723,Bite,93.119,Encore,76.125,Tera Blast,16.077,Other,14.974,,,,,,,,,,,,,,,,,,,,,,,,
Ogerpon-Cornerstone,2023-11,Ivy Cudgel,99.968,Knock Off,46.817,Spikes,45.659,Swords Dance,40.589,Trailblaze,34.661,Stomping Tantrum,26.178,Taunt,23.279,Horn Leech,20.156,Encore,14.529,Spiky Shield,7.464,U-turn,7.338,Counter,6.432,Leech Seed,6.382,Play Rough,5.759,Other,14.787,,,,,,
Overqwil,2023-11,Gunk Shot,87.498,Crunch,84.979,Liquidation,58.542,Swords Dance,55.689,Self-Destruct,47.374,Toxic Spikes,22.265,Waterfall,10.938,Spikes,9.419,Taunt,8.794,Other,14.502,,,,,,,,,,,,,,,,
Mew,2023-11,Stealth Rock,94.559,Spikes,93.043,Taunt,80.511,Thunder Wave,50.374,Dazzling Gleam,19.402,Rock Tomb,10.220,Misty Explosion,9.980,Ice Beam,6.300,Knock Off,4.984,Roar,4.341,Steel Beam,4.200,Toxic Spikes,3.081,Other,19.007,,,,,,,,,,
Toedscruel,2023-11,Rapid Spin,99.616,Earth Power,80.912,Spore,79.465,Spikes,32.983,Giga Drain,25.891,Knock Off,23.221,Toxic Spikes,16.551,Leech Seed,11.266,Leaf Storm,9.194,Sludge Bomb,5.899,Other,15.003,,,,,,,,,,,,,,
Vikavolt,2023-11,Sticky Web,99.959,Bug Buzz,85.594,Volt Switch,64.085,Thunder Wave,51.503,Thunderbolt,44.234,Energy Ball,26.552,Thunder,7.682,Discharge,6.813,Other,13.579,,,,,,,,,,,,,,,,,,
Dugtrio,2023-11,Earthquake,99.809,Stone Edge,63.673,Memento,58.277,Sucker Punch,34.737,Stealth Rock,34.579,Hone Claws,16.585,Agility,16.585,Tera Blast,15.079,Mud-Slap,12.827,Rock Blast,9.889,Swords Dance,8.680,Reversal,7.447,Rock Slide,5.361,Other,16.473,,,,,,,,
Klefki,2023-11,Thunder Wave,85.486,Light Screen,76.259,Reflect,76.249,Spikes,66.004,Foul Play,31.997,Steel Beam,17.627,Sandstorm,14.154,Dazzling Gleam,9.909,Flash Cannon,5.711,Other,16.603,,,,,,,,,,,,,,,,
Forretress,2023-11,Rapid Spin,96.224,Volt Switch,63.552,Stealth Rock,63.320,Body Press,44.767,Spikes,38.984,Gyro Ball,37.633,Toxic Spikes,20.747,Thunder Wave,17.816,Other,16.957,,,,,,,,,,,,,,,,,,
Enamorus,2023-11,Moonblast,97.356,Earth Power,95.494,Mystical Fire,70.173,Healing Wish,57.922,Grass Knot,20.563,Psychic,20.054,Sludge Bomb,16.324,Superpower,5.339,Other,16.775,,,,,,,,,,,,,,,,,,
Espeon,2023-11,Dazzling Gleam,49.826,Thunder Wave,47.622,Shadow Ball,35.238,Psyshock,31.999,Psychic,31.938,Roar,29.828,Morning Sun,29.024,Yawn,26.338,Trick,21.866,Calm Mind,19.988,Reflect,19.134,Light Screen,19.134,Future Sight,12.383,Protect,8.392,Other,17.290,,,,,,
Iron Thorns,2023-11,Taunt,99.644,Spikes,99.644,Stealth Rock,99.644,Thunder Wave,72.968,Rock Blast,15.892,Other,12.208,,,,,,,,,,,,,,,,,,,,,,,,
Greninja,2023-11,Spikes,51.132,Ice Beam,40.777,Taunt,37.588,Surf,29.256,Hydro Pump,29.128,Low Kick,27.170,Dark Pulse,25.038,Counter,24.490,Toxic Spikes,23.875,Shadow Sneak,22.514,Swords Dance,19.746,Liquidation,19.742,U-turn,15.316,Water Shuriken,13.947,Extrasensory,7.130,Other,13.147,,,,
Kleavor,2023-11,Stone Axe,100.000,U-turn,89.693,Close Combat,83.799,Night Slash,50.222,Defog,24.383,X-Scissor,20.106,Counter,14.572,Other,17.225,,,,,,,,,,,,,,,,,,,,
Arceus-Bug,2023-11,Earthquake,51.295,X-Scissor,50.721,Swords Dance,48.142,Extreme Speed,47.786,Judgment,43.634,Recover,36.659,Calm Mind,25.188,Roar,11.178,Surf,8.183,Agility,7.946,Stored Power,7.759,Taunt,7.111,Cosmic Power,6.622,Dragon Dance,5.118,Hydro Pump,4.777,Earth Power,4.115,Stealth Rock,3.926,Flamethrower,3.589
Gastrodon,2023-11,Recover,95.444,Earth Power,72.017,Spikes,53.999,Surf,41.754,Yawn,41.474,Ice Beam,25.202,Stealth Rock,17.257,Clear Smog,14.178,Earthquake,13.948,Sludge Bomb,6.629,Other,18.098,,,,,,,,,,,,,,
Iron Hands,2023-11,Drain Punch,92.588,Thunder Punch,65.919,Swords Dance,58.631,Ice Punch,48.606,Earthquake,35.882,Wild Charge,30.372,Fake Out,29.917,Tera Blast,7.650,Close Combat,7.319,Heavy Slam,5.264,Other,17.853,,,,,,,,,,,,,,
Mimikyu,2023-11,Play Rough,84.346,Trick Room,78.037,Curse,77.302,Protect,75.081,Shadow Sneak,22.882,Destiny Bond,14.770,Shadow Claw,14.073,Swords Dance,13.705,Other,19.804,,,,,,,,,,,,,,,,,,
Sableye,2023-11,Encore,81.657,Recover,79.008,Will-O-Wisp,78.763,Foul Play,32.985,Thunder Wave,29.219,Knock Off,27.176,Taunt,23.297,Night Shade,13.763,Reflect,12.371,Light Screen,12.325,Other,9.436,,,,,,,,,,,,,,
Gothitelle,2023-11,Trick,74.579,Rest,60.392,Calm Mind,59.550,Stored Power,47.500,Psychic,36.696,Taunt,28.692,Grass Knot,24.948,Tera Blast,21.252,Future Sight,13.000,Shadow Ball,12.502,Psyshock,10.603,Other,10.286,,,,,,,,,,,,
Chansey,2023-11,Soft-Boiled,100.000,Seismic Toss,100.000,Thunder Wave,96.861,Heal Bell,92.853,Other,10.287,,,,,,,,,,,,,,,,,,,,,,,,,,
Glimmet,2023-11,Stealth Rock,99.801,Power Gem,74.148,Mud Shot,70.769,Endure,55.345,Spikes,28.949,Memento,25.852,Sludge Bomb,23.073,Rock Tomb,12.757,Other,9.307,,,,,,,,,,,,,,,,,,
Thundurus-Therian,2023-11,Volt Switch,86.293,Tera Blast,78.488,Grass Knot,65.125,Sludge Bomb,45.498,Thunder,29.061,Focus Blast,23.402,Thunderbolt,16.589,Knock Off,16.327,Weather Ball,10.709,U-turn,8.772,Other,19.735,,,,,,,,,,,,,,
Manaphy,2023-11,Scald,70.381,Tail Glow,62.029,Ice Beam,46.551,Energy Ball,37.452,Rest,35.149,Stored Power,33.170,Heart Swap,27.921,Surf,26.349,Take Heart,25.219,Sleep Talk,10.591,Acid Armor,8.349,Other,16.839,,,,,,,,,,,,
Azelf,2023-11,Explosion,96.801,Stealth Rock,93.671,Taunt,91.247,Psychic,43.949,Knock Off,26.990,Light Screen,12.881,Flamethrower,9.516,Thunder Wave,8.178,Other,16.765,,,,,,,,,,,,,,,,,,
Spidops,2023-11,Sticky Web,99.879,Circle Throw,71.944,U-turn,53.839,Spikes,52.806,First Impression,46.709,Taunt,29.962,Silk Trap,11.426,Knock Off,8.919,Memento,7.932,Other,16.585,,,,,,,,,,,,,,,,
Goodra-Hisui,2023-11,Knock Off,77.378,Draco Meteor,62.802,Flash Cannon,55.087,Earthquake,35.223,Body Slam,29.410,Dragon Tail,26.413,Heavy Slam,24.922,Fire Blast,14.774,Gyro Ball,13.408,Dragon Claw,11.434,Sludge Bomb,9.365,Ice Beam,8.506,Dragon Pulse,6.717,Ice Spinner,6.523,Other,18.037,,,,,,
Jirachi,2023-11,Iron Head,90.194,Body Slam,78.366,U-turn,65.713,Healing Wish,35.361,Zen Headbutt,32.513,Wish,29.429,Trick,17.947,Thunder Wave,12.290,Ice Punch,11.863,Doom Desire,8.077,Other,18.247,,,,,,,,,,,,,,
Lilligant-Hisui,2023-11,Close Combat,91.813,Solar Blade,78.097,Tera Blast,63.145,Swords Dance,57.730,Ice Spinner,37.497,Victory Dance,20.002,Leaf Blade,12.791,Sleep Powder,10.023,Defog,8.308,Healing Wish,5.963,Other,14.631,,,,,,,,,,,,,,
Basculin,2023-11,Last Respects,99.590,Wave Crash,97.445,Aqua Jet,91.968,Flip Turn,83.163,Psychic Fangs,11.568,Other,16.266,,,,,,,,,,,,,,,,,,,,,,,,
Barraskewda,2023-11,Liquidation,98.678,Close Combat,96.971,Flip Turn,94.440,Aqua Jet,70.918,Psychic Fangs,27.295,Other,11.699,,,,,,,,,,,,,,,,,,,,,,,,
Sinistcha,2023-11,Matcha Gotcha,99.689,Strength Sap,97.485,Hex,76.461,Stun Spore,75.798,Shadow Ball,20.928,Calm Mind,20.333,Other,9.307,,,,,,,,,,,,,,,,,,,,,,
Volcanion,2023-11,Steam Eruption,85.986,Flamethrower,77.199,Earth Power,76.163,Haze,51.049,Tera Blast,31.943,Will-O-Wisp,20.007,Roar,14.996,Fire Blast,11.265,Heat Wave,9.266,Sludge Bomb,6.788,Other,15.337,,,,,,,,,,,,,,
Indeedee,2023-11,Healing Wish,95.754,Encore,86.279,Dazzling Gleam,65.624,Psychic,61.200,Psyshock,39.345,Hyper Voice,22.235,Trick Room,11.386,Other,18.177,,,,,,,,,,,,,,,,,,,,
Drifblim,2023-11,Strength Sap,100.000,Tera Blast,83.855,Calm Mind,83.855,Shadow Ball,83.855,Defog,10.773,Trick Room,10.769,Explosion,10.769,Other,16.125,,,,,,,,,,,,,,,,,,,,
Talonflame,2023-11,Defog,99.846,Will-O-Wisp,81.669,Roost,62.902,U-turn,51.433,Brave Bird,28.427,Flare Blitz,22.169,Overheat,13.811,Hurricane,10.182,Taunt,10.022,Other,19.539,,,,,,,,,,,,,,,,
Revavroom,2023-11,High Horsepower,98.659,Gunk Shot,98.255,Shift Gear,98.255,Tera Blast,97.103,Other,7.730,,,,,,,,,,,,,,,,,,,,,,,,,,
Kommo-o,2023-11,Drain Punch,74.889,Clangorous Soul,61.136,Clanging Scales,46.356,Boomburst,45.178,Earthquake,36.659,Dragon Dance,29.241,Poison Jab,29.230,Substitute,10.092,Shadow Claw,10.063,Taunt,7.763,Aura Sphere,7.661,Flamethrower,6.642,Flash Cannon,5.796,Scale Shot,4.978,Rest,3.899,Belly Drum,3.790,Other,16.626,,
Brambleghast,2023-11,Rapid Spin,100.000,Poltergeist,75.331,Power Whip,47.676,Leech Seed,39.386,Strength Sap,36.883,Curse,25.492,Substitute,20.859,Spikes,19.680,Block,11.643,Shadow Sneak,11.149,Other,11.903,,,,,,,,,,,,,,
Conkeldurr,2023-11,Mach Punch,93.471,Knock Off,84.236,Drain Punch,76.886,Facade,58.888,Defog,13.754,Close Combat,13.483,Poison Jab,13.133,Earthquake,12.425,Ice Punch,10.328,Fling,5.825,Other,17.569,,,,,,,,,,,,,,
Grafaiai,2023-11,Encore,98.616,Parting Shot,86.643,Knock Off,51.559,Gunk Shot,51.524,Super Fang,46.951,Toxic,41.195,U-turn,13.060,Other,10.453,,,,,,,,,,,,,,,,,,,,
Riolu,2023-11,Swords Dance,100.000,Copycat,100.000,Earthquake,100.000,Reversal,100.000,,,,,,,,,,,,,,,,,,,,,,,,,,,,
Azumarill,2023-11,Play Rough,100.000,Aqua Jet,99.731,Liquidation,86.513,Knock Off,47.884,Belly Drum,36.405,Superpower,12.452,Other,17.015,,,,,,,,,,,,,,,,,,,,,,
Crawdaunt,2023-11,Crabhammer,99.137,Aqua Jet,99.061,Knock Off,96.449,Switcheroo,60.696,Crunch,28.712,Other,15.945,,,,,,,,,,,,,,,,,,,,,,,,
Floatzel,2023-11,Wave Crash,100.000,Flip Turn,87.059,Aqua Jet,79.381,Liquidation,67.003,Low Kick,43.659,Ice Spinner,22.232,Other,0.666,,,,,,,,,,,,,,,,,,,,,,
Coalossal,2023-11,Rapid Spin,100.000,Stealth Rock,88.357,Spikes,77.998,Will-O-Wisp,49.973,Body Press,36.487,Explosion,20.604,Power Gem,11.342,Other,15.239,,,,,,,,,,,,,,,,,,,,
Empoleon,2023-11,Roost,85.061,Flip Turn,81.235,Stealth Rock,61.400,Haze,36.930,Flash Cannon,27.953,Roar,26.439,Surf,25.222,Knock Off,19.832,Ice Beam,7.250,Grass Knot,6.754,Hydro Pump,6.272,Other,15.652,,,,,,,,,,,,
Enamorus-Therian,2023-11,Earth Power,92.270,Draining Kiss,63.793,Calm Mind,62.593,Iron Defense,61.731,Moonblast,37.898,Mystical Fire,36.629,Focus Blast,18.122,Healing Wish,10.760,Other,16.203,,,,,,,,,,,,,,,,,,
Gligar,2023-11,Earthquake,96.697,Toxic,96.381,U-turn,93.101,Toxic Spikes,82.810,Stealth Rock,10.575,Spikes,10.236,Other,10.198,,,,,,,,,,,,,,,,,,,,,,
Muk-Alola,2023-11,Knock Off,99.270,Drain Punch,94.866,Gunk Shot,84.608,Clear Smog,67.380,Haze,30.722,Shadow Sneak,11.763,Other,11.391,,,,,,,,,,,,,,,,,,,,,,
Glastrier,2023-11,Icicle Crash,100.000,High Horsepower,97.604,Swords Dance,79.680,Close Combat,78.531,Substitute,18.258,Crunch,14.502,Other,11.425,,,,,,,,,,,,,,,,,,,,,,
Magnezone,2023-11,Volt Switch,82.711,Thunderbolt,80.183,Flash Cannon,75.797,Tera Blast,72.461,Protect,19.599,Body Press,18.317,Iron Defense,17.522,Discharge,17.427,Other,15.982,,,,,,,,,,,,,,,,,,
Tornadus,2023-11,Taunt,99.770,Tailwind,99.543,U-turn,98.233,Scary Face,79.214,Knock Off,18.003,Other,5.237,,,,,,,,,,,,,,,,,,,,,,,,
Thundurus,2023-11,Thunder Wave,92.582,Grass Knot,68.610,Taunt,63.876,Thunderbolt,36.801,Thunder,28.256,Substitute,28.126,Volt Switch,23.194,Knock Off,12.715,U-turn,11.450,Sunny Day,9.923,Wildbolt Storm,9.694,Other,14.773,,,,,,,,,,,,
Ogerpon,2023-11,Ivy Cudgel,89.015,Play Rough,62.289,Low Kick,60.844,Knock Off,47.253,Encore,43.272,Swords Dance,25.124,U-turn,23.886,Spikes,8.487,Stomping Tantrum,8.044,Taunt,7.701,Horn Leech,6.630,Other,17.456,,,,,,,,,,,,
Scream Tail,2023-11,Encore,76.379,Wish,72.470,Protect,62.050,Dazzling Gleam,43.585,Stealth Rock,36.023,Reflect,23.992,Light Screen,23.992,Perish Song,21.768,Play Rough,11.222,Thunder Wave,9.866,Other,18.654,,,,,,,,,,,,,,
Wo-Chien,2023-11,Knock Off,98.954,Protect,87.660,Giga Drain,83.646,Leech Seed,53.743,Power Whip,46.366,Ruination,14.155,Other,15.475,,,,,,,,,,,,,,,,,,,,,,
Charjabug,2023-11,Sticky Web,100.000,Thunder Wave,61.122,Struggle Bug,51.650,Mud-Slap,51.018,Lunge,35.413,Eerie Impulse,35.405,Wild Charge,31.288,Volt Switch,17.686,Other,16.418,,,,,,,,,,,,,,,,,,
Tinkaton,2023-11,Encore,98.481,Stealth Rock,62.713,Thunder Wave,52.652,Play Rough,51.618,Knock Off,47.605,Gigaton Hammer,47.120,Endure,36.025,Other,3.785,,,,,,,,,,,,,,,,,,,,
Slowking,2023-11,Chilly Reception,98.008,Future Sight,92.108,Scald,72.453,Slack Off,66.474,Trick Room,25.032,Flamethrower,24.185,Thunder Wave,8.191,Other,13.550,,,,,,,,,,,,,,,,,,,,
Zoroark-Hisui,2023-11,Trick,87.976,Focus Blast,84.388,Hyper Voice,61.411,Shadow Ball,54.668,Bitter Malice,44.337,Tera Blast,36.751,Nasty Plot,6.870,U-turn,6.027,Other,17.573,,,,,,,,,,,,,,,,,,
Poliwrath,2023-11,Liquidation,100.000,Close Combat,100.000,Drain Punch,100.000,Belly Drum,100.000,Other,0.000,,,,,,,,,,,,,,,,,,,,,,,,,,
Armarouge,2023-11,Armor Cannon,99.631,Expanding Force,94.763,Endure,59.113,Destiny Bond,55.760,Calm Mind,40.860,Aura Sphere,39.224,Other,10.649,,,,,,,,,,,,,,,,,,,,,,
Polteageist,2023-11,Shell Smash,100.000,Stored Power,98.805,Shadow Ball,91.926,Tera Blast,89.275,Other,19.994,,,,,,,,,,,,,,,,,,,,,,,,,,
Fezandipiti,2023-11,Roost,99.757,U-turn,99.503,Play Rough,79.024,Gunk Shot,71.079,Poison Jab,19.790,Protect,16.084,Other,14.763,,,,,,,,,,,,,,,,,,,,,,
Slowbro-Galar,2023-11,Sludge Bomb,97.257,Slack Off,76.283,Flamethrower,75.982,Toxic,75.476,Psyshock,21.130,Nasty Plot,21.019,Surf,20.116,Other,12.736,,,,,,,,,,,,,,,,,,,,
Typhlosion-Hisui,2023-11,Eruption,99.935,Shadow Ball,99.935,Fire Blast,98.567,Tera Blast,67.442,Focus Blast,32.186,Other,1.935,,,,,,,,,,,,,,,,,,,,,,,,
Goodra,2023-11,Earthquake,100.000,Draco Meteor,100.000,Sludge Bomb,99.302,Knock Off,99.302,Other,1.396,,,,,,,,,,,,,,,,,,,,,,,,,,
Mamoswine,2023-11,Earthquake,98.677,Ice Shard,91.848,Icicle Crash,91.203,Knock Off,51.197,Stealth Rock,20.523,Trailblaze,14.756,Rock Blast,8.276,Icicle Spear,8.150,Other,15.369,,,,,,,,,,,,,,,,,,
Arcanine-Hisui,2023-11,Head Smash,97.953,Extreme Speed,96.219,Flare Blitz,93.413,Close Combat,43.732,Stealth Rock,25.882,Morning Sun,14.305,Wild Charge,7.599,Agility,5.225,Other,15.672,,,,,,,,,,,,,,,,,,
Torterra,2023-11,Shell Smash,98.973,Bullet Seed,63.600,Rock Blast,62.948,Earthquake,54.746,Wood Hammer,36.384,Headlong Rush,35.035,Stone Edge,18.700,Iron Head,9.514,High Horsepower,8.152,Other,11.947,,,,,,,,,,,,,,,,
Diancie,2023-11,Stealth Rock,85.074,Spikes,81.091,Trick Room,62.425,Diamond Storm,51.698,Misty Explosion,36.071,Body Press,30.254,Moonblast,23.968,Encore,15.404,Other,14.016,,,,,,,,,,,,,,,,,,
Breloom,2023-11,Spore,97.075,Focus Punch,65.055,Leech Seed,64.685,Substitute,64.403,Bullet Seed,34.357,Mach Punch,33.276,Force Palm,13.612,Rock Tomb,12.949,Other,14.588,,,,,,,,,,,,,,,,,,
Umbreon,2023-11,Protect,99.989,Foul Play,99.989,Wish,99.989,Toxic,64.556,Yawn,33.233,Other,2.244,,,,,,,,,,,,,,,,,,,,,,,,
Lycanroc-Dusk,2023-11,Taunt,77.318,Endeavor,77.318,Stealth Rock,72.670,Rock Blast,57.685,Accelerock,42.315,Close Combat,27.330,Stone Edge,22.682,Psychic Fangs,17.381,Other,5.301,,,,,,,,,,,,,,,,,,
Zapdos-Galar,2023-11,Close Combat,73.720,Brave Bird,73.554,U-turn,72.304,Knock Off,52.141,Thunderous Kick,27.070,Substitute,24.588,Low Kick,22.214,Dual Wingbeat,21.986,Trailblaze,13.451,Other,18.971,,,,,,,,,,,,,,,,
Rotom-Wash,2023-11,Hydro Pump,99.767,Volt Switch,95.105,Will-O-Wisp,87.030,Thunder Wave,39.364,Protect,18.630,Nasty Plot,18.282,Discharge,12.335,Trick,9.572,Other,19.914,,,,,,,,,,,,,,,,,,
Golem-Alola,2023-11,Explosion,100.000,Stealth Rock,97.307,Earthquake,65.734,Endure,58.598,Counter,32.027,Focus Punch,31.947,Other,14.387,,,,,,,,,,,,,,,,,,,,,,
Shiftry,2023-11,Knock Off,92.948,Toxic Spikes,61.644,Defog,49.124,Synthesis,48.992,Sucker Punch,27.495,Swords Dance,27.495,Solar Blade,27.495,Tailwind,16.485,Taunt,13.570,Dark Pulse,7.028,Solar Beam,7.028,Growth,7.028,Other,13.667,,,,,,,,,,
Altaria,2023-11,Roost,98.103,Haze,83.573,Defog,74.894,Ice Beam,52.231,Brave Bird,20.296,Dragon Breath,17.946,Cotton Guard,17.946,Will-O-Wisp,13.728,Fire Spin,6.829,Other,14.454,,,,,,,,,,,,,,,,
Murkrow,2023-11,Haze,99.415,Thunder Wave,94.727,U-turn,84.489,Taunt,61.188,Perish Song,32.585,Foul Play,9.364,Other,18.232,,,,,,,,,,,,,,,,,,,,,,
Ninetales,2023-11,Encore,66.461,Will-O-Wisp,56.282,Solar Beam,54.370,Weather Ball,45.908,Shadow Ball,31.697,Flamethrower,23.008,Hypnosis,22.904,Memento,17.847,Healing Wish,17.843,Overheat,17.602,Fire Blast,13.717,Dark Pulse,9.887,Rest,5.789,Other,16.684,,,,,,,,
Avalugg,2023-11,Rapid Spin,88.356,Recover,79.615,Body Press,78.175,Iron Defense,52.475,Avalanche,39.773,Earthquake,19.485,Curse,13.547,Substitute,6.581,Heavy Slam,6.581,Other,15.412,,,,,,,,,,,,,,,,
Weavile,2023-11,Knock Off,100.000,Ice Shard,87.885,Icicle Crash,47.969,Low Kick,47.499,Ice Spinner,41.903,Swords Dance,36.468,Beat Up,11.102,Fake Out,9.237,Other,17.937,,,,,,,,,,,,,,,,,,
Pawmot,2023-11,Revival Blessing,100.000,Close Combat,90.984,Encore,69.219,Nuzzle,54.731,Double Shock,41.118,Fake Out,9.259,Mach Punch,7.936,Protect,7.891,Other,18.863,,,,,,,,,,,,,,,,,,
Bisharp,2023-11,Sucker Punch,99.999,Stealth Rock,70.171,Swords Dance,57.945,Iron Head,57.540,Low Kick,43.567,Thunder Wave,28.656,Lash Out,13.804,Night Slash,12.712,Other,15.607,,,,,,,,,,,,,,,,,,
Ariados,2023-11,Sticky Web,100.000,Toxic Spikes,88.479,Megahorn,55.863,Shadow Sneak,44.342,Sucker Punch,42.267,Toxic,42.267,Toxic Thread,12.588,Other,14.193,,,,,,,,,,,,,,,,,,,,
Noivern,2023-11,Defog,80.043,Boomburst,78.302,Hurricane,76.939,U-turn,70.673,Draco Meteor,31.238,Flamethrower,21.248,Taunt,12.830,Super Fang,12.271,Other,16.456,,,,,,,,,,,,,,,,,,
Articuno,2023-11,Roost,100.000,Freeze-Dry,99.684,Haze,90.552,U-turn,90.185,Other,19.580,,,,,,,,,,,,,,,,,,,,,,,,,,
Lokix,2023-11,First Impression,99.997,U-turn,71.276,Knock Off,64.186,Leech Life,47.276,Sucker Punch,30.535,Low Kick,23.154,Swords Dance,22.576,Axe Kick,20.747,Throat Chop,20.204,Other,0.049,,,,,,,,,,,,,,,,
Slowbro,2023-11,Scald,93.616,Slack Off,87.232,Future Sight,81.501,Thunder Wave,71.354,Fire Blast,21.668,Ice Beam,15.428,Psyshock,9.697,Other,19.505,,,,,,,,,,,,,,,,,,,,
Lycanroc,2023-11,Accelerock,99.044,Stealth Rock,64.468,Endeavor,64.468,Taunt,63.670,Close Combat,36.330,Stone Edge,34.579,Drill Run,31.729,Other,5.711,,,,,,,,,,,,,,,,,,,,
Cloyster,2023-11,Shell Smash,100.000,Icicle Spear,100.000,Spikes,65.381,Toxic Spikes,65.381,Waterfall,31.066,Tera Blast,26.427,Other,11.745,,,,,,,,,,,,,,,,,,,,,,
Indeedee-F,2023-11,Healing Wish,99.943,Hyper Voice,84.944,Psychic,59.711,Trick Room,52.572,Psyshock,40.289,Body Slam,32.351,Dazzling Gleam,14.629,Other,15.562,,,,,,,,,,,,,,,,,,,,
Haxorus,2023-11,Earthquake,100.000,Swords Dance,72.456,Scale Shot,72.456,Taunt,45.019,Dragon Dance,22.946,Dragon Claw,18.861,Close Combat,17.116,Poison Jab,16.161,Substitute,15.264,Other,19.721,,,,,,,,,,,,,,,,
Tatsugiri,2023-11,Rapid Spin,100.000,Draco Meteor,92.124,Hydro Pump,84.900,Memento,78.144,Surf,20.051,Nasty Plot,8.960,Other,15.821,,,,,,,,,,,,,,,,,,,,,,
Salamence,2023-11,Roar,63.203,Fire Blast,56.557,Roost,56.215,Draco Meteor,55.999,Earthquake,43.183,Dragon Dance,38.225,Dual Wingbeat,32.339,Dragon Claw,22.812,Outrage,18.448,Other,13.021,,,,,,,,,,,,,,,,
Hawlucha,2023-11,Close Combat,86.306,Defog,67.380,Roost,65.174,U-turn,65.174,Swords Dance,32.117,Acrobatics,32.020,Fire Punch,16.876,Encore,8.516,Flying Press,8.002,Other,18.434,,,,,,,,,,,,,,,,
Staraptor,2023-11,Final Gambit,96.461,Brave Bird,83.023,Close Combat,80.735,U-turn,61.337,Double-Edge,33.356,Nothing,23.398,Dual Wingbeat,9.256,Other,12.434,,,,,,,,,,,,,,,,,,,,
Veluza,2023-11,Final Gambit,99.800,Flip Turn,97.419,Aqua Cutter,80.352,Aqua Jet,64.536,Psycho Cut,16.609,Liquidation,12.399,Crunch,11.351,Other,17.534,,,,,,,,,,,,,,,,,,,,
Politoed,2023-11,Encore,77.573,Perish Song,50.381,Haze,38.862,Hydro Pump,36.553,Ice Beam,35.225,Earth Power,34.511,Weather Ball,34.400,Icy Wind,21.329,Surf,17.987,Focus Blast,14.834,Chilling Water,11.060,Mud-Slap,11.034,Other,16.251,,,,,,,,,,
Golduck,2023-11,Nasty Plot,100.000,Ice Beam,99.140,Surf,98.624,Grass Knot,91.292,Other,10.944,,,,,,,,,,,,,,,,,,,,,,,,,,
Sylveon,2023-11,Hyper Voice,100.000,Psyshock,83.426,Tera Blast,81.900,Shadow Ball,81.899,Wish,18.101,Calm Mind,17.323,Other,17.351,,,,,,,,,,,,,,,,,,,,,,
Hattrem,2023-11,Healing Wish,95.736,Nuzzle,78.786,Mystical Fire,53.851,Psychic,46.334,Draining Kiss,41.923,Trick Room,41.717,Psyshock,11.637,Reflect,8.791,Calm Mind,6.022,Other,15.202,,,,,,,,,,,,,,,,
Cetitan,2023-11,Earthquake,92.355,Belly Drum,71.234,Ice Spinner,40.166,Heavy Slam,36.122,Liquidation,32.212,Ice Shard,28.483,Play Rough,26.627,Icicle Spear,24.368,Knock Off,23.209,Icicle Crash,16.356,Other,8.869,,,,,,,,,,,,,,
Infernape,2023-11,Stealth Rock,61.640,Flare Blitz,58.175,Taunt,55.106,U-turn,51.969,Mach Punch,39.852,Close Combat,30.927,Knock Off,19.210,Vacuum Wave,16.912,Overheat,16.715,Thunder Punch,14.092,Fire Punch,13.043,Drain Punch,9.776,Other,12.582,,,,,,,,,,
Cacturne,2023-11,Sucker Punch,100.000,Swords Dance,88.183,Seed Bomb,88.183,Block,88.183,Knock Off,11.817,Spiky Shield,11.817,Other,11.817,,,,,,,,,,,,,,,,,,,,,,
Florges,2023-11,Protect,100.000,Calm Mind,100.000,Moonblast,100.000,Wish,100.000,Other,0.000,,,,,,,,,,,,,,,,,,,,,,,,,,
Krookodile,2023-11,Earthquake,90.362,Knock Off,86.578,Stealth Rock,81.688,Gunk Shot,70.936,Close Combat,30.324,Taunt,12.091,Power Trip,9.638,Other,18.384,,,,,,,,,,,,,,,,,,,,
Snorlax,2023-11,Body Slam,100.000,Earthquake,100.000,Heat Crash,85.693,Heavy Slam,85.426,Curse,11.487,Other,17.394,,,,,,,,,,,,,,,,,,,,,,,,
Gyarados,2023-11,Dragon Dance,99.780,Waterfall,98.492,Tera Blast,84.435,Taunt,84.435,Earthquake,14.693,Other,18.166,,,,,,,,,,,,,,,,,,,,,,,,
Abomasnow,2023-11,Blizzard,99.836,Earth Power,98.135,Aurora Veil,98.135,Giga Drain,97.984,Other,5.911,,,,,,,,,,,,,,,,,,,,,,,,,,
Gurdurr,2023-11,Knock Off,100.000,Drain Punch,100.000,Mach Punch,100.000,Poison Jab,97.070,Other,2.930,,,,,,,,,,,,,,,,,,,,,,,,,,
Vaporeon,2023-11,Wish,97.370,Flip Turn,88.582,Protect,85.963,Scald,45.019,Yawn,28.220,Haze,21.169,Roar,20.190,Other,13.486,,,,,,,,,,,,,,,,,,,,
Kilowattrel,2023-11,Weather Ball,88.493,Thunder Wave,62.387,Air Slash,60.523,Thunderbolt,59.960,Hurricane,36.557,Volt Switch,34.878,Thunder,33.070,Tailwind,6.378,Other,17.754,,,,,,,,,,,,,,,,,,
Mudsdale,2023-11,Body Press,100.000,Earthquake,100.000,Stealth Rock,99.664,Roar,83.523,Other,16.813,,,,,,,,,,,,,,,,,,,,,,,,,,
Hydreigon,2023-11,Dark Pulse,100.000,Draco Meteor,57.056,Dragon Pulse,42.944,Earth Power,42.892,Stealth Rock,42.892,Focus Energy,40.577,Tailwind,36.991,Fire Blast,16.479,U-turn,11.372,Other,8.796,,,,,,,,,,,,,,,,
Victreebel,2023-11,Sludge Bomb,63.293,Weather Ball,63.293,Growth,63.293,Giga Drain,63.263,Knock Off,36.707,Leaf Blade,36.707,Swords Dance,36.707,Sleep Powder,36.707,Other,0.030,,,,,,,,,,,,,,,,,,
Scovillain,2023-11,Overheat,100.000,Giga Drain,100.000,Flamethrower,100.000,Growth,98.433,Other,1.567,,,,,,,,,,,,,,,,,,,,,,,,,,
Okidogi,2023-11,Drain Punch,100.000,Knock Off,96.956,Bulk Up,56.356,Poison Jab,54.314,High Horsepower,39.786,Snarl,28.089,Roar,12.997,Other,11.501,,,,,,,,,,,,,,,,,,,,
Oricorio-Sensu,2023-11,Roost,100.000,Revelation Dance,100.000,Quiver Dance,100.000,Defog,98.478,Other,1.522,,,,,,,,,,,,,,,,,,,,,,,,,,
Bronzong,2023-11,Gyro Ball,74.292,Calm Mind,57.351,Stealth Rock,39.361,Rest,36.915,Night Shade,34.666,Ice Spinner,27.119,Body Press,25.706,Trick Room,25.102,Iron Defense,24.404,Stored Power,22.684,Earthquake,13.489,Other,18.912,,,,,,,,,,,,
Pincurchin,2023-11,Spikes,100.000,Recover,93.107,Toxic Spikes,85.848,Zing Zap,68.375,Discharge,31.537,Scald,14.298,Other,6.835,,,,,,,,,,,,,,,,,,,,,,
Tsareena,2023-11,Rapid Spin,100.000,Knock Off,71.683,Power Whip,71.545,U-turn,67.430,High Jump Kick,26.630,Trop Kick,18.180,Play Rough,13.074,Synthesis,11.249,Charm,8.280,Other,11.931,,,,,,,,,,,,,,,,
Bruxish,2023-11,Psychic Fangs,100.000,Wave Crash,93.143,Flip Turn,89.194,Tera Blast,45.657,Crunch,38.373,Ice Fang,18.879,Other,14.754,,,,,,,,,,,,,,,,,,,,,,
Avalugg-Hisui,2023-11,Rapid Spin,94.554,Mirror Coat,70.142,Mountain Gale,68.301,Stealth Rock,68.301,Body Press,31.699,Gyro Ball,21.421,Avalanche,21.421,Recover,10.277,Other,13.883,,,,,,,,,,,,,,,,,,
Cryogonal,2023-11,Rapid Spin,99.817,Recover,90.797,Explosion,78.110,Aurora Veil,78.110,Freeze-Dry,21.890,Flash Cannon,11.666,Other,19.609,,,,,,,,,,,,,,,,,,,,,,
Regidrago,2023-11,Dragon Energy,59.204,Earth Power,58.814,Explosion,56.478,Scale Shot,46.551,Earthquake,40.611,Dragon Dance,40.417,Tera Blast,36.079,Dragon Pulse,22.052,Outrage,16.808,Draco Meteor,16.241,Other,6.745,,,,,,,,,,,,,,
Morgrem,2023-11,Reflect,99.917,Parting Shot,99.058,Thunder Wave,71.827,Burning Jealousy,57.626,Taunt,28.173,Light Screen,28.173,Other,15.226,,,,,,,,,,,,,,,,,,,,,,
Gengar,2023-11,Hex,90.634,Dream Eater,57.894,Hypnosis,57.894,Dark Pulse,49.348,Destiny Bond,31.291,Toxic Spikes,28.180,Taunt,27.886,Sludge Bomb,22.348,Shadow Ball,9.072,Trick,8.482,Other,16.971,,,,,,,,,,,,,,
Arcanine,2023-11,Flare Blitz,100.000,Morning Sun,100.000,Will-O-Wisp,99.837,Play Rough,88.120,Other,12.043,,,,,,,,,,,,,,,,,,,,,,,,,,
Uxie,2023-11,Memento,96.213,Reflect,91.546,Light Screen,91.546,Encore,82.857,Stealth Rock,19.314,Other,18.523,,,,,,,,,,,,,,,,,,,,,,,,
Frosmoth,2023-11,Tera Blast,86.402,Ice Beam,86.402,Quiver Dance,86.402,Giga Drain,86.383,Defog,13.598,Hurricane,13.598,Light Screen,13.598,Other,13.617,,,,,,,,,,,,,,,,,,,,
Eelektross,2023-11,Drain Punch,100.000,Coil,100.000,Thunder Punch,100.000,Dragon Tail,97.267,Other,2.733,,,,,,,,,,,,,,,,,,,,,,,,,,
Kricketune,2023-11,Sticky Web,100.000,Taunt,99.938,Perish Song,63.583,Pounce,54.308,Knock Off,45.692,Bug Bite,36.417,Other,0.062,,,,,,,,,,,,,,,,,,,,,,
Weezing,2023-11,Sludge Bomb,100.000,Will-O-Wisp,100.000,Pain Split,100.000,Toxic Spikes,70.312,Flamethrower,23.636,Other,6.052,,,,,,,,,,,,,,,,,,,,,,,,
Carbink,2023-11,Trick Room,100.000,Stealth Rock,100.000,Misty Explosion,100.000,Body Press,93.292,Other,6.708,,,,,,,,,,,,,,,,,,,,,,,,,,
Iron Jugulis,2023-11,Dark Pulse,100.000,Taunt,88.699,Hurricane,68.237,Flamethrower,60.257,Earth Power,35.083,Dragon Pulse,20.964,Air Slash,10.798,Other,15.961,,,,,,,,,,,,,,,,,,,,
Slither Wing,2023-11,First Impression,99.946,Close Combat,99.482,Flare Blitz,73.109,U-turn,43.648,Leech Life,32.660,Earthquake,23.505,Acrobatics,13.628,Other,14.023,,,,,,,,,,,,,,,,,,,,
Ludicolo,2023-11,Ice Beam,85.343,Surf,69.781,Focus Blast,58.554,Giga Drain,58.339,Energy Ball,41.661,Hydro Pump,30.219,Weather Ball,25.530,Leech Seed,14.657,Other,15.917,,,,,,,,,,,,,,,,,,
Sandslash,2023-11,Earthquake,100.000,Swords Dance,98.966,Rapid Spin,97.530,Stone Edge,96.530,Other,6.974,,,,,,,,,,,,,,,,,,,,,,,,,,
Brute Bonnet,2023-11,Sucker Punch,96.206,Spore,86.147,Seed Bomb,77.444,Close Combat,77.444,Clear Smog,15.114,Bullet Seed,15.114,Tera Blast,9.886,Crunch,7.623,Other,15.022,,,,,,,,,,,,,,,,,,