name,snapshot,nature1,usage1,hp1,attack1,defense1,sp attack1,sp defense1,speed1,nature2,usage2,hp2,attack2,defense2,sp attack2,sp defense2,speed2,nature3,usage3,hp3,attack3,defense3,sp attack3,sp defense3,speed3,nature4,usage4,hp4,attack4,defense4,sp attack4,sp defense4,speed4,nature5,usage5,hp5,attack5,defense5,sp attack5,sp defense5,speed5,nature6,usage6,hp6,attack6,defense6,sp attack6,sp defense6,speed6
Magearna,2023-11,Bold,15.171,252,0,252,0,4,0,Modest,11.625,252,0,0,252,4,0,Bold,6.237,252,0,252,4,0,0,Calm,5.425,252,0,4,0,252,0,Calm,5.169,252,0,0,4,252,0,Relaxed,5.121,252,0,252,0,4,0
Zacian,2023-11,Jolly,45.06,0,252,0,0,4,252,Jolly,18.846,0,252,4,0,0,252,Hasty,9.417,0,252,0,4,0,252,Jolly,7.481,4,252,0,0,0,252,Jolly,6.769,64,252,0,0,0,192,Jolly,2.611,0,252,0,0,0,252
Cyclizar,2023-11,Jolly,36.488,248,8,0,0,0,252,Hasty,10.812,248,8,0,0,0,252,Timid,5.655,248,0,0,8,0,252,Jolly,5.315,252,4,0,0,0,252,Timid,4.261,252,0,4,0,0,252,Jolly,4.257,248,0,0,0,8,252
Palafin,2023-11,Jolly,29.196,0,252,0,0,4,252,Adamant,12.791,0,252,0,0,4,252,Adamant,8.6,252,252,0,0,0,4,Adamant,7.494,252,252,0,0,4,0,Adamant,7.27,248,252,0,0,4,4,Adamant,4.303,0,252,4,0,0,252
Palkia-Origin,2023-11,Timid,81.695,0,0,0,252,4,252,Timid,4.299,0,0,4,252,0,252,Timid,3.431,4,0,0,252,0,252,Hasty,2.59,0,4,0,252,0,252,Modest,2.264,0,0,0,252,4,252,Timid,1.402,0,0,0,252,0,252
Arceus-Fire,2023-11,Adamant,11.515,232,252,0,0,0,24,Adamant,11.315,248,252,0,0,0,8,Adamant,9.027,248,252,0,0,8,0,Adamant,8.9,252,252,0,0,0,4,Adamant,7.454,0,252,0,0,4,252,Jolly,3.913,0,252,0,0,4,252
Dialga,2023-11,Modest,14.508,252,0,0,252,4,0,Calm,14.447,252,0,0,40,216,0,Quiet,11.59,252,0,0,252,4,0,Timid,6.242,0,0,0,252,4,252,Calm,3.026,252,0,4,0,252,0,Calm,2.973,252,0,0,4,252,0
Arceus-Poison,2023-11,Adamant,20.291,0,252,0,0,4,252,Timid,11.106,252,0,0,4,0,252,Adamant,7.373,252,252,0,0,4,0,Jolly,4.733,0,252,0,0,4,252,Bold,4.273,252,0,252,0,4,0,Bold,3.137,252,0,252,4,0,0
Landorus,2023-11,Timid,72.494,0,0,0,252,4,252,Timid,4.194,0,0,4,252,0,252,Timid,3.812,4,0,0,252,0,252,Naive,3.549,0,4,0,252,0,252,Jolly,3.067,0,252,0,0,4,252,Modest,2.405,0,0,0,252,4,252
Chi-Yu,2023-11,Timid,49.66,0,0,0,252,4,252,Modest,30.605,0,0,0,252,4,252,Modest,7.683,0,0,4,252,0,252,Timid,2.946,0,0,4,252,0,252,Modest,2.86,4,0,0,252,0,252,Timid,2.356,4,0,0,252,0,252
Rillaboom,2023-11,Adamant,29.866,0,252,0,0,4,252,Adamant,23.458,252,252,0,0,4,0,Jolly,15.489,0,252,0,0,4,252,Adamant,4.067,0,252,4,0,0,252,Careful,4.019,252,116,0,0,140,0,Adamant,2.155,64,252,0,0,0,192
Sneasler,2023-11,Adamant,48.726,0,252,0,0,4,252,Jolly,9.673,0,252,0,0,4,252,Adamant,8.856,116,252,0,0,0,140,Adamant,6.44,0,252,4,0,0,252,Adamant,2.294,120,252,0,0,0,136,Adamant,1.993,144,252,100,0,0,12
Espathra,2023-11,Modest,22.556,132,0,4,252,4,116,Modest,12.59,0,0,0,252,4,252,Bold,8.306,152,0,244,0,0,112,Bold,7.665,252,0,252,4,0,0,Bold,4.439,252,0,252,0,4,0,Bold,2.783,252,0,128,0,0,128
Gholdengo,2023-11,Timid,19.336,0,0,0,252,4,252,Calm,19.324,252,0,0,64,192,0,Timid,16.677,0,0,4,252,0,252,Bold,5.244,252,0,252,0,4,0,Modest,4.822,252,0,0,252,4,0,Bold,3.044,252,0,252,4,0,0
Volcarona,2023-11,Modest,34.083,0,0,0,252,4,252,Timid,12.478,0,0,0,252,4,252,Timid,8.655,80,0,252,0,0,176,Timid,5.145,152,0,252,0,0,104,Timid,4.303,252,0,196,0,0,60,Timid,3.675,0,0,4,252,0,252
Spectrier,2023-11,Timid,67.241,0,0,0,252,4,252,Timid,7.016,252,0,0,4,0,252,Modest,4.816,0,0,0,252,4,252,Modest,2.774,252,0,0,252,4,0,Timid,2.505,0,0,4,252,0,252,Modest,2.247,4,0,0,252,0,252
Roaring Moon,2023-11,Jolly,24.212,0,220,36,0,0,252,Adamant,20.573,0,252,0,0,4,252,Jolly,14.899,0,252,0,0,4,252,Jolly,10.741,36,220,0,0,0,252,Jolly,7.482,0,220,0,0,36,252,Jolly,4.873,4,252,0,0,0,252
Dragapult,2023-11,Naive,28.657,0,4,0,252,0,252,Timid,24.755,0,0,0,252,4,252,Timid,8.705,252,0,0,0,4,252,Jolly,6.158,0,252,0,0,4,252,Hasty,5.632,0,4,0,252,0,252,Jolly,2.948,252,4,0,0,0,252
Zamazenta-Crowned,2023-11,Impish,9.382,252,0,252,0,4,0,Jolly,7.797,0,4,252,0,0,252,Jolly,6.446,4,0,252,0,0,252,Jolly,6.218,56,0,252,0,0,200,Jolly,5.104,252,4,0,0,0,252,Jolly,3.979,252,0,4,0,0,252
Ursaluna-Bloodmoon,2023-11,Modest,30.956,252,0,0,252,4,0,Bold,12.046,252,0,252,0,4,0,Modest,7.814,148,0,0,252,0,108,Bold,4.146,252,0,252,4,0,0,Modest,4.14,176,0,0,252,0,80,Modest,3.646,0,0,4,252,0,252
Arceus-Grass,2023-11,Timid,37.596,252,0,0,4,0,252,Timid,20.284,248,0,0,8,0,252,Timid,4.495,252,0,4,0,0,252,Timid,2.746,0,0,0,252,4,252,Calm,2.536,252,0,100,0,156,0,Timid,2.28,0,0,252,4,0,252
Baxcalibur,2023-11,Jolly,50.862,0,252,0,0,4,252,Adamant,23.599,0,252,0,0,4,252,Jolly,7.526,4,252,0,0,0,252,Adamant,2.597,0,252,0,0,0,252,Adamant,2.204,4,252,0,0,0,252,Jolly,1.902,0,252,4,0,0,252
Garchomp,2023-11,Jolly,26.338,0,252,4,0,0,252,Jolly,18.32,0,252,0,0,4,252,Jolly,8.908,252,0,4,0,0,252,Impish,7.549,248,0,252,0,0,8,Jolly,5.783,0,176,80,0,0,252,Impish,4.616,252,0,252,0,4,0
Clefable,2023-11,Bold,20.188,252,0,252,4,0,0,Calm,19.517,252,0,0,4,252,0,Calm,14.385,252,0,4,0,252,0,Bold,10.443,252,0,252,0,4,0,Bold,8.298,252,0,252,0,0,4,Bold,4.783,252,0,252,0,0,0
Houndstone,2023-11,Impish,20.083,252,0,252,0,4,0,Jolly,18.813,0,252,0,0,4,252,Adamant,18.61,0,252,4,0,0,252,Adamant,15.547,0,252,0,0,4,252,Impish,4.752,252,4,252,0,0,0,Impish,4.049,248,8,252,0,0,0
Ninetales-Alola,2023-11,Timid,29.186,0,0,0,252,4,252,Timid,16.367,252,0,0,4,0,252,Timid,14.695,248,0,8,0,0,252,Timid,12.067,252,0,0,0,4,252,Timid,6.004,252,0,4,0,0,252,Timid,2.564,4,0,0,252,0,252
Arceus-Dark,2023-11,Timid,25.198,252,0,0,4,0,252,Impish,14.248,252,4,252,0,0,0,Impish,11.519,248,0,172,0,88,0,Timid,6.784,248,0,0,0,8,252,Timid,5.495,252,0,4,0,0,252,Impish,3.402,252,0,156,0,0,100
Urshifu-Rapid-Strike,2023-11,Jolly,70.964,0,252,0,0,4,252,Adamant,12.168,0,252,0,0,4,252,Jolly,4.403,0,252,4,0,0,252,Jolly,2.288,4,252,0,0,0,252,Adamant,2.168,0,252,4,0,0,252,Adamant,2.086,224,252,16,0,16,0
Urshifu,2023-11,Jolly,71.235,0,252,0,0,4,252,Adamant,15.973,0,252,0,0,4,252,Adamant,5.582,0,252,4,0,0,252,Adamant,1.586,4,252,0,0,0,252,Adamant,1.372,48,252,0,0,0,208,,,,,,,,
Ursaluna,2023-11,Brave,38.285,248,252,0,0,8,0,Brave,21.93,252,252,0,0,4,0,Adamant,19.581,248,252,0,0,8,0,Brave,3.044,252,252,4,0,0,0,Brave,2.874,116,252,0,0,140,0,Adamant,2.651,156,252,0,0,100,0
Dragonite,2023-11,Adamant,48.162,44,252,0,0,0,212,Adamant,20.93,0,252,0,0,4,252,Adamant,17.836,0,252,4,0,0,252,Jolly,3.38,0,252,0,0,4,252,Impish,1.189,248,0,216,0,0,44,Adamant,1.127,4,252,0,0,0,252
Pelipper,2023-11,Bold,46.708,248,0,252,8,0,0,Relaxed,8.076,252,0,252,0,4,0,Bold,6.904,248,0,252,0,8,0,Relaxed,6.842,248,0,252,8,0,0,Calm,6.698,252,0,4,0,252,0,Calm,5.195,252,0,0,0,252,4
Arceus-Dragon,2023-11,Timid,24.507,252,0,0,4,0,252,Adamant,19.005,0,252,0,0,4,252,Calm,5.181,248,0,8,0,252,0,Jolly,5.173,0,252,0,0,4,252,Adamant,3.2,252,252,0,0,4,0,Calm,2.781,252,0,84,0,172,0
Slowking-Galar,2023-11,Bold,20.905,252,0,252,4,0,0,Bold,17.674,252,0,252,0,4,0,Calm,13.036,252,0,0,4,252,0,Relaxed,12.462,252,0,252,0,4,0,Sassy,4.36,252,0,0,4,252,0,Calm,3.615,252,0,4,0,252,0
Cinderace,2023-11,Jolly,39.815,0,252,0,0,4,252,Adamant,23.45,16,252,0,0,0,240,Jolly,15.071,224,32,0,0,0,252,Jolly,7.596,252,0,0,0,4,252,Jolly,2.993,252,4,0,0,0,252,Jolly,2.213,0,252,4,0,0,252
Meowscarada,2023-11,Jolly,81.508,0,252,0,0,4,252,Jolly,6.027,252,4,0,0,0,252,Jolly,3.034,0,252,4,0,0,252,Naive,1.535,0,4,0,252,0,252,Timid,1.102,4,0,0,252,0,252,Jolly,1.003,160,96,0,0,0,252
Garganacl,2023-11,Careful,33.676,252,4,0,0,252,0,Impish,14.246,252,0,104,0,152,0,Careful,12.355,236,0,20,0,252,0,Careful,7.733,252,0,4,0,252,0,Impish,5.192,252,0,252,0,4,0,Impish,4.921,252,4,252,0,0,0
Palkia,2023-11,Timid,33.708,0,0,0,252,4,252,Quiet,11.719,252,0,0,252,4,0,Modest,10.163,0,0,0,252,4,252,Modest,8.219,156,0,0,252,100,0,Modest,8.108,172,0,0,252,0,84,Timid,5.014,0,0,4,252,0,252
Torkoal,2023-11,Bold,37.767,252,0,252,4,0,0,Bold,20.153,248,0,252,8,0,0,Calm,4.723,252,0,4,0,252,0,Calm,4.518,248,0,0,8,252,0,Bold,3.959,236,0,32,0,240,0,Relaxed,3.617,248,0,252,0,0,0
Mandibuzz,2023-11,Impish,21.104,248,0,252,0,8,0,Careful,11.262,252,0,4,0,252,0,Bold,7.321,248,0,252,0,8,0,Bold,6.886,248,0,252,0,0,0,Careful,5.639,248,0,8,0,252,0,Impish,4.51,252,0,252,0,4,0
Amoonguss,2023-11,Bold,43.474,252,0,252,0,4,0,Bold,13.924,248,0,252,0,8,0,Bold,4.579,248,0,208,0,52,0,Bold,3.113,248,0,172,0,88,0,Bold,2.867,248,0,252,8,0,0,Bold,2.646,252,0,252,4,0,0
Dialga-Origin,2023-11,Timid,22.558,0,0,0,252,4,252,Modest,11.145,252,0,0,252,4,0,Quiet,7.448,252,0,0,252,4,0,Timid,6.88,252,0,0,4,0,252,Timid,4.75,76,0,120,56,4,252,Quiet,4.648,0,0,252,252,4,0
Walking Wake,2023-11,Timid,58.451,12,0,0,244,0,252,Timid,13.325,0,0,0,252,4,252,Timid,8.557,0,0,0,244,12,252,Modest,6.675,0,0,0,252,4,252,Timid,4.068,8,0,0,244,4,252,Modest,2.921,160,0,0,252,0,96
Blissey,2023-11,Calm,34.87,4,0,252,0,252,0,Bold,17.25,252,0,252,0,4,0,Bold,12.725,252,0,4,0,252,0,Calm,7.257,252,0,4,0,252,0,Bold,5.981,4,0,252,0,252,0,Careful,2.942,4,0,252,0,252,0
Ogerpon-Wellspring,2023-11,Jolly,81.397,0,252,0,0,4,252,Jolly,4.492,0,252,4,0,0,252,Jolly,2.7,0,252,40,0,0,216,Adamant,2.331,72,252,4,0,0,180,Jolly,2.282,8,244,0,0,4,252,Jolly,1.353,0,252,36,0,0,220
Quagsire,2023-11,Impish,39.274,252,4,252,0,0,0,Impish,32.327,252,0,252,0,4,0,Relaxed,14.212,252,0,252,0,4,0,Relaxed,4.928,248,0,252,0,8,0,Impish,1.744,248,0,252,0,8,0,Careful,1.593,252,0,4,0,252,0
Masquerain,2023-11,Timid,32.566,0,0,0,252,4,252,Timid,26.561,248,0,0,8,0,252,Timid,10.634,4,0,0,252,0,252,Modest,7.164,0,0,0,252,4,252,Timid,4.644,0,0,252,0,4,252,Jolly,4.092,248,0,0,0,8,252
Arceus-Fighting,2023-11,Bold,11.114,252,0,132,0,0,124,Bold,9.407,252,0,252,0,4,0,Timid,6.985,252,0,0,4,0,252,Hardy,6.449,252,0,252,0,4,0,Adamant,5.471,252,252,0,0,4,0,Adamant,4.667,44,252,0,0,0,212
Arceus-Psychic,2023-11,Timid,30.98,252,0,0,4,0,252,Bold,18.584,252,0,132,0,0,124,Bold,7.784,252,0,144,76,0,36,Timid,4.277,252,0,4,0,0,252,Bold,3.321,252,0,160,0,0,96,Timid,3.241,248,0,0,8,0,252
Ceruledge,2023-11,Adamant,25.101,0,252,0,0,4,252,Adamant,22.946,252,252,0,0,4,0,Jolly,21.218,0,252,0,0,4,252,Adamant,15.275,156,252,0,0,100,0,Careful,10.054,252,12,0,0,244,0,Impish,1.472,252,0,252,0,4,0
Iron Valiant,2023-11,Jolly,43.494,0,252,0,0,4,252,Naive,11.769,0,88,0,252,0,168,Naive,11.232,0,252,0,4,0,252,Timid,7.937,0,0,0,252,4,252,Timid,6.937,4,0,0,252,0,252,Timid,6.308,0,0,4,252,0,252
Darkrai,2023-11,Timid,59.34,0,0,0,252,4,252,Timid,6.826,4,0,0,252,0,252,Jolly,6.601,0,252,0,0,4,252,Modest,5.195,0,0,0,252,4,252,Timid,5.141,0,0,0,132,124,252,Hasty,3.626,0,4,0,252,0,252
Alomomola,2023-11,Bold,26.947,252,0,252,0,4,0,Relaxed,10.837,252,0,252,0,4,0,Relaxed,9.737,40,0,252,0,216,0,Sassy,9.437,248,8,0,0,252,0,Sassy,5.333,252,0,0,4,252,0,Impish,5.195,252,4,252,0,0,0
Donphan,2023-11,Jolly,59.042,0,252,4,0,0,252,Adamant,14.857,248,252,0,0,8,0,Adamant,4.742,0,252,248,0,8,0,Adamant,3.109,252,252,0,0,4,0,Lonely,2.857,0,252,0,0,0,248,Impish,2.053,252,4,252,0,0,0
Hippowdon,2023-11,Impish,60.064,252,4,252,0,0,0,Impish,9.386,248,0,252,0,8,0,Impish,9.114,252,0,252,0,4,0,Impish,4.38,252,0,176,0,80,0,Careful,4.192,252,0,4,0,252,0,Careful,3.643,252,0,88,0,168,0
Samurott-Hisui,2023-11,Jolly,66.697,0,252,0,0,4,252,Jolly,18.745,0,252,4,0,0,252,Adamant,4.778,0,252,0,0,4,252,Careful,2.307,252,252,0,0,4,0,Adamant,1.304,8,252,28,0,0,220,Adamant,0.986,248,252,0,0,8,0
Tyranitar,2023-11,Adamant,18.24,252,252,0,0,4,0,Careful,16.501,252,4,0,0,252,0,Careful,12.469,252,0,4,0,252,0,Careful,11.138,252,0,0,0,252,4,Sassy,10.92,252,0,4,0,252,0,Careful,5.796,84,172,0,0,252,0
Scizor,2023-11,Adamant,39.739,248,252,0,0,8,0,Impish,34.856,252,4,252,0,0,0,Impish,13.752,252,152,104,0,0,0,Adamant,2.509,252,252,0,0,4,0,Adamant,2.064,200,252,56,0,0,0,Careful,1.054,236,16,56,0,200,0
Cresselia,2023-11,Relaxed,58.208,252,0,252,0,4,0,Sassy,25.729,248,0,160,0,100,0,Bold,5.522,236,0,176,0,0,96,Sassy,2.672,252,0,0,4,252,0,Bold,1.476,252,0,252,0,4,0,Quiet,1.302,252,0,0,252,4,0
Zamazenta,2023-11,Jolly,66.892,0,4,252,0,0,252,Jolly,5.678,252,0,4,0,0,252,Jolly,5.227,252,4,0,0,0,252,Jolly,4.921,4,252,0,0,0,252,Jolly,4.429,0,144,112,0,0,252,Jolly,2.941,0,252,0,0,4,252
Moltres,2023-11,Bold,15.443,248,0,252,8,0,0,Calm,13.975,248,0,0,8,252,0,Bold,11.658,252,0,216,0,28,12,Bold,10.16,248,0,216,0,0,44,Bold,9.425,252,0,252,0,0,4,Bold,7.007,248,0,248,0,0,12
Crocalor,2023-11,Bold,55.34,252,0,252,4,0,0,Bold,22.359,252,0,252,0,4,0,Serious,10.167,252,0,252,0,4,0,Calm,2.798,252,0,4,0,252,0,Relaxed,2.75,248,0,252,0,8,0,Calm,2.251,252,0,0,4,252,0
Iron Moth,2023-11,Timid,49.486,0,0,124,132,0,252,Timid,20.147,124,0,0,132,0,252,Timid,11.173,0,0,0,252,4,252,Timid,6.564,120,0,0,132,4,252,Timid,4.274,122,0,0,134,0,252,Timid,3.463,0,0,124,128,4,252
Orthworm,2023-11,Impish,30.452,248,0,252,0,8,0,Impish,27.622,252,0,252,0,4,0,Impish,12.774,248,8,252,0,0,0,Relaxed,7.385,252,0,252,0,4,0,Impish,5.404,252,4,252,0,0,0,Relaxed,2.84,248,0,252,0,8,0
Hoopa-Unbound,2023-11,Brave,70.071,4,252,0,0,252,0,Brave,5.846,252,252,0,4,0,0,Jolly,5.356,0,252,0,0,4,252,Brave,4.315,252,252,0,0,4,0,Quiet,2.44,252,0,4,252,0,0,Brave,1.411,252,252,0,0,0,0
Heatran,2023-11,Calm,24.358,252,0,0,4,252,0,Modest,6.756,252,0,84,172,0,0,Calm,6.403,252,0,4,0,252,0,Calm,5.639,252,0,0,0,188,68,Modest,4.366,252,0,0,252,4,0,Timid,3.202,0,0,0,252,4,252
Arceus-Ice,2023-11,Timid,28.005,248,0,0,8,0,252,Timid,18.243,0,0,0,252,4,252,Timid,13.188,4,0,0,252,0,252,Timid,3.525,0,0,4,252,0,252,Timid,3.489,0,0,0,252,0,252,Bold,3.055,252,0,4,0,0,252
Weezing-Galar,2023-11,Bold,38.428,252,0,252,0,4,0,Bold,14.575,252,0,252,4,0,0,Bold,10.554,248,0,252,0,8,0,Bold,6.877,252,0,252,0,0,4,Calm,5.625,252,0,0,4,252,0,Bold,4.066,252,0,220,0,36,0
Leavanny,2023-11,Jolly,55.891,0,252,0,0,4,252,Jolly,34.177,252,0,0,0,4,252,Jolly,5.326,4,252,0,0,0,252,,,,,,,,,,,,,,,,,,,,,,,,
Milotic,2023-11,Calm,57.879,252,0,4,0,252,0,Calm,16.094,252,0,0,0,252,0,Sassy,6.573,252,0,4,0,252,0,Calm,3.513,252,0,0,4,252,0,Calm,2.915,252,0,0,0,220,36,Bold,2.835,252,0,252,4,0,0
Arceus-Rock,2023-11,Bold,10.775,252,0,252,0,0,4,Modest,9.964,160,0,0,252,0,96,Timid,8.417,252,0,0,0,80,176,Timid,7.854,248,0,112,36,0,112,Timid,7.173,252,0,0,4,0,252,Timid,6.588,4,0,0,252,0,252
Tornadus-Therian,2023-11,Timid,70.388,252,0,0,4,0,252,Timid,10.257,0,0,0,252,4,252,Timid,8.031,252,0,0,0,96,160,Timid,4.372,4,0,0,252,0,252,Timid,0.946,16,0,0,240,0,252,Hasty,0.905,0,4,0,252,0,252
Cutiefly,2023-11,Timid,20.4,0,0,0,252,4,252,Timid,17.891,248,0,0,8,0,252,Timid,15.48,4,0,0,252,0,252,Timid,11.714,0,0,0,252,0,252,Timid,8.322,0,0,4,252,0,252,Jolly,6.98,248,0,0,0,8,252
Sandy Shocks,2023-11,Timid,28.723,44,0,0,208,4,252,Timid,24.351,48,0,0,208,0,252,Timid,10.346,0,0,0,252,4,252,Modest,8.231,0,0,0,252,4,252,Timid,7.972,42,0,0,210,4,252,Timid,4.601,0,0,44,208,4,252
Zapdos,2023-11,Timid,15.904,0,0,0,252,4,252,Modest,10.563,248,0,0,252,8,0,Bold,7.611,248,0,252,0,8,0,Bold,6.866,248,0,240,0,0,20,Bold,4.954,252,0,252,0,4,0,Timid,4.946,0,0,4,252,0,252
Quaquaval,2023-11,Jolly,33.993,0,252,0,0,4,252,Adamant,30.301,76,252,0,0,0,180,Impish,9.486,252,0,252,0,0,4,Jolly,7.205,252,0,0,0,4,252,Careful,3.648,252,4,0,0,252,0,Impish,2.561,252,4,252,0,0,0
Maushold,2023-11,Jolly,48.501,0,252,0,0,4,252,Jolly,28.637,4,252,0,0,0,252,Adamant,10.502,0,252,0,0,4,252,Hasty,5.635,0,252,0,4,0,252,Jolly,4.1,252,4,0,0,0,252,,,,,,,,
Ogerpon-Cornerstone,2023-11,Jolly,83.45,0,252,0,0,4,252,Jolly,4.669,4,252,0,0,0,252,Adamant,2.562,84,120,232,0,72,0,Jolly,2.38,0,252,0,0,0,252,Jolly,1.994,252,4,0,0,0,252,,,,,,,,
Overqwil,2023-11,Adamant,80.981,0,252,0,0,4,252,Jolly,8.682,252,4,0,0,0,252,Jolly,3.262,0,252,0,0,4,252,Careful,2.632,0,252,4,0,0,252,,,,,,,,,,,,,,,,
Mew,2023-11,Timid,37.338,252,0,0,0,4,252,Timid,30.774,252,0,0,4,0,252,Jolly,10.304,252,4,0,0,0,252,Timid,6.454,248,0,4,0,4,252,Timid,3.838,252,0,104,0,0,152,Calm,2.738,252,0,180,0,76,0
Toedscruel,2023-11,Calm,33.374,252,0,0,4,252,0,Modest,15.511,0,0,0,252,4,252,Calm,9.885,248,0,0,8,252,0,Calm,5.749,248,0,0,0,252,8,Sassy,5.511,252,0,0,4,252,0,Careful,5.375,252,0,4,0,252,0
Vikavolt,2023-11,Modest,70.46,252,0,0,252,4,0,Quiet,3.969,252,0,0,252,4,0,Timid,3.762,0,0,0,252,4,252,Modest,2.786,252,0,0,152,104,0,Modest,2.72,244,0,24,132,108,0,Calm,2.223,252,0,4,0,252,0
Dugtrio,2023-11,Jolly,34.304,0,252,0,0,4,252,Adamant,25.227,0,252,0,0,4,252,Hasty,21.134,0,252,0,4,0,252,Jolly,8.828,0,252,4,0,0,252,Jolly,4.094,4,252,0,0,0,252,Adamant,1.863,44,252,0,0,0,212
Klefki,2023-11,Bold,39.26,252,0,252,0,4,0,Bold,28.598,252,0,252,4,0,0,Bold,8.634,248,0,252,0,8,0,Bold,8.417,252,0,136,0,120,0,Impish,3.354,252,4,252,0,0,0,Bold,3.014,252,0,232,4,20,0
Forretress,2023-11,Bold,40.993,252,0,252,0,4,0,Relaxed,29.527,252,4,252,0,0,0,Impish,5.698,252,0,252,0,4,0,Impish,3.855,252,4,252,0,0,0,Sassy,2.779,200,0,172,0,136,0,Brave,2.678,252,252,0,0,4,0
Enamorus,2023-11,Timid,83.21,0,0,0,252,4,252,Modest,6.286,0,0,0,252,4,252,Hasty,2.541,0,4,0,252,0,252,Timid,1.859,0,0,144,252,4,108,Timid,1.82,0,0,4,252,0,252,,,,,,,,
Espeon,2023-11,Timid,33.872,0,0,0,252,4,252,Serious,16.742,252,0,4,0,252,0,Calm,13.407,252,0,0,4,252,0,Timid,7.979,248,0,76,0,0,184,Bold,7.509,252,0,252,4,0,0,Calm,7.205,252,0,0,4,248,4
Iron Thorns,2023-11,Timid,80.449,252,0,0,0,4,252,Timid,13.236,252,0,4,0,0,252,Timid,5.959,216,0,40,0,0,252,,,,,,,,,,,,,,,,,,,,,,,,
Greninja,2023-11,Timid,36.17,0,0,0,252,4,252,Jolly,19.791,0,252,0,0,4,252,Timid,7.651,252,0,0,0,4,252,Timid,7.117,4,0,0,252,0,252,Timid,5.43,0,0,4,252,0,252,Hasty,4.353,252,0,0,4,0,252
Kleavor,2023-11,Jolly,82.961,0,252,0,0,4,252,Adamant,6.635,0,252,0,0,4,252,Jolly,5.921,252,4,0,0,0,252,,,,,,,,,,,,,,,,,,,,,,,,
Arceus-Bug,2023-11,Timid,17.691,248,0,0,8,0,252,Adamant,17.143,4,252,0,0,0,252,Adamant,11.463,156,252,0,0,0,100,Adamant,10.327,248,252,0,0,8,0,Modest,7.864,0,0,0,252,4,252,Bold,4.702,252,0,252,0,0,4
Gastrodon,2023-11,Calm,67.494,252,0,0,4,252,0,Sassy,5.418,252,4,0,0,252,0,Calm,5.051,252,0,4,0,252,0,Modest,4.512,252,0,0,252,4,0,Sassy,4.367,248,0,8,0,252,0,Sassy,4.109,252,0,4,0,252,0
Iron Hands,2023-11,Adamant,33.67,248,252,0,0,8,0,Brave,17.228,252,252,0,0,4,0,Brave,15.336,252,252,4,0,0,0,Brave,9.108,248,252,0,0,8,0,Adamant,7.706,252,252,0,0,4,0,Adamant,5.146,88,252,0,0,168,0
Mimikyu,2023-11,Brave,75.08,252,4,252,0,0,0,Jolly,11.352,0,252,0,0,4,252,Adamant,6.892,0,252,0,0,4,252,Jolly,3.942,0,252,4,0,0,252,,,,,,,,,,,,,,,,
Sableye,2023-11,Impish,30.895,252,0,252,0,4,0,Careful,14.572,252,4,0,0,252,0,Bold,10.098,248,0,252,0,8,0,Impish,9.428,248,0,252,0,8,0,Relaxed,7.342,252,0,252,0,4,0,Impish,5.667,252,4,252,0,0,0
Gothitelle,2023-11,Bold,25.494,252,0,252,0,0,4,Bold,18.443,248,0,252,0,8,0,Timid,16.947,32,0,4,252,0,220,Timid,12.465,252,0,0,0,4,252,Timid,9.556,12,0,0,252,0,244,Timid,8.91,0,0,252,0,4,252
Chansey,2023-11,Bold,93.679,248,0,252,0,8,0,Calm,1.8,252,0,4,0,252,0,,,,,,,,,,,,,,,,,,,,,,,,,,,,,,,,
Glimmet,2023-11,Modest,55.358,252,0,0,252,4,0,Timid,14.889,0,0,0,252,4,252,Jolly,12.757,4,252,0,0,0,252,Modest,6.992,4,0,0,252,0,252,Calm,3.852,252,0,4,0,252,0,Hardy,2.455,252,0,0,0,0,252
Thundurus-Therian,2023-11,Timid,50.838,0,0,0,252,4,252,Modest,37.475,0,0,0,252,4,252,Timid,4.167,0,0,4,252,0,252,Modest,3.005,0,0,0,252,0,252,,,,,,,,,,,,,,,,
Manaphy,2023-11,Timid,17.444,0,0,0,252,4,252,Calm,11.899,252,0,4,0,252,0,Calm,10.692,192,0,0,60,252,4,Timid,9.999,200,0,0,56,0,252,Bold,9.976,248,0,240,0,0,20,Calm,9.109,252,0,0,4,252,0
Azelf,2023-11,Hasty,30.656,0,252,0,4,0,252,Jolly,20.697,0,252,0,0,4,252,Naive,14.57,0,252,0,4,0,252,Jolly,12.951,252,4,0,0,0,252,Hasty,10.355,252,4,0,0,0,252,Timid,3.075,0,0,4,252,0,252
Spidops,2023-11,Adamant,39.464,248,252,0,0,8,0,Jolly,18.399,248,0,0,0,8,252,Impish,11.616,248,8,252,0,0,0,Careful,7.277,248,0,100,0,160,0,Impish,7.18,252,0,252,0,4,0,Impish,3.843,248,0,252,0,8,0
Goodra-Hisui,2023-11,Sassy,34.735,252,0,0,4,252,0,Modest,9.494,252,0,0,252,4,0,Modest,9.357,0,0,0,252,252,0,Calm,8.867,4,0,0,252,252,0,Sassy,7.214,4,252,0,0,252,0,Adamant,6.336,12,252,0,0,244,0
Jirachi,2023-11,Jolly,32.695,0,252,4,0,0,252,Adamant,17.852,252,252,0,0,4,0,Jolly,13.218,0,252,0,0,4,252,Jolly,11.985,0,252,0,0,0,252,Jolly,7.425,252,0,0,0,4,252,Impish,2.719,252,0,180,0,4,72
Lilligant-Hisui,2023-11,Lonely,48.976,0,252,0,4,0,252,Adamant,28.615,0,252,0,0,4,252,Jolly,11.846,0,252,0,0,4,252,Jolly,5.349,248,8,0,0,0,252,Jolly,2.732,0,252,0,0,0,252,,,,,,,,
Basculin,2023-11,Jolly,43.527,0,252,0,0,4,252,Adamant,38.183,0,252,0,0,4,252,Adamant,11.714,0,252,0,0,0,252,Adamant,3.057,0,252,4,0,0,252,,,,,,,,,,,,,,,,
Barraskewda,2023-11,Adamant,97.994,0,252,0,0,4,252,,,,,,,,,,,,,,,,,,,,,,,,,,,,,,,,,,,,,,,,
Sinistcha,2023-11,Bold,67.045,252,0,252,0,4,0,Bold,10.265,212,0,252,0,0,44,Hardy,7.474,0,0,196,120,192,0,Relaxed,4.968,252,0,160,96,0,0,Modest,2.461,252,0,0,252,4,0,Bold,2.223,252,0,252,4,0,0
Volcanion,2023-11,Modest,43.887,248,0,0,252,8,0,Calm,17.939,252,0,4,0,252,0,Quiet,5.338,4,0,100,252,152,0,Bold,4.965,252,0,252,4,0,0,Serious,4.773,248,0,8,252,0,0,Quiet,3.928,0,0,132,252,124,0
Indeedee,2023-11,Timid,45.256,0,0,0,252,4,252,Calm,21.129,252,0,40,0,216,0,Timid,12.918,252,0,0,0,4,252,Sassy,10.968,252,0,64,4,188,0,Modest,7.005,0,0,0,252,4,252,,,,,,,,
Drifblim,2023-11,Bold,83.855,0,0,252,0,52,204,Brave,10.769,252,252,4,0,0,0,Timid,5.372,0,0,0,0,0,252,,,,,,,,,,,,,,,,,,,,,,,,
Talonflame,2023-11,Jolly,25.204,252,4,0,0,0,252,Calm,13.286,176,0,0,0,252,80,Careful,10.837,252,0,4,0,252,0,Hardy,10.042,252,4,0,0,0,252,Timid,9.545,8,0,0,252,0,248,Jolly,9.46,248,8,0,0,0,252
Revavroom,2023-11,Adamant,97.897,0,252,4,0,0,252,,,,,,,,,,,,,,,,,,,,,,,,,,,,,,,,,,,,,,,,
Kommo-o,2023-11,Adamant,29.23,0,252,0,0,4,252,Naive,23.344,0,4,0,252,0,252,Timid,16.076,0,0,0,252,4,252,Impish,11.225,252,0,252,0,4,0,Jolly,3.53,4,252,0,0,0,252,Calm,2.409,252,0,4,0,252,0
Brambleghast,2023-11,Careful,35.235,248,0,0,0,252,8,Timid,23.543,252,0,0,0,4,252,Jolly,23.118,0,252,0,0,4,252,Impish,3.148,252,0,252,0,4,0,Jolly,2.355,4,252,0,0,0,252,Jolly,2.204,252,4,0,0,0,252
Conkeldurr,2023-11,Brave,47.28,252,252,0,0,4,0,Adamant,21.823,252,252,0,0,4,0,Adamant,11.378,252,252,4,0,0,0,Adamant,7.661,32,248,0,0,104,124,Adamant,3.442,88,252,0,0,0,168,Impish,3.202,252,4,252,0,0,0
Grafaiai,2023-11,Careful,46.215,252,4,0,0,252,0,Jolly,27.543,252,0,0,0,80,176,Jolly,12.714,252,4,0,0,0,252,Jolly,5.879,156,0,252,0,4,96,Adamant,1.688,0,252,0,0,4,252,Jolly,1.485,0,252,0,0,4,252
Riolu,2023-11,Lonely,62.067,0,252,0,0,4,252,Adamant,32.406,0,252,0,0,4,252,Lonely,5.47,0,252,0,4,0,252,,,,,,,,,,,,,,,,,,,,,,,,
Azumarill,2023-11,Adamant,16.481,252,252,4,0,0,0,Adamant,15.359,252,252,0,0,4,0,Adamant,11.272,240,252,0,0,0,16,Adamant,9.747,4,252,0,0,0,252,Adamant,9.593,132,252,0,0,0,124,Adamant,6.851,0,252,0,0,252,0
Crawdaunt,2023-11,Adamant,60.694,0,252,252,0,4,0,Adamant,30.633,252,252,0,0,4,0,Adamant,3.631,0,252,0,0,4,252,Jolly,3.069,0,252,4,0,0,252,,,,,,,,,,,,,,,,
Floatzel,2023-11,Adamant,65.855,0,252,0,0,4,252,Adamant,13.643,252,252,4,0,0,0,Adamant,11.927,176,252,4,0,0,76,Adamant,7.906,112,252,4,0,0,140,,,,,,,,,,,,,,,,
Coalossal,2023-11,Impish,73.327,248,8,252,0,0,0,Sassy,7.305,252,0,0,4,252,0,Relaxed,5.672,248,8,252,0,0,0,Careful,5.102,248,8,0,0,252,0,Bold,4.471,248,0,252,0,8,0,,,,,,,,
Empoleon,2023-11,Calm,30.022,252,0,0,4,252,0,Careful,28.956,252,0,4,0,252,0,Careful,12.449,252,4,0,0,252,0,Sassy,8.357,252,4,0,0,252,0,Modest,5.617,252,0,0,252,4,0,Rash,3.916,0,168,0,60,0,252
Enamorus-Therian,2023-11,Modest,53.154,248,0,252,0,8,0,Quiet,31.474,248,0,0,252,8,0,Modest,6.244,252,0,128,0,128,0,Modest,2.46,248,0,0,252,8,0,Bold,2.304,252,0,252,0,0,4,,,,,,,,
Gligar,2023-11,Careful,87.394,252,0,4,0,252,0,Impish,3.758,252,0,252,0,4,0,Impish,3.277,252,0,200,0,0,56,Impish,3.152,236,0,252,0,4,16,,,,,,,,,,,,,,,,
Muk-Alola,2023-11,Brave,51.294,212,48,0,0,248,0,Careful,32.987,252,4,0,0,252,0,Brave,5.307,252,136,0,0,120,0,Careful,4.59,248,140,48,0,72,0,Careful,3.095,252,0,4,0,252,0,,,,,,,,
Glastrier,2023-11,Brave,39.32,248,252,0,0,8,0,Adamant,14.638,240,252,0,0,16,0,Adamant,10.175,252,252,4,0,0,0,Adamant,7.735,252,252,0,0,4,0,Adamant,6.99,248,252,0,0,4,4,Hardy,5.495,252,252,0,0,4,0
Magnezone,2023-11,Timid,52.031,0,0,0,252,0,252,Modest,9.199,0,0,0,252,4,252,Calm,8.863,212,0,0,0,252,44,Calm,6.386,252,0,0,0,252,0,Quiet,4.198,248,8,0,252,0,0,Modest,4,248,0,0,252,8,0
Tornadus,2023-11,Careful,79.214,252,0,4,0,252,0,Sassy,10.446,252,0,4,0,252,0,Sassy,7.557,252,0,0,4,252,0,,,,,,,,,,,,,,,,,,,,,,,,
Thundurus,2023-11,Timid,44.705,0,0,0,252,4,252,Modest,28.894,252,0,0,252,0,4,Calm,9.682,252,0,0,4,252,0,Timid,7.229,0,0,232,0,24,252,Hasty,3.816,0,252,0,4,0,252,Hasty,2.494,0,0,0,252,4,252
Ogerpon,2023-11,Jolly,88.547,0,252,0,0,4,252,Adamant,7.328,0,252,0,0,0,252,,,,,,,,,,,,,,,,,,,,,,,,,,,,,,,,
Scream Tail,2023-11,Timid,40.136,252,0,0,0,4,252,Bold,22.441,252,0,52,0,21,180,Timid,7.338,248,0,64,0,12,184,Bold,5.172,252,0,184,0,72,0,Timid,4.198,120,0,0,0,236,152,Jolly,3.698,252,4,0,0,0,252
Wo-Chien,2023-11,Sassy,41.452,248,0,8,0,252,0,Sassy,16.492,252,0,4,0,252,0,Calm,14.444,248,0,8,0,252,0,Careful,12.268,252,4,0,0,252,0,Sassy,8.71,252,4,0,0,252,0,Sassy,2.548,252,0,200,0,56,0
Charjabug,2023-11,Sassy,51.018,252,0,160,0,96,0,Impish,30.495,252,0,4,0,252,0,Bold,8.099,252,0,252,0,4,0,Impish,4.91,252,4,252,0,0,0,Calm,3.473,252,0,92,0,164,0,,,,,,,,
Tinkaton,2023-11,Jolly,51.618,0,252,0,0,4,252,Impish,41.668,252,0,252,0,4,0,Careful,4.418,248,0,0,0,196,64,,,,,,,,,,,,,,,,,,,,,,,,
Slowking,2023-11,Bold,27.293,252,0,252,4,0,0,Calm,24.372,252,0,0,4,252,0,Relaxed,24.24,252,0,252,0,4,0,Relaxed,10.312,248,0,252,0,8,0,Calm,5.063,252,0,4,0,252,0,Calm,2.722,248,0,8,0,252,0
Zoroark-Hisui,2023-11,Timid,97.906,0,0,0,252,4,252,,,,,,,,,,,,,,,,,,,,,,,,,,,,,,,,,,,,,,,,
Poliwrath,2023-11,Adamant,100,0,252,0,0,4,252,,,,,,,,,,,,,,,,,,,,,,,,,,,,,,,,,,,,,,,,
Armarouge,2023-11,Modest,48.752,0,0,0,252,4,252,Modest,44.174,152,0,0,252,0,104,Timid,3.352,232,0,0,56,0,220,,,,,,,,,,,,,,,,,,,,,,,,
Polteageist,2023-11,Modest,57.449,0,0,0,252,4,252,Timid,42.551,0,0,0,252,4,252,,,,,,,,,,,,,,,,,,,,,,,,,,,,,,,,
Fezandipiti,2023-11,Impish,67.537,200,0,252,0,56,0,Careful,13.627,252,0,4,0,252,0,Careful,8.48,252,4,0,0,252,0,Impish,4.865,252,0,252,0,4,0,Careful,4.24,252,0,0,0,252,4,,,,,,,,
Slowbro-Galar,2023-11,Bold,75.476,252,0,248,8,0,0,Modest,20.779,252,0,0,252,4,0,,,,,,,,,,,,,,,,,,,,,,,,,,,,,,,,
Typhlosion-Hisui,2023-11,Modest,98.501,0,0,56,252,0,200,,,,,,,,,,,,,,,,,,,,,,,,,,,,,,,,,,,,,,,,
Goodra,2023-11,Sassy,99.302,248,0,28,0,232,0,,,,,,,,,,,,,,,,,,,,,,,,,,,,,,,,,,,,,,,,
Mamoswine,2023-11,Adamant,22.477,40,216,0,0,252,0,Jolly,16.132,0,252,0,0,4,252,Adamant,10.752,0,252,0,0,44,212,Adamant,10.717,160,232,100,0,16,0,Careful,8.029,0,252,0,0,212,44,Adamant,6.932,252,252,4,0,0,0
Arcanine-Hisui,2023-11,Jolly,30.833,0,252,0,0,4,252,Adamant,29.4,0,252,0,0,4,252,Adamant,24.555,0,252,0,0,0,252,Adamant,8.131,0,252,4,0,0,252,Jolly,2.651,4,252,0,0,0,252,,,,,,,,
Torterra,2023-11,Adamant,37.237,0,252,0,0,4,252,Jolly,20.697,0,252,0,0,4,252,Adamant,17.727,20,252,0,0,0,236,Jolly,8.847,4,252,0,0,0,252,Adamant,8.152,252,20,0,0,0,236,Adamant,2.174,252,4,0,0,0,252
Diancie,2023-11,Sassy,38.064,252,0,252,0,4,0,Calm,30.085,252,0,4,0,252,0,Sassy,12.097,252,0,4,0,252,0,Careful,6.946,252,4,0,0,252,0,Sassy,6.743,252,4,0,0,252,0,Sassy,4.994,116,0,240,0,152,0
Breloom,2023-11,Jolly,64.403,0,252,0,0,0,252,Jolly,27.649,0,252,0,0,4,252,Adamant,3.429,0,252,0,0,4,252,,,,,,,,,,,,,,,,,,,,,,,,
Umbreon,2023-11,Bold,55.013,252,0,252,0,4,0,Calm,44.976,252,0,4,0,252,0,,,,,,,,,,,,,,,,,,,,,,,,,,,,,,,,
Lycanroc-Dusk,2023-11,Jolly,83.555,0,252,0,0,4,252,Jolly,6.473,252,4,0,0,0,252,Lonely,4.648,0,252,0,0,0,252,Jolly,2.808,4,252,0,0,0,252,,,,,,,,,,,,,,,,
Zapdos-Galar,2023-11,Jolly,90.845,0,252,0,0,4,252,Adamant,4.252,252,212,40,0,4,0,,,,,,,,,,,,,,,,,,,,,,,,,,,,,,,,
Rotom-Wash,2023-11,Bold,22.748,248,0,252,0,8,0,Timid,19.324,0,0,0,252,4,252,Timid,18.101,248,0,0,8,0,252,Calm,11.877,252,0,4,0,252,0,Bold,5.031,252,0,168,0,0,88,Calm,4.614,248,0,0,8,252,0
Golem-Alola,2023-11,Adamant,58.598,88,252,4,0,0,164,Adamant,34.991,252,252,0,0,4,0,Adamant,5.601,252,252,0,0,0,0,,,,,,,,,,,,,,,,,,,,,,,,
Shiftry,2023-11,Impish,48.992,248,0,252,0,0,8,Timid,27.495,0,252,0,0,4,252,Jolly,9.659,248,8,0,0,0,252,Modest,4.84,0,0,0,252,4,252,Adamant,3.774,0,252,0,0,4,252,Jolly,2.855,4,252,0,0,0,252
Altaria,2023-11,Calm,70.697,252,0,0,4,252,0,Impish,12.876,252,0,240,0,0,16,Careful,7.42,252,0,4,0,252,0,Calm,4.744,252,0,4,0,252,0,,,,,,,,,,,,,,,,
Murkrow,2023-11,Careful,31.552,248,0,8,0,252,0,Relaxed,26.196,252,0,252,0,4,0,Sassy,21.024,252,0,4,0,252,0,Calm,6.331,252,0,4,0,252,0,Careful,2.963,248,8,0,0,252,0,Jolly,2.905,248,0,0,0,8,252
Ninetales,2023-11,Timid,31.195,0,0,0,4,252,252,Timid,27.296,0,0,0,252,4,252,Timid,20.435,4,0,0,252,0,252,Timid,6.974,252,0,0,0,4,252,Calm,5.885,252,0,0,4,252,0,Timid,4.716,252,0,0,4,0,252
Avalugg,2023-11,Bold,37.652,252,0,252,0,4,0,Impish,24.913,252,4,252,0,0,0,Adamant,13.261,252,252,0,0,4,0,Relaxed,12.186,252,4,252,0,0,0,Impish,7.902,252,0,252,0,4,0,,,,,,,,
Weavile,2023-11,Jolly,73.736,0,252,0,0,4,252,Jolly,26.264,4,252,0,0,0,252,,,,,,,,,,,,,,,,,,,,,,,,,,,,,,,,
Pawmot,2023-11,Jolly,54.388,252,0,4,0,0,252,Jolly,31.785,0,252,0,0,4,252,Serious,7.818,252,4,0,0,0,252,Jolly,4.478,0,252,4,0,0,252,,,,,,,,,,,,,,,,
Bisharp,2023-11,Careful,31.091,252,4,0,0,252,0,Adamant,28.656,252,68,0,0,176,12,Adamant,26.786,252,252,0,0,4,0,Adamant,5.789,248,20,0,0,240,0,Careful,2.422,248,8,0,0,252,0,Careful,1.864,248,0,0,0,84,176
Ariados,2023-11,Jolly,44.342,4,252,0,0,0,252,Adamant,42.267,252,252,4,0,0,0,Jolly,11.521,0,252,0,0,4,252,,,,,,,,,,,,,,,,,,,,,,,,
Noivern,2023-11,Timid,99.092,0,0,0,252,4,252,,,,,,,,,,,,,,,,,,,,,,,,,,,,,,,,,,,,,,,,
Articuno,2023-11,Calm,90.185,248,0,8,0,252,0,Timid,9.311,248,0,0,8,0,252,,,,,,,,,,,,,,,,,,,,,,,,,,,,,,,,
Lokix,2023-11,Adamant,70.302,0,252,0,0,4,252,Jolly,14.04,0,252,4,0,0,252,Adamant,5.74,0,252,0,0,0,252,Jolly,5.277,0,252,0,0,6,252,,,,,,,,,,,,,,,,
Slowbro,2023-11,Relaxed,61.018,252,0,216,0,40,0,Bold,13.155,252,0,252,0,4,0,Bold,12.421,252,0,252,4,0,0,Bold,6.092,248,0,212,0,48,0,Bold,4.243,248,0,252,0,8,0,,,,,,,,
Lycanroc,2023-11,Jolly,61.098,252,4,0,0,0,252,Adamant,34.559,0,252,0,0,4,252,,,,,,,,,,,,,,,,,,,,,,,,,,,,,,,,
Cloyster,2023-11,Adamant,54.25,0,252,0,0,4,252,Adamant,26.147,4,252,0,0,0,252,Jolly,12.875,0,0,252,0,0,252,Jolly,3.256,0,252,0,0,0,252,,,,,,,,,,,,,,,,
Indeedee-F,2023-11,Quiet,52.572,248,0,0,252,8,0,Timid,20.821,252,0,0,0,4,252,Timid,14.707,0,0,0,252,4,252,Timid,11.473,156,0,0,96,4,252,,,,,,,,,,,,,,,,
Haxorus,2023-11,Adamant,76.521,0,252,0,0,4,252,Jolly,12.827,0,0,48,0,208,252,Jolly,10.652,0,252,0,0,4,252,,,,,,,,,,,,,,,,,,,,,,,,
Tatsugiri,2023-11,Timid,85.232,0,0,0,252,4,252,Timid,7.874,0,0,0,252,0,252,Calm,5.021,252,0,0,0,252,0,,,,,,,,,,,,,,,,,,,,,,,,
Salamence,2023-11,Bold,55.999,252,0,60,196,0,0,Jolly,18.147,0,252,4,0,0,252,Jolly,17.025,0,252,0,0,4,252,Adamant,6.013,0,252,0,0,4,252,,,,,,,,,,,,,,,,
Hawlucha,2023-11,Jolly,64.936,0,252,0,0,4,252,Naughty,16.209,0,252,0,4,0,252,Adamant,10.817,0,252,0,0,4,252,Adamant,2.206,60,252,0,0,0,196,Adamant,2.149,0,252,28,0,0,228,,,,,,,,
Staraptor,2023-11,Jolly,51.527,252,0,0,0,4,252,Jolly,36.517,252,4,0,0,0,252,Jolly,7.24,252,0,0,0,0,252,,,,,,,,,,,,,,,,,,,,,,,,
Veluza,2023-11,Jolly,71.143,252,4,0,0,0,252,Jolly,16.144,252,0,0,0,0,252,Jolly,11.187,0,252,0,0,4,252,,,,,,,,,,,,,,,,,,,,,,,,
Politoed,2023-11,Modest,21.026,248,0,0,252,8,0,Calm,19.357,252,0,4,0,252,0,Calm,13.578,252,0,0,68,188,0,Calm,12.701,252,0,0,4,252,0,Bold,11.023,248,0,252,0,0,0,Calm,9.639,188,0,0,128,192,0
Golduck,2023-11,Modest,98.624,0,0,4,252,0,252,,,,,,,,,,,,,,,,,,,,,,,,,,,,,,,,,,,,,,,,
Sylveon,2023-11,Modest,81.899,252,0,0,252,4,0,Calm,6.414,244,0,0,60,204,0,Calm,4.211,252,0,40,0,216,0,Calm,2.76,252,0,0,4,252,0,,,,,,,,,,,,,,,,
Hattrem,2023-11,Calm,35.43,252,0,0,0,252,0,Quiet,19.086,252,0,0,252,4,0,Sassy,11.995,252,0,72,0,184,0,Sassy,10.04,252,0,252,0,4,0,Bold,8.422,252,0,4,0,252,0,Careful,5.483,252,4,0,0,252,0
Cetitan,2023-11,Jolly,21.705,84,252,0,0,0,172,Adamant,17.096,4,252,76,0,0,176,Adamant,12.524,88,252,0,0,0,168,Jolly,9.552,4,252,0,0,0,252,Adamant,7.029,0,252,0,0,4,252,Adamant,4.653,152,252,4,0,0,100
Infernape,2023-11,Jolly,64.8,0,252,0,0,4,252,Timid,16.912,0,0,0,252,4,252,Jolly,9.988,0,252,0,0,24,232,Jolly,6.534,4,252,0,0,0,252,,,,,,,,,,,,,,,,
Cacturne,2023-11,Adamant,88.183,0,252,4,0,0,252,Careful,11.817,252,4,0,0,252,0,,,,,,,,,,,,,,,,,,,,,,,,,,,,,,,,
Florges,2023-11,Calm,99.996,252,0,4,0,252,0,,,,,,,,,,,,,,,,,,,,,,,,,,,,,,,,,,,,,,,,
Krookodile,2023-11,Jolly,76.689,0,252,0,0,4,252,Jolly,9.888,4,252,0,0,0,252,Careful,9.638,252,4,0,0,252,0,,,,,,,,,,,,,,,,,,,,,,,,
Snorlax,2023-11,Adamant,85.426,0,252,4,0,252,0,Adamant,11.194,252,252,0,0,4,0,,,,,,,,,,,,,,,,,,,,,,,,,,,,,,,,
Gyarados,2023-11,Jolly,82.651,0,252,4,0,0,252,Adamant,10.981,0,252,0,0,4,252,Lonely,2.573,0,252,0,4,0,252,,,,,,,,,,,,,,,,,,,,,,,,
Abomasnow,2023-11,Modest,91.446,248,0,0,252,8,0,Quiet,6.441,220,0,56,212,20,0,,,,,,,,,,,,,,,,,,,,,,,,,,,,,,,,
Gurdurr,2023-11,Adamant,100,252,252,0,0,4,0,,,,,,,,,,,,,,,,,,,,,,,,,,,,,,,,,,,,,,,,
Vaporeon,2023-11,Bold,36.229,252,0,252,4,0,0,Careful,20.19,248,0,8,0,252,0,Bold,14.208,248,0,252,0,8,0,Sassy,10.818,252,0,24,0,232,0,Calm,8.756,252,0,0,0,252,4,Careful,6.57,252,0,4,0,252,0
Kilowattrel,2023-11,Timid,53.34,0,0,0,252,0,252,Timid,38.1,0,0,0,252,4,252,Timid,5.67,4,0,0,252,0,252,,,,,,,,,,,,,,,,,,,,,,,,
Mudsdale,2023-11,Impish,99.664,252,4,252,0,0,0,,,,,,,,,,,,,,,,,,,,,,,,,,,,,,,,,,,,,,,,
Hydreigon,2023-11,Timid,57.85,0,0,0,252,4,252,Modest,36.991,0,0,0,252,4,252,Modest,5.107,4,0,0,252,0,252,,,,,,,,,,,,,,,,,,,,,,,,
Victreebel,2023-11,Modest,63.293,0,0,0,252,4,252,Adamant,36.707,0,252,0,0,4,252,,,,,,,,,,,,,,,,,,,,,,,,,,,,,,,,
Scovillain,2023-11,Modest,100,0,0,0,252,4,252,,,,,,,,,,,,,,,,,,,,,,,,,,,,,,,,,,,,,,,,
Okidogi,2023-11,Careful,38.751,252,0,4,0,252,0,Impish,28.089,252,0,40,0,152,0,Adamant,12.997,252,44,212,0,0,0,Careful,11.697,128,128,0,0,252,0,Adamant,3.418,252,252,0,0,4,0,Adamant,2.102,252,252,4,0,0,0
Oricorio-Sensu,2023-11,Timid,99.966,252,0,0,4,0,252,,,,,,,,,,,,,,,,,,,,,,,,,,,,,,,,,,,,,,,,
Bronzong,2023-11,Sassy,34.666,252,0,0,0,252,0,Brave,24.409,248,96,0,0,164,0,Relaxed,22.684,252,0,252,4,0,0,Serious,13.186,252,0,252,0,4,0,Sassy,1.984,252,4,0,0,252,0,,,,,,,,
Pincurchin,2023-11,Impish,66.17,252,4,252,0,0,0,Bold,30.194,252,0,252,4,0,0,,,,,,,,,,,,,,,,,,,,,,,,,,,,,,,,
Tsareena,2023-11,Impish,32.083,252,4,252,0,0,0,Adamant,14.586,252,252,0,0,4,0,Impish,14.435,252,0,252,0,4,0,Adamant,13.074,240,252,0,0,4,12,Careful,8.279,252,0,0,0,172,84,Adamant,8.096,220,252,0,0,36,0
Bruxish,2023-11,Jolly,92.899,0,252,0,0,4,252,Impish,3.948,252,4,252,0,0,0,,,,,,,,,,,,,,,,,,,,,,,,,,,,,,,,
Avalugg-Hisui,2023-11,Adamant,36.106,252,252,0,0,0,0,Adamant,28.59,220,252,0,0,36,0,Brave,21.421,252,252,0,0,4,0,Impish,5.446,252,4,252,0,0,0,Relaxed,4.831,252,4,252,0,0,0,,,,,,,,
Cryogonal,2023-11,Timid,51.54,4,0,0,0,252,252,Hasty,26.57,248,8,0,0,0,252,Timid,9.203,0,0,0,252,4,252,Modest,5.833,248,0,0,252,8,0,Modest,4.837,252,0,0,252,4,0,,,,,,,,
Regidrago,2023-11,Jolly,39.839,0,252,0,0,4,252,Quiet,15.071,252,0,4,252,0,0,Modest,13.973,0,0,0,252,4,252,Hasty,9.959,0,0,0,252,0,252,Quiet,6.264,252,4,0,252,0,0,Naive,6.105,0,4,0,252,0,252
Morgrem,2023-11,Calm,71.744,252,0,104,0,152,0,Calm,23.598,252,0,4,0,252,0,,,,,,,,,,,,,,,,,,,,,,,,,,,,,,,,
Gengar,2023-11,Timid,65.272,0,0,0,252,4,252,Timid,20.622,252,0,0,4,0,252,Timid,7.991,0,0,4,252,0,252,Timid,2.866,64,0,0,192,0,252,,,,,,,,,,,,,,,,
Arcanine,2023-11,Impish,58.605,252,0,252,0,4,0,Impish,41.232,248,0,252,0,4,0,,,,,,,,,,,,,,,,,,,,,,,,,,,,,,,,
Uxie,2023-11,Calm,80.686,132,0,252,0,124,0,Bold,10.86,252,0,252,0,4,0,Careful,4.666,252,0,4,0,252,0,,,,,,,,,,,,,,,,,,,,,,,,
Frosmoth,2023-11,Modest,86.383,0,0,0,252,4,252,Hardy,13.598,252,0,132,36,88,0,,,,,,,,,,,,,,,,,,,,,,,,,,,,,,,,
Eelektross,2023-11,Sassy,97.267,252,16,0,0,240,0,,,,,,,,,,,,,,,,,,,,,,,,,,,,,,,,,,,,,,,,
Kricketune,2023-11,Jolly,53.842,252,0,0,0,4,252,Jolly,29.691,0,252,0,0,4,252,Jolly,9.212,248,0,4,0,4,252,Adamant,7.193,0,252,0,0,4,252,,,,,,,,,,,,,,,,
Weezing,2023-11,Bold,93.948,252,0,212,0,0,44,Bold,6.052,252,0,252,0,4,0,,,,,,,,,,,,,,,,,,,,,,,,,,,,,,,,
Carbink,2023-11,Bold,93.292,252,0,252,0,4,0,Sassy,6.705,248,0,0,8,252,0,,,,,,,,,,,,,,,,,,,,,,,,,,,,,,,,
Iron Jugulis,2023-11,Timid,56.936,0,0,4,252,0,252,Timid,24.285,0,0,0,252,4,252,Hardy,10.798,252,0,0,252,0,0,Timid,7.981,4,0,0,252,0,252,,,,,,,,,,,,,,,,
Slither Wing,2023-11,Brave,32.306,252,252,0,0,4,0,Adamant,28.009,0,252,0,0,4,252,Jolly,23.127,0,252,0,0,4,252,Brave,13.628,0,252,144,0,112,0,,,,,,,,,,,,,,,,
Ludicolo,2023-11,Timid,67.19,0,0,0,252,4,252,Modest,18.153,0,0,0,252,4,252,Calm,14.657,252,0,0,4,252,0,,,,,,,,,,,,,,,,,,,,,,,,
Sandslash,2023-11,Adamant,96.513,0,252,0,0,4,252,,,,,,,,,,,,,,,,,,,,,,,,,,,,,,,,,,,,,,,,
Brute Bonnet,2023-11,Brave,67.558,252,252,0,0,4,0,Impish,15.114,0,80,252,0,176,0,Adamant,9.886,0,252,0,0,4,252,Adamant,3.829,252,252,0,0,4,0,,,,,,,,,,,,,,,,