name,snapshot,teammate1,usage1,teammate2,usage2,teammate3,usage3,teammate4,usage4,teammate5,usage5,teammate6,usage6,teammate7,usage7,teammate8,usage8,teammate9,usage9,teammate10,usage10,teammate11,usage11,teammate12,usage12
Great Tusk,2023-11,Kingambit,36.856,Dragapult,32.989,Gholdengo,28.142,Rillaboom,19.840,Iron Valiant,19.080,Ogerpon-Wellspring,18.476,Heatran,17.488,Slowking-Galar,16.806,Zapdos,16.031,Dragonite,14.822,Iron Moth,14.497,,
Kingambit,2023-11,Great Tusk,38.419,Iron Valiant,29.757,Dragapult,29.723,Ogerpon-Wellspring,26.232,Iron Moth,25.816,Gholdengo,25.056,Rillaboom,19.500,Glimmora,15.696,Cinderace,14.543,Zamazenta,13.146,Slowking-Galar,11.945,,
Dragapult,2023-11,Great Tusk,45.486,Kingambit,39.314,Rillaboom,23.462,Iron Valiant,20.069,Gholdengo,16.662,Zapdos,16.508,Ogerpon-Wellspring,16.502,Gliscor,15.290,Clefable,14.628,Heatran,14.398,Landorus-Therian,12.515,,
Gholdengo,2023-11,Great Tusk,39.035,Kingambit,33.339,Iron Valiant,30.731,Ogerpon-Wellspring,23.539,Ribombee,22.516,Iron Moth,20.243,Dragonite,19.526,Samurott-Hisui,18.368,Dragapult,16.761,Manaphy,13.580,Zamazenta,13.372,,
Iron Valiant,2023-11,Kingambit,45.393,Gholdengo,35.231,Great Tusk,30.341,Ogerpon-Wellspring,26.613,Dragapult,23.145,Iron Moth,22.229,Dragonite,19.124,Glimmora,18.147,Rillaboom,17.143,Zamazenta,16.510,Samurott-Hisui,13.554,,
Ogerpon-Wellspring,2023-11,Kingambit,45.589,Great Tusk,33.471,Iron Moth,32.466,Gholdengo,30.745,Iron Valiant,30.319,Dragapult,21.683,Zamazenta,20.047,Zapdos,19.987,Cinderace,19.975,Glimmora,18.048,Ting-Lu,13.917,,
Rillaboom,2023-11,Sneasler,44.119,Great Tusk,39.376,Kingambit,37.125,Dragapult,33.770,Heatran,32.271,Iron Valiant,21.396,Hatterene,14.269,Gholdengo,13.362,Manaphy,12.584,Landorus-Therian,11.246,Cinderace,11.239,,
Iron Moth,2023-11,Kingambit,57.266,Ogerpon-Wellspring,41.439,Gholdengo,33.748,Great Tusk,33.523,Iron Valiant,32.325,Ribombee,22.698,Glimmora,21.915,Zamazenta,21.638,Dragapult,18.043,Manaphy,15.754,Dragonite,11.755,,
Zapdos,2023-11,Great Tusk,39.543,Ting-Lu,29.736,Dragapult,29.533,Slowking-Galar,27.454,Ogerpon-Wellspring,27.214,Kingambit,25.290,Gholdengo,22.630,Cinderace,21.901,Iron Valiant,19.841,Zamazenta,18.808,Samurott-Hisui,16.176,,
Cinderace,2023-11,Kingambit,34.470,Slowking-Galar,28.803,Ogerpon-Wellspring,27.243,Great Tusk,26.458,Zapdos,21.938,Iron Valiant,21.026,Dragapult,18.788,Ting-Lu,16.673,Gholdengo,16.033,Rillaboom,13.992,Landorus-Therian,13.209,,
Zamazenta,2023-11,Kingambit,33.477,Ogerpon-Wellspring,29.375,Iron Valiant,27.562,Gholdengo,25.592,Iron Moth,24.840,Zapdos,20.241,Glimmora,19.576,Ting-Lu,15.461,Clefable,15.106,Slowking-Galar,14.749,Great Tusk,14.702,,
Slowking-Galar,2023-11,Great Tusk,47.075,Cinderace,32.654,Kingambit,32.099,Zapdos,31.177,Dragapult,22.739,Ogerpon-Wellspring,19.623,Samurott-Hisui,19.515,Ting-Lu,15.887,Zamazenta,15.563,Iron Valiant,15.183,Gholdengo,14.183,,
Samurott-Hisui,2023-11,Gholdengo,38.093,Great Tusk,34.873,Kingambit,25.845,Dragapult,25.397,Iron Valiant,24.520,Slowking-Galar,20.041,Zapdos,18.864,Landorus-Therian,15.662,Zamazenta,14.971,Dragonite,14.586,Iron Moth,13.930,,
Dragonite,2023-11,Great Tusk,43.879,Gholdengo,41.673,Iron Valiant,35.602,Kingambit,28.238,Dragapult,17.561,Iron Moth,15.049,Samurott-Hisui,15.010,Enamorus,12.776,Zamazenta,12.373,Ogerpon-Wellspring,12.286,Walking Wake,11.455,,
Heatran,2023-11,Great Tusk,53.477,Rillaboom,49.724,Dragapult,31.932,Sneasler,30.203,Kingambit,21.352,Hatterene,19.989,Zamazenta,15.001,Ogerpon-Wellspring,13.555,Manaphy,12.777,Zapdos,12.700,Samurott-Hisui,11.737,,
Clefable,2023-11,Gliscor,40.342,Dragapult,33.093,Dondozo,21.041,Gholdengo,18.989,Great Tusk,18.806,Zamazenta,17.751,Mandibuzz,17.525,Blissey,17.237,Kingambit,17.045,Zapdos,16.920,Skeledirge,16.419,,
Gliscor,2023-11,Clefable,40.562,Dragapult,34.781,Gholdengo,22.697,Kingambit,20.946,Dondozo,19.576,Skeledirge,19.011,Iron Valiant,17.481,Milotic,17.438,Blissey,17.279,Mandibuzz,17.060,Toxapex,16.596,,
Sneasler,2023-11,Rillaboom,71.375,Heatran,31.711,Kingambit,27.895,Great Tusk,27.362,Dragapult,25.095,Iron Valiant,23.318,Gholdengo,20.784,Hatterene,19.305,Manaphy,17.796,Zamazenta,13.473,Samurott-Hisui,10.974,,
Ting-Lu,2023-11,Zapdos,41.914,Gholdengo,32.701,Dragapult,27.727,Ogerpon-Wellspring,26.710,Cinderace,23.462,Great Tusk,22.526,Zamazenta,20.250,Slowking-Galar,19.718,Iron Valiant,17.971,Corviknight,14.457,Clefable,13.943,,
Landorus-Therian,2023-11,Kingambit,35.604,Dragapult,32.626,Gholdengo,27.413,Iron Valiant,26.308,Great Tusk,22.223,Ogerpon-Wellspring,21.718,Rillaboom,20.367,Samurott-Hisui,19.570,Cinderace,19.216,Slowking-Galar,17.920,Zamazenta,12.731,,
Enamorus,2023-11,Kingambit,42.607,Great Tusk,40.350,Gholdengo,26.648,Dragapult,25.830,Ogerpon-Wellspring,23.102,Cinderace,19.018,Dragonite,17.768,Rillaboom,15.074,Heatran,14.197,Zamazenta,14.004,Iron Moth,13.375,,
Manaphy,2023-11,Ribombee,43.965,Gholdengo,41.724,Kingambit,38.307,Iron Moth,29.036,Rillaboom,27.024,Great Tusk,24.770,Sneasler,23.622,Heatran,17.807,Zamazenta,15.633,Ogerpon-Wellspring,14.576,Iron Valiant,12.502,,
Walking Wake,2023-11,Great Tusk,59.064,Torkoal,37.148,Kingambit,32.634,Iron Valiant,21.081,Iron Moth,18.657,Rillaboom,17.842,Dragonite,16.752,Hatterene,16.709,Gholdengo,16.225,Ceruledge,15.827,Dragapult,11.919,,
Glimmora,2023-11,Kingambit,66.396,Iron Valiant,50.323,Ogerpon-Wellspring,43.930,Iron Moth,41.792,Gholdengo,33.927,Zamazenta,32.518,Dragapult,17.065,Dragonite,16.770,Great Tusk,16.451,Rillaboom,14.977,Enamorus,13.974,,
Hatterene,2023-11,Rillaboom,32.782,Great Tusk,32.365,Heatran,29.804,Sneasler,27.414,Kingambit,20.354,Dragapult,17.708,Walking Wake,17.597,Torkoal,16.358,Zamazenta,15.383,Manaphy,13.328,Ursaluna,13.278,,
Corviknight,2023-11,Dragapult,26.891,Ting-Lu,19.882,Dondozo,17.839,Great Tusk,17.517,Clodsire,16.509,Iron Valiant,15.711,Ogerpon-Wellspring,15.496,Landorus-Therian,14.711,Slowking-Galar,13.963,Cinderace,13.822,Gliscor,13.747,,
Dondozo,2023-11,Blissey,38.556,Clefable,32.124,Toxapex,30.141,Gliscor,29.725,Great Tusk,26.210,Dragapult,20.263,Clodsire,18.128,Slowking-Galar,18.126,Corviknight,17.767,Cinderace,16.983,Alomomola,16.944,,
Ribombee,2023-11,Gholdengo,80.640,Manaphy,51.248,Kingambit,49.921,Iron Moth,48.763,Great Tusk,35.158,Ogerpon-Wellspring,30.908,Iron Valiant,15.853,Greninja,14.377,Dragonite,12.297,Samurott-Hisui,11.314,Ogerpon-Cornerstone,10.857,,
Amoonguss,2023-11,Great Tusk,37.151,Kingambit,31.883,Samurott-Hisui,24.494,Garganacl,22.186,Cinderace,20.751,Dragapult,20.232,Ting-Lu,19.131,Zapdos,15.722,Gholdengo,15.501,Iron Valiant,14.109,Weavile,13.859,,
Garganacl,2023-11,Great Tusk,44.243,Gholdengo,32.499,Kingambit,28.413,Iron Valiant,24.415,Amoonguss,22.972,Cinderace,20.751,Zapdos,19.317,Gliscor,16.635,Samurott-Hisui,16.588,Dragapult,15.914,Rillaboom,15.581,,
Greninja,2023-11,Kingambit,27.007,Iron Valiant,23.884,Great Tusk,22.595,Gholdengo,20.283,Pelipper,18.091,Landorus-Therian,16.959,Iron Moth,16.724,Ribombee,15.998,Rillaboom,15.961,Slowking-Galar,14.475,Cinderace,14.249,,
Alomomola,2023-11,Cinderace,33.946,Great Tusk,31.310,Kingambit,28.873,Slowking-Galar,28.294,Dondozo,24.185,Blissey,23.647,Thundurus-Therian,19.215,Clodsire,17.491,Ting-Lu,17.323,Dragapult,14.574,Amoonguss,13.994,,
Ceruledge,2023-11,Great Tusk,45.304,Kingambit,38.391,Walking Wake,25.363,Iron Valiant,23.853,Rillaboom,20.662,Gholdengo,17.508,Torkoal,16.786,Enamorus,15.997,Dragonite,14.988,Iron Moth,13.544,Hatterene,13.456,,
Toxapex,2023-11,Dondozo,43.643,Blissey,40.213,Great Tusk,39.460,Gliscor,36.489,Clefable,31.322,Gholdengo,21.479,Dragapult,21.167,Kingambit,16.250,Heatran,15.470,Iron Valiant,15.111,Tornadus-Therian,13.805,,
Garchomp,2023-11,Gholdengo,43.728,Kingambit,31.322,Iron Valiant,27.573,Great Tusk,23.291,Tornadus-Therian,15.540,Cinderace,15.227,Ogerpon-Wellspring,14.202,Iron Moth,13.929,Amoonguss,13.755,Dragonite,13.582,Dragapult,11.723,,
Skeledirge,2023-11,Dragapult,45.674,Gliscor,43.727,Clefable,37.972,Mandibuzz,37.310,Milotic,32.384,Great Tusk,16.918,Ting-Lu,13.871,Rillaboom,12.931,Zapdos,12.814,Corviknight,11.301,Zamazenta,10.602,,
Ogerpon-Cornerstone,2023-11,Great Tusk,39.161,Rillaboom,32.610,Kingambit,26.368,Dragapult,22.941,Iron Valiant,19.876,Samurott-Hisui,17.327,Gholdengo,17.076,Enamorus,16.635,Manaphy,16.603,Greninja,16.169,Ribombee,15.951,,
Blissey,2023-11,Dondozo,63.377,Toxapex,45.650,Clefable,43.258,Gliscor,43.128,Alomomola,27.233,Clodsire,19.937,Corviknight,18.281,Talonflame,15.000,Great Tusk,13.837,Tornadus-Therian,12.477,Dragapult,12.154,,
Weavile,2023-11,Kingambit,28.030,Garganacl,24.698,Samurott-Hisui,24.578,Amoonguss,23.091,Zapdos,21.985,Gliscor,20.200,Ting-Lu,20.010,Zamazenta,20.003,Maushold,19.235,Slowking-Galar,16.949,Corviknight,15.854,,
Mandibuzz,2023-11,Dragapult,58.523,Clefable,47.695,Gliscor,46.178,Skeledirge,43.908,Milotic,42.815,Dondozo,21.519,Great Tusk,19.293,Heatran,19.045,Hatterene,11.835,Slowking-Galar,11.826,Gholdengo,11.558,,
Maushold,2023-11,Kingambit,42.562,Samurott-Hisui,27.801,Great Tusk,25.846,Amoonguss,21.330,Dragonite,21.240,Garganacl,21.159,Weavile,20.020,Walking Wake,19.310,Enamorus,17.615,Rillaboom,15.700,Zamazenta,15.597,,
Clodsire,2023-11,Dondozo,34.252,Corviknight,31.068,Gholdengo,27.935,Great Tusk,26.338,Clefable,24.978,Alomomola,23.155,Blissey,22.917,Kingambit,20.816,Iron Valiant,18.665,Dragonite,18.377,Dragapult,16.119,,
Torkoal,2023-11,Walking Wake,91.197,Great Tusk,68.655,Kingambit,41.421,Hatterene,38.131,Ceruledge,25.714,Iron Moth,22.738,Lilligant-Hisui,14.519,Typhlosion-Hisui,14.374,Brute Bonnet,14.245,Meowscarada,13.904,Cinderace,12.413,,
Ursaluna,2023-11,Hatterene,31.716,Rillaboom,30.537,Kingambit,23.389,Sneasler,17.810,Zapdos,17.549,Dragapult,15.978,Iron Valiant,15.207,Enamorus,14.801,Cinderace,14.363,Ogerpon-Wellspring,14.188,Ting-Lu,13.480,,
Tornadus-Therian,2023-11,Great Tusk,33.763,Gholdengo,27.419,Clefable,25.058,Garchomp,23.992,Toxapex,22.135,Gliscor,19.819,Blissey,17.624,Amoonguss,16.937,Dragapult,16.648,Dondozo,16.460,Heatran,16.151,,
Meowscarada,2023-11,Great Tusk,39.485,Gholdengo,33.434,Slowking-Galar,21.794,Zapdos,20.107,Dragapult,19.504,Walking Wake,19.369,Kingambit,18.814,Hatterene,17.253,Iron Valiant,15.912,Torkoal,14.571,Garganacl,13.722,,
Iron Treads,2023-11,Iron Valiant,37.729,Gholdengo,29.179,Pelipper,26.315,Kingambit,25.470,Dragapult,24.502,Dragonite,20.178,Greninja,18.879,Zapdos,18.066,Enamorus,16.799,Rillaboom,16.685,Iron Moth,14.676,,
Thundurus-Therian,2023-11,Great Tusk,58.602,Kingambit,48.594,Cinderace,42.479,Slowking-Galar,37.751,Alomomola,35.165,Ogerpon-Wellspring,20.190,Gholdengo,18.372,Samurott-Hisui,14.191,Landorus-Therian,12.548,Corviknight,10.850,Amoonguss,10.055,,
Ninetales-Alola,2023-11,Kingambit,37.464,Great Tusk,29.056,Manaphy,28.874,Iron Moth,23.032,Gholdengo,19.126,Ogerpon-Wellspring,18.517,Dragonite,17.716,Iron Valiant,17.336,Rillaboom,15.137,Landorus-Therian,15.009,Dragapult,14.175,,
Pelipper,2023-11,Greninja,44.675,Zapdos,33.568,Manaphy,32.478,Barraskewda,32.309,Iron Treads,29.869,Basculegion,25.465,Amoonguss,23.812,Kingambit,20.567,Samurott-Hisui,19.875,Ogerpon-Wellspring,19.203,Ribombee,18.688,,
Weezing-Galar,2023-11,Dragapult,32.874,Zamazenta,22.835,Gliscor,22.067,Alomomola,21.758,Dragonite,20.408,Ting-Lu,19.889,Great Tusk,18.743,Weavile,17.412,Heatran,17.123,Corviknight,16.138,Muk-Alola,15.393,,
Sandy Shocks,2023-11,Kingambit,50.816,Iron Valiant,33.401,Dragapult,26.572,Rillaboom,23.407,Great Tusk,23.047,Gholdengo,22.911,Garchomp,19.701,Hawlucha,17.426,Zamazenta,16.622,Cinderace,16.021,Tornadus-Therian,14.561,,
Milotic,2023-11,Gliscor,79.458,Dragapult,75.138,Mandibuzz,72.073,Skeledirge,64.154,Clefable,61.333,Kingambit,11.732,Corviknight,10.230,Gholdengo,8.764,Weezing-Galar,8.485,Great Tusk,8.091,Enamorus,6.560,,
Moltres,2023-11,Great Tusk,54.593,Dragapult,42.574,Kingambit,36.499,Slowking-Galar,30.404,Rillaboom,28.240,Gholdengo,23.936,Ting-Lu,22.399,Ogerpon-Wellspring,22.074,Clefable,19.935,Garganacl,13.023,Zamazenta,10.516,,
Rotom-Wash,2023-11,Great Tusk,37.823,Kingambit,37.621,Dragapult,34.692,Gholdengo,33.146,Cinderace,24.876,Iron Valiant,21.476,Amoonguss,20.278,Corviknight,16.663,Rillaboom,16.423,Dragonite,16.265,Heatran,13.917,,
Goodra-Hisui,2023-11,Kingambit,35.691,Landorus-Therian,25.036,Iron Valiant,23.884,Samurott-Hisui,22.940,Great Tusk,21.530,Dragapult,19.348,Alomomola,19.213,Cinderace,19.045,Rillaboom,16.016,Tauros-Paldea-Blaze,15.894,Okidogi,12.926,,
Muk-Alola,2023-11,Great Tusk,71.271,Landorus-Therian,57.856,Rillaboom,56.949,Dragapult,55.362,Kingambit,43.204,Weezing-Galar,20.844,Dragonite,18.874,Walking Wake,18.510,Maushold,16.678,Cinderace,15.650,Zamazenta,14.654,,
Hawlucha,2023-11,Rillaboom,86.007,Dragapult,38.284,Kingambit,33.501,Great Tusk,31.786,Iron Valiant,29.267,Heatran,27.488,Sandy Shocks,24.047,Sneasler,15.810,Goodra-Hisui,13.578,Hatterene,10.348,Walking Wake,10.274,,
Kommo-o,2023-11,Gholdengo,27.594,Kingambit,26.024,Great Tusk,23.476,Iron Valiant,22.313,Dragapult,21.319,Ogerpon-Wellspring,19.160,Cinderace,17.804,Ninetales-Alola,17.523,Iron Moth,17.362,Landorus-Therian,16.560,Enamorus,16.245,,
Hoopa-Unbound,2023-11,Kingambit,27.971,Dragapult,26.987,Cinderace,26.507,Great Tusk,24.735,Gholdengo,22.330,Ursaluna,16.751,Hatterene,15.935,Clefable,14.276,Landorus-Therian,12.935,Iron Valiant,12.241,Zapdos,12.057,,
Tyranitar,2023-11,Rillaboom,50.853,Great Tusk,29.502,Samurott-Hisui,25.639,Heatran,25.455,Sinistcha,25.386,Ogerpon-Cornerstone,24.590,Corviknight,23.123,Dragapult,21.496,Garchomp,17.657,Iron Valiant,16.620,Sneasler,16.351,,
Iron Jugulis,2023-11,Iron Moth,73.097,Great Tusk,65.994,Ogerpon-Wellspring,60.474,Dragapult,58.844,Tinkaton,54.852,Iron Valiant,21.103,Kingambit,17.064,Glimmora,11.117,Greninja,10.329,Rillaboom,7.146,Manaphy,7.045,,
Scizor,2023-11,Great Tusk,36.774,Samurott-Hisui,23.556,Iron Valiant,22.334,Greninja,20.050,Rillaboom,19.684,Dragapult,17.524,Kingambit,16.951,Enamorus,16.145,Dragonite,15.471,Garchomp,14.077,Cinderace,13.076,,
Volcanion,2023-11,Dragapult,34.820,Great Tusk,29.866,Rillaboom,24.721,Clefable,23.717,Gliscor,23.319,Zapdos,20.717,Kingambit,20.701,Gholdengo,18.466,Zamazenta,18.005,Iron Valiant,17.056,Ting-Lu,16.670,,
Sinistcha,2023-11,Samurott-Hisui,39.257,Heatran,38.679,Rillaboom,34.679,Tyranitar,28.716,Great Tusk,20.528,Sneasler,18.717,Gholdengo,18.064,Cinderace,16.496,Gliscor,15.152,Kingambit,12.846,Dondozo,11.871,,
Empoleon,2023-11,Dragapult,50.548,Gliscor,47.579,Zapdos,39.030,Zamazenta,31.406,Great Tusk,31.376,Weavile,22.703,Dragonite,15.048,Kingambit,14.989,Amoonguss,13.236,Iron Valiant,12.938,Cinderace,12.937,,
Iron Hands,2023-11,Kingambit,33.025,Rillaboom,22.454,Landorus-Therian,21.172,Corviknight,21.071,Hatterene,18.469,Gholdengo,18.370,Cresselia,18.255,Ursaluna,18.220,Slowking-Galar,17.971,Greninja,17.888,Arcanine-Hisui,15.807,,
Cresselia,2023-11,Kingambit,41.731,Ursaluna,28.314,Hatterene,26.053,Iron Hands,18.792,Great Tusk,18.471,Hoopa-Unbound,15.398,Zapdos,15.047,Samurott-Hisui,14.604,Heatran,13.439,Garganacl,13.073,Sneasler,13.068,,
Ogerpon,2023-11,Rillaboom,27.446,Ting-Lu,27.385,Gholdengo,22.848,Corviknight,18.258,Great Tusk,17.434,Dragapult,16.232,Gliscor,16.020,Sneasler,15.833,Clefable,14.730,Samurott-Hisui,14.613,Skeledirge,14.024,,
Tinkaton,2023-11,Great Tusk,84.278,Dragapult,80.489,Ogerpon-Wellspring,73.561,Iron Moth,71.521,Iron Jugulis,67.772,Samurott-Hisui,9.456,Zapdos,7.248,Sneasler,6.354,Rillaboom,6.225,Slowking-Galar,5.219,Dragonite,4.892,,
Arcanine-Hisui,2023-11,Landorus-Therian,41.211,Corviknight,40.292,Great Tusk,36.809,Slowking-Galar,29.573,Ogerpon-Wellspring,26.956,Kingambit,23.581,Thundurus-Therian,21.063,Greninja,18.917,Garchomp,18.285,Iron Hands,16.654,Gholdengo,13.101,,
Azumarill,2023-11,Kingambit,36.750,Great Tusk,33.090,Dragonite,27.921,Gholdengo,27.760,Garchomp,23.129,Skeledirge,22.482,Iron Treads,21.845,Hatterene,20.787,Breloom,20.734,Meowscarada,18.630,Dragapult,18.241,,
Grimmsnarl,2023-11,Kingambit,38.782,Great Tusk,34.473,Gholdengo,27.565,Dragapult,26.500,Clefable,22.102,Glimmora,19.996,Dragonite,19.863,Ogerpon-Wellspring,13.526,Iron Moth,12.765,Corviknight,12.004,Ceruledge,11.400,,
Breloom,2023-11,Gholdengo,51.333,Ribombee,46.295,Kingambit,44.431,Iron Moth,43.184,Manaphy,41.209,Great Tusk,30.187,Hatterene,26.265,Dragonite,24.014,Azumarill,22.387,Skeledirge,22.105,Cinderace,10.881,,
Hydreigon,2023-11,Great Tusk,50.943,Gholdengo,35.457,Ogerpon-Wellspring,26.656,Iron Moth,26.509,Rillaboom,24.886,Slowking-Galar,20.817,Heatran,20.032,Samurott-Hisui,17.739,Sneasler,17.243,Iron Valiant,15.578,Dragapult,13.051,,
Slowking,2023-11,Zapdos,41.299,Zamazenta,38.314,Ting-Lu,31.628,Amoonguss,29.606,Gholdengo,27.154,Great Tusk,25.641,Gliscor,19.918,Kingambit,19.052,Cinderace,18.222,Clefable,17.909,Dragapult,17.506,,
Salamence,2023-11,Slowking-Galar,63.623,Samurott-Hisui,49.597,Gholdengo,49.531,Zamazenta,33.378,Maushold,26.976,Iron Valiant,25.026,Great Tusk,22.588,Ogerpon-Wellspring,19.271,Cinderace,18.775,Kingambit,18.731,Zapdos,17.200,,
Barraskewda,2023-11,Pelipper,97.066,Zapdos,57.909,Amoonguss,31.203,Iron Treads,27.474,Ogerpon-Wellspring,24.472,Greninja,22.508,Manaphy,20.987,Tornadus-Therian,14.437,Kingambit,13.974,Ting-Lu,12.608,Thundurus-Therian,12.448,,
Talonflame,2023-11,Blissey,79.421,Dondozo,74.421,Toxapex,67.120,Gliscor,64.885,Clefable,55.075,Clodsire,27.766,Alomomola,13.385,Cyclizar,12.630,Wo-Chien,10.707,Sinistcha,8.833,Chesnaught,5.759,,
Okidogi,2023-11,Iron Valiant,39.582,Kingambit,33.119,Goodra-Hisui,31.199,Great Tusk,27.409,Glimmora,24.597,Dragapult,22.632,Ogerpon-Wellspring,20.957,Yanmega,20.335,Zapdos,19.082,Garganacl,16.642,Ting-Lu,16.472,,
Quaquaval,2023-11,Gholdengo,30.243,Garganacl,25.980,Pelipper,21.474,Amoonguss,19.417,Garchomp,17.422,Iron Treads,16.151,Greninja,16.105,Sinistcha,14.666,Iron Valiant,13.952,Tornadus-Therian,13.871,Basculegion,13.334,,
Basculegion,2023-11,Pelipper,87.184,Greninja,59.254,Iron Treads,53.062,Kingambit,35.959,Amoonguss,34.974,Zapdos,29.859,Manaphy,16.279,Quaquaval,14.037,Rillaboom,12.583,Toxicroak,10.561,Iron Jugulis,10.561,,
Enamorus-Therian,2023-11,Ogerpon-Wellspring,40.851,Rillaboom,36.490,Landorus-Therian,34.938,Skeledirge,29.286,Greninja,29.060,Kingambit,24.222,Great Tusk,21.798,Ursaluna,19.025,Dragapult,16.995,Cresselia,13.892,Gholdengo,12.494,,
Lilligant-Hisui,2023-11,Walking Wake,76.960,Torkoal,75.555,Great Tusk,60.673,Iron Moth,38.378,Kingambit,38.256,Hatterene,24.696,Ceruledge,20.596,Cinderace,11.213,Enamorus,7.526,Dragapult,7.119,Corviknight,7.066,,
Armarouge,2023-11,Indeedee,69.378,Polteageist,66.937,Hatterene,64.036,Sneasler,50.457,Maushold,44.676,Cinderace,24.820,Rillaboom,17.507,Ogerpon-Wellspring,17.013,Iron Treads,14.764,Ogerpon-Cornerstone,13.121,Iron Valiant,11.475,,
Polteageist,2023-11,Indeedee,72.021,Armarouge,67.504,Hatterene,67.453,Maushold,58.525,Sneasler,40.925,Cinderace,29.738,Zamazenta,23.101,Ogerpon-Wellspring,16.212,Ninetales-Alola,12.276,Gholdengo,11.050,Ceruledge,10.275,,
Indeedee,2023-11,Polteageist,75.765,Hatterene,74.432,Armarouge,73.603,Maushold,55.276,Sneasler,47.221,Cinderace,29.850,Ogerpon-Wellspring,21.701,Hawlucha,15.141,Zamazenta,8.732,Azelf,6.818,Great Tusk,5.882,,
Cyclizar,2023-11,Alomomola,66.545,Blissey,64.553,Clodsire,50.109,Dondozo,41.300,Goodra-Hisui,24.264,Wo-Chien,24.160,Talonflame,18.347,Toxapex,14.109,Gholdengo,13.558,Weezing-Galar,11.984,Landorus-Therian,10.008,,
Brute Bonnet,2023-11,Walking Wake,91.784,Torkoal,86.277,Great Tusk,76.027,Cinderace,39.616,Hatterene,31.913,Ceruledge,22.528,Charizard,19.723,Iron Moth,18.683,Sandy Shocks,18.276,Kingambit,11.953,Ninetales,10.467,,
Typhlosion-Hisui,2023-11,Hatterene,89.914,Torkoal,88.100,Walking Wake,87.662,Meowscarada,79.829,Great Tusk,47.172,Ting-Lu,40.518,Landorus-Therian,5.376,Samurott-Hisui,4.552,Corviknight,3.976,Muk-Alola,3.686,Iron Valiant,3.534,,
Crawdaunt,2023-11,Kingambit,36.275,Zapdos,27.934,Ursaluna,24.075,Hatterene,19.880,Slowking-Galar,19.661,Dragapult,19.031,Pelipper,18.936,Rillaboom,18.833,Great Tusk,15.702,Cinderace,15.079,Iron Valiant,14.135,,
Jirachi,2023-11,Kingambit,36.865,Ogerpon-Wellspring,34.347,Great Tusk,26.372,Iron Valiant,24.421,Landorus-Therian,21.856,Dragonite,20.907,Manaphy,14.446,Gholdengo,12.593,Mandibuzz,12.581,Slowking-Galar,11.524,Cinderace,11.135,,
Ditto,2023-11,Blissey,39.044,Gliscor,33.333,Toxapex,26.422,Dondozo,23.921,Clefable,23.118,Amoonguss,19.212,Alomomola,17.480,Dragapult,17.374,Manaphy,15.794,Kingambit,14.839,Coalossal,13.700,,
Zoroark-Hisui,2023-11,Great Tusk,30.544,Corviknight,28.164,Dragonite,25.684,Kingambit,23.991,Ogerpon-Wellspring,20.000,Slowking-Galar,16.208,Lokix,14.297,Alomomola,14.190,Dragapult,13.980,Ting-Lu,13.847,Meowscarada,12.871,,
Tauros-Paldea-Blaze,2023-11,Kingambit,77.389,Landorus-Therian,74.097,Samurott-Hisui,73.923,Dragapult,68.836,Goodra-Hisui,67.246,Slowking-Galar,17.424,Ogerpon-Cornerstone,16.266,Great Tusk,13.978,Gholdengo,10.003,Grimmsnarl,9.713,Clodsire,9.557,,
Mew,2023-11,Great Tusk,34.718,Gholdengo,27.692,Grimmsnarl,21.787,Kingambit,19.466,Zamazenta,19.197,Garchomp,15.360,Dragapult,15.023,Cinderace,14.474,Dragonite,14.026,Iron Valiant,13.327,Iron Moth,13.060,,
Mamoswine,2023-11,Iron Valiant,24.948,Gholdengo,24.200,Cinderace,22.183,Iron Moth,18.352,Zapdos,18.274,Corviknight,17.795,Dragapult,16.883,Manaphy,16.748,Kingambit,16.398,Ninetales-Alola,15.317,Ogerpon-Wellspring,15.297,,
Lokix,2023-11,Ogerpon-Wellspring,29.535,Iron Valiant,27.259,Cinderace,25.963,Corviknight,22.921,Sneasler,20.488,Alomomola,20.455,Zoroark-Hisui,17.041,Greninja,16.917,Gholdengo,15.869,Great Tusk,15.322,Rillaboom,14.964,,
Yanmega,2023-11,Iron Valiant,61.337,Okidogi,44.343,Goodra-Hisui,43.286,Kingambit,37.272,Great Tusk,30.375,Garganacl,30.050,Glimmora,29.093,Ribombee,23.238,Ting-Lu,20.113,Gholdengo,17.736,Ogerpon-Wellspring,16.546,,
Fezandipiti,2023-11,Dragapult,48.489,Iron Valiant,40.263,Landorus-Therian,40.208,Great Tusk,38.860,Skeledirge,37.446,Ogerpon-Wellspring,34.406,Samurott-Hisui,31.580,Kingambit,22.980,Dragonite,20.624,Zapdos,20.488,Heatran,15.302,,
Regidrago,2023-11,Great Tusk,71.806,Iron Moth,57.697,Gholdengo,53.723,Ribombee,51.677,Dragonite,49.599,Kingambit,13.780,Hatterene,8.646,Slowking-Galar,7.904,Ceruledge,7.097,Corviknight,6.840,Samurott-Hisui,6.761,,
Chesnaught,2023-11,Dondozo,36.231,Clefable,32.729,Gholdengo,27.721,Gastrodon,23.777,Clodsire,23.101,Slowking,21.377,Great Tusk,21.022,Dragapult,20.446,Slowking-Galar,15.877,Azumarill,15.433,Talonflame,14.265,,
Haxorus,2023-11,Kingambit,39.002,Ceruledge,35.376,Ninetales-Alola,25.245,Great Tusk,23.915,Iron Valiant,22.668,Ogerpon-Wellspring,21.959,Gholdengo,20.353,Glimmora,20.238,Dragapult,19.605,Iron Moth,17.460,Ribombee,12.913,,
Gastrodon,2023-11,Gholdengo,40.878,Dragapult,35.456,Corviknight,28.516,Chesnaught,24.806,Great Tusk,24.579,Clefable,23.975,Mandibuzz,21.471,Zapdos,19.266,Ogerpon-Wellspring,15.824,Azumarill,14.786,Cinderace,14.288,,
Infernape,2023-11,Gholdengo,61.717,Ribombee,57.305,Landorus-Therian,50.781,Manaphy,50.306,Kommo-o,36.333,Kingambit,23.596,Great Tusk,21.003,Dragapult,10.078,Dragonite,8.625,Walking Wake,8.505,Iron Valiant,7.600,,
Zarude,2023-11,Great Tusk,71.568,Slowking-Galar,55.081,Heatran,53.352,Dondozo,52.747,Staraptor,51.387,Corviknight,14.681,Torkoal,14.478,Iron Moth,13.529,Clodsire,12.595,Gholdengo,11.685,Weezing-Galar,11.220,,
Gyarados,2023-11,Great Tusk,47.586,Dragapult,31.426,Iron Valiant,27.109,Kingambit,23.800,Greninja,20.632,Rillaboom,19.781,Sneasler,18.432,Dragonite,17.565,Hatterene,15.631,Ceruledge,14.887,Grimmsnarl,14.041,,
Zapdos-Galar,2023-11,Gholdengo,46.372,Garchomp,35.124,Great Tusk,30.137,Weezing-Galar,29.758,Goodra-Hisui,26.454,Iron Valiant,18.142,Dragapult,17.581,Kingambit,14.208,Ogerpon-Wellspring,13.492,Muk-Alola,13.161,Heatran,13.052,,
Ninetales,2023-11,Walking Wake,89.052,Great Tusk,76.236,Skeledirge,51.040,Amoonguss,46.424,Zapdos,45.093,Cinderace,33.815,Hatterene,26.998,Brute Bonnet,19.572,Dragonite,10.348,Fezandipiti,8.700,Greninja,8.614,,
Wo-Chien,2023-11,Alomomola,65.212,Blissey,54.729,Cyclizar,48.383,Clodsire,31.732,Talonflame,31.149,Gliscor,19.179,Iron Valiant,18.998,Skeledirge,18.069,Corviknight,17.840,Weezing-Galar,17.664,Great Tusk,17.057,,
Toedscruel,2023-11,Pelipper,34.573,Ogerpon-Wellspring,32.408,Pawmot,29.030,Floatzel,28.934,Golduck,27.904,Iron Moth,27.712,Kingambit,24.020,Azumarill,19.751,Kommo-o,18.629,Thundurus-Therian,17.414,Iron Valiant,15.805,,
Scream Tail,2023-11,Walking Wake,45.926,Torkoal,43.138,Great Tusk,41.077,Ursaluna,19.722,Cinderace,18.054,Kingambit,14.660,Hatterene,13.669,Slither Wing,12.836,Brute Bonnet,12.696,Ceruledge,11.647,Dondozo,11.259,,
Torterra,2023-11,Iron Moth,44.247,Ribombee,41.053,Gholdengo,40.313,Great Tusk,32.017,Walking Wake,25.202,Ninetales-Alola,23.414,Rillaboom,16.730,Ceruledge,14.576,Kingambit,13.176,Quaquaval,13.060,Haxorus,12.974,,
Munkidori,2023-11,Dragapult,49.049,Great Tusk,45.147,Samurott-Hisui,40.838,Zapdos,33.998,Gholdengo,32.433,Clefable,18.685,Ogerpon-Wellspring,17.136,Kingambit,16.204,Landorus-Therian,12.755,Zamazenta,11.909,Ting-Lu,11.530,,
Gengar,2023-11,Dragonite,30.927,Kingambit,20.055,Great Tusk,18.907,Meowscarada,18.275,Hatterene,18.174,Maushold,16.477,Garchomp,16.459,Zoroark-Hisui,15.856,Rillaboom,15.432,Cinderace,14.163,Slowking,12.482,,
Conkeldurr,2023-11,Cinderace,36.094,Enamorus,34.310,Slowking-Galar,33.569,Ting-Lu,29.331,Great Tusk,23.136,Salamence,18.617,Dragonite,17.810,Hatterene,17.769,Kingambit,14.366,Zapdos,14.038,Heatran,13.192,,
Staraptor,2023-11,Great Tusk,72.830,Heatran,62.914,Dondozo,60.181,Slowking-Galar,59.935,Zarude,59.909,Kingambit,18.209,Cinderace,14.105,Dragonite,11.467,Iron Valiant,9.143,Gengar,8.178,Veluza,7.471,,
Kleavor,2023-11,Gholdengo,36.873,Samurott-Hisui,23.880,Great Tusk,22.104,Greninja,16.243,Zapdos,13.407,Kingambit,13.242,Rillaboom,12.966,Dragapult,12.201,Iron Valiant,11.904,Iron Moth,11.655,Pelipper,11.448,,
Magnezone,2023-11,Great Tusk,30.330,Ogerpon-Wellspring,24.310,Rillaboom,21.418,Dragonite,19.245,Dragapult,17.342,Toxapex,15.846,Kingambit,15.131,Sneasler,13.276,Amoonguss,12.844,Hatterene,12.431,Gholdengo,12.134,,
Azelf,2023-11,Kingambit,43.153,Iron Valiant,37.835,Iron Moth,35.782,Great Tusk,23.920,Gholdengo,18.447,Ceruledge,18.272,Ninetales-Alola,17.820,Indeedee,16.669,Dragonite,15.887,Torterra,14.084,Haxorus,13.951,,
Moltres-Galar,2023-11,Great Tusk,40.048,Ninetales-Alola,36.383,Manaphy,28.982,Scizor,26.215,Rillaboom,24.398,Sneasler,24.031,Dragapult,23.498,Iron Valiant,23.464,Ogerpon-Wellspring,19.129,Iron Moth,16.174,Maushold,14.414,,
Basculegion-F,2023-11,Pelipper,75.042,Amoonguss,39.462,Iron Treads,38.626,Zapdos,34.961,Kingambit,26.290,Barraskewda,21.967,Greninja,18.179,Corviknight,17.245,Goodra-Hisui,13.211,Landorus-Therian,12.412,Garchomp,11.780,,
Pawmot,2023-11,Pelipper,48.979,Ogerpon-Wellspring,35.400,Floatzel,34.737,Toedscruel,34.449,Golduck,33.065,Samurott-Hisui,19.689,Sinistcha,15.484,Rillaboom,15.101,Iron Valiant,14.901,Tyranitar,13.886,Barraskewda,13.767,,
Slowbro-Galar,2023-11,Iron Hands,39.899,Kingambit,37.839,Ninetales-Alola,36.674,Cresselia,24.036,Enamorus-Therian,22.418,Grimmsnarl,21.099,Ursaluna,21.045,Manaphy,20.894,Maushold,17.954,Landorus-Therian,17.191,Sneasler,12.468,,
Articuno-Galar,2023-11,Ninetales-Alola,78.799,Manaphy,76.630,Klefki,73.846,Landorus-Therian,48.827,Sneasler,44.737,Maushold,39.735,Lilligant-Hisui,13.385,Dragapult,12.488,Dragonite,9.098,Iron Valiant,7.818,Great Tusk,7.811,,
Klefki,2023-11,Manaphy,77.280,Ninetales-Alola,76.068,Articuno-Galar,76.067,Landorus-Therian,49.882,Sneasler,47.999,Maushold,41.251,Lilligant-Hisui,13.795,Gholdengo,10.225,Ogerpon-Cornerstone,8.442,Great Tusk,8.374,Hawlucha,8.313,,
Pincurchin,2023-11,Iron Valiant,95.979,Iron Moth,70.037,Sneasler,59.135,Iron Treads,37.578,Iron Leaves,26.090,Iron Jugulis,25.132,Gholdengo,23.772,Great Tusk,22.884,Hatterene,19.980,Landorus-Therian,18.545,Iron Hands,17.274,,
Slither Wing,2023-11,Torkoal,60.113,Walking Wake,51.777,Great Tusk,35.951,Gholdengo,23.318,Scream Tail,19.922,Brute Bonnet,19.607,Kingambit,18.350,Hatterene,15.994,Ogerpon-Cornerstone,15.385,Landorus-Therian,14.859,Greninja,14.083,,
Floatzel,2023-11,Pelipper,95.555,Ogerpon-Wellspring,54.981,Golduck,50.458,Pawmot,48.177,Toedscruel,47.618,Zapdos,16.968,Kingambit,14.354,Great Tusk,10.358,Amoonguss,9.727,Greninja,9.588,Manaphy,8.079,,
Charizard,2023-11,Torkoal,91.614,Walking Wake,89.801,Great Tusk,79.409,Cinderace,66.430,Brute Bonnet,65.831,Garchomp,10.143,Clefable,9.361,Hatterene,8.991,Maushold,8.837,Dragapult,5.587,Lilligant-Hisui,4.170,,
Thundurus,2023-11,Kingambit,45.390,Dragapult,36.848,Gliscor,25.038,Gholdengo,23.154,Alomomola,23.051,Skeledirge,22.470,Great Tusk,18.858,Iron Moth,18.603,Ribombee,13.866,Ogerpon-Wellspring,13.656,Manaphy,12.972,,
Overqwil,2023-11,Pelipper,71.766,Zapdos,60.884,Iron Treads,59.601,Rillaboom,40.768,Poliwrath,29.634,Basculegion,12.818,Kingambit,12.765,Barraskewda,11.491,Politoed,11.004,Ludicolo,9.905,Landorus-Therian,9.125,,
Toxicroak,2023-11,Pelipper,95.825,Greninja,65.005,Iron Treads,61.319,Basculegion,54.727,Kingambit,50.576,Barraskewda,40.033,Thundurus-Therian,32.139,Ogerpon-Wellspring,27.386,Maushold,25.573,Zapdos,9.981,Avalugg,5.139,,
Dudunsparce,2023-11,Gholdengo,62.402,Walking Wake,61.904,Great Tusk,61.574,Iron Valiant,60.697,Rillaboom,27.950,Hawlucha,27.661,Mew,25.700,Iron Moth,24.719,Amoonguss,24.672,Sneasler,23.959,Dragonite,19.219,,
Salazzle,2023-11,Great Tusk,75.156,Toxapex,64.436,Garganacl,64.276,Cresselia,62.342,Zapdos,62.253,Kingambit,21.362,Greninja,15.424,Dragapult,12.652,Wo-Chien,11.361,Alomomola,9.995,Gliscor,8.695,,
Gardevoir,2023-11,Cinderace,43.893,Rillaboom,36.968,Iron Treads,25.857,Weavile,24.044,Iron Hands,24.031,Volcanion,23.980,Dragonite,20.591,Kingambit,19.780,Gengar,13.842,Staraptor,13.580,Great Tusk,10.741,,
Iron Thorns,2023-11,Ninetales-Alola,45.845,Dragapult,36.391,Ogerpon-Wellspring,30.767,Glimmora,29.823,Gholdengo,28.690,Great Tusk,27.152,Meowscarada,22.227,Kingambit,21.349,Manaphy,20.772,Samurott-Hisui,19.023,Iron Valiant,18.039,,
Chandelure,2023-11,Great Tusk,56.204,Kingambit,46.213,Ogerpon-Wellspring,36.851,Zapdos,32.883,Greninja,26.522,Iron Valiant,22.167,Rillaboom,20.502,Hatterene,16.654,Sneasler,11.169,Ribombee,9.148,Tornadus-Therian,8.629,,
Ambipom,2023-11,Landorus-Therian,78.524,Cinderace,72.869,Greninja,72.077,Zamazenta,71.090,Slowking-Galar,54.357,Clefable,23.900,Kingambit,12.346,Dragapult,6.999,Iron Moth,6.041,Hoopa-Unbound,5.865,Gliscor,5.496,,
Mimikyu,2023-11,Hatterene,51.130,Hoopa-Unbound,27.397,Ursaluna,26.083,Torkoal,24.259,Rillaboom,17.289,Cresselia,15.445,Kingambit,15.368,Iron Hands,14.744,Enamorus-Therian,13.498,Dragapult,12.152,Sneasler,10.849,,
Frosmoth,2023-11,Cinderace,59.181,Ceruledge,38.427,Ninetales-Alola,30.300,Samurott-Hisui,29.221,Corviknight,28.494,Slowking-Galar,27.050,Mamoswine,26.235,Kommo-o,22.317,Enamorus,18.992,Grimmsnarl,14.802,Ogerpon-Wellspring,14.613,,
Politoed,2023-11,Greninja,67.309,Basculegion,64.301,Landorus-Therian,60.680,Rillaboom,57.700,Iron Jugulis,53.997,Iron Treads,22.371,Zapdos,20.334,Overqwil,15.489,Ludicolo,14.433,Cyclizar,10.543,Amoonguss,7.972,,
Toxtricity,2023-11,Ceruledge,42.905,Samurott-Hisui,38.892,Corviknight,37.422,Cinderace,34.568,Hatterene,24.497,Weavile,20.193,Ogerpon-Wellspring,19.098,Dragonite,16.644,Kingambit,15.254,Ninetales-Alola,15.140,Ursaluna,13.936,,
Forretress,2023-11,Alomomola,24.661,Amoonguss,19.344,Blissey,19.203,Ditto,18.304,Coalossal,18.257,Iron Valiant,17.581,Pelipper,17.142,Manaphy,16.291,Gholdengo,15.458,Iron Jugulis,15.345,Zamazenta,14.910,,
Iron Leaves,2023-11,Iron Valiant,52.912,Pincurchin,45.548,Iron Moth,39.908,Landorus-Therian,31.280,Iron Jugulis,21.401,Great Tusk,20.962,Raichu-Alola,20.270,Kingambit,20.000,Iron Treads,17.388,Cinderace,16.725,Slowking-Galar,16.439,,
Braviary-Hisui,2023-11,Great Tusk,24.987,Gholdengo,22.797,Kingambit,22.095,Ribombee,21.584,Landorus-Therian,21.216,Clefable,18.273,Samurott-Hisui,15.230,Chesnaught,14.525,Rillaboom,14.503,Iron Treads,14.217,Pelipper,14.103,,
Drifblim,2023-11,Rillaboom,49.867,Kingambit,33.138,Heatran,30.581,Iron Moth,27.973,Samurott-Hisui,25.646,Quaquaval,21.229,Dragapult,19.386,Great Tusk,16.399,Gholdengo,15.670,Muk-Alola,14.968,Ogerpon-Cornerstone,14.960,,
Sandslash-Alola,2023-11,Ninetales-Alola,82.898,Landorus-Therian,68.943,Slowking-Galar,66.738,Dragonite,65.314,Cinderace,58.234,Great Tusk,10.920,Kingambit,9.911,Walking Wake,8.309,Enamorus,7.582,Zamazenta,6.732,Hatterene,5.782,,
Gallade,2023-11,Cinderace,41.391,Sneasler,36.914,Manaphy,35.688,Ursaluna,34.224,Rillaboom,33.606,Iron Moth,17.301,Great Tusk,15.715,Kingambit,14.563,Glimmora,13.301,Gardevoir,13.228,Corviknight,12.578,,
Brambleghast,2023-11,Samurott-Hisui,33.633,Slowking-Galar,31.250,Salamence,24.841,Ogerpon-Cornerstone,24.516,Tauros-Paldea-Blaze,24.155,Great Tusk,17.733,Ting-Lu,15.653,Enamorus,15.457,Heatran,13.799,Scizor,13.380,Tornadus,12.638,,
Golduck,2023-11,Pelipper,96.629,Floatzel,94.174,Toedscruel,85.712,Pawmot,85.588,Ogerpon-Wellspring,85.349,Zapdos,5.031,Scizor,3.751,Quaquaval,3.681,Kilowattrel,3.646,Weezing-Galar,3.422,Heatran,3.412,,
Sylveon,2023-11,Gholdengo,58.737,Landorus-Therian,54.735,Dragonite,53.048,Cinderace,49.484,Ogerpon-Wellspring,49.444,Great Tusk,12.241,Rillaboom,9.856,Glimmora,9.562,Meowscarada,9.486,Goodra-Hisui,7.700,Empoleon,6.982,,
Scovillain,2023-11,Torkoal,94.683,Great Tusk,89.744,Walking Wake,84.103,Cinderace,31.735,Brute Bonnet,29.209,Rillaboom,28.317,Hatterene,22.936,Mandibuzz,19.325,Dragonite,16.088,Kingambit,10.986,Slither Wing,9.952,,
Glastrier,2023-11,Ursaluna,59.127,Torkoal,37.584,Slowking-Galar,33.434,Walking Wake,30.427,Hatterene,25.177,Scream Tail,25.074,Hoopa-Unbound,19.380,Cresselia,18.243,Kingambit,14.522,Ninetales-Alola,13.265,Meowscarada,11.044,,
Coalossal,2023-11,Blissey,87.402,Alomomola,87.306,Ditto,86.782,Amoonguss,86.781,Gliscor,62.439,Forretress,22.695,Rillaboom,3.326,Sneasler,2.638,Gholdengo,2.486,Kingambit,2.390,Gengar,2.330,,
Kilowattrel,2023-11,Glimmora,35.601,Ceruledge,34.855,Goodra-Hisui,34.261,Gastrodon,34.060,Chesnaught,33.362,Pelipper,27.802,Dragapult,13.008,Great Tusk,12.651,Iron Treads,11.667,Scizor,10.386,Ogerpon-Wellspring,8.735,,
Vikavolt,2023-11,Great Tusk,61.372,Gholdengo,56.994,Kommo-o,52.241,Enamorus,49.788,Iron Moth,45.858,Dragapult,13.521,Samurott-Hisui,7.742,Heatran,7.644,Glimmora,7.420,Hatterene,6.623,Ninetales-Alola,6.320,,
Espeon,2023-11,Great Tusk,28.283,Dragapult,15.803,Tornadus-Therian,14.235,Amoonguss,13.400,Iron Valiant,10.795,Ting-Lu,10.497,Empoleon,10.456,Corviknight,10.348,Gholdengo,9.893,Indeedee,9.434,Ribombee,8.994,,
Shiftry,2023-11,Iron Moth,45.351,Gholdengo,44.046,Rillaboom,43.870,Ursaluna,42.927,Tornadus-Therian,38.510,Kingambit,17.509,Walking Wake,14.671,Hoopa-Unbound,14.327,Zamazenta,11.804,Enamorus,11.667,Cinderace,10.119,,
Donphan,2023-11,Zapdos,64.491,Zamazenta,61.485,Cinderace,61.443,Ogerpon-Wellspring,59.145,Goodra-Hisui,59.040,Dragapult,16.989,Gholdengo,11.854,Dragonite,8.626,Greninja,8.307,Kingambit,7.903,Corviknight,7.736,,
Cloyster,2023-11,Great Tusk,36.167,Corviknight,22.993,Heatran,22.838,Ninetales-Alola,19.885,Rillaboom,18.643,Dragapult,17.214,Zapdos,15.853,Gholdengo,15.512,Landorus-Therian,15.177,Slowking-Galar,13.702,Kingambit,12.023,,
Chansey,2023-11,Hatterene,58.112,Corviknight,43.410,Dragapult,42.371,Dondozo,40.594,Slowking-Galar,26.337,Great Tusk,25.078,Kingambit,23.819,Scyther,20.552,Toxapex,16.488,Weavile,12.880,Clodsire,9.419,,
Ludicolo,2023-11,Pelipper,73.509,Iron Treads,72.542,Zapdos,37.060,Greninja,25.896,Politoed,22.729,Crawdaunt,22.511,Overqwil,21.956,Basculegion-F,19.864,Amoonguss,19.080,Zamazenta,16.710,Cyclizar,16.540,,
Jolteon,2023-11,Slowking-Galar,56.043,Great Tusk,55.780,Mandibuzz,52.491,Dondozo,49.847,Heatran,41.743,Dragapult,14.102,Landorus-Therian,12.557,Cinderace,11.943,Scizor,11.195,Grimmsnarl,9.555,Grafaiai,8.562,,
Lilligant,2023-11,Torkoal,90.960,Walking Wake,90.583,Hatterene,87.956,Kingambit,86.868,Landorus-Therian,80.692,Great Tusk,11.250,Iron Moth,6.023,Gholdengo,5.127,Dragonite,5.070,Iron Valiant,4.974,Sandy Shocks,4.352,,
Rabsca,2023-11,Hatterene,92.688,Ursaluna,92.669,Crawdaunt,88.640,Iron Valiant,88.565,Kingambit,87.966,Torkoal,2.554,Zoroark,2.230,Kilowattrel,2.230,Klefki,2.230,Coalossal,2.230,Haunter,2.230,,
Hippowdon,2023-11,Rillaboom,58.302,Glimmora,45.982,Houndstone,43.315,Greninja,41.163,Sneasler,28.441,Mandibuzz,20.426,Diancie,18.258,Empoleon,15.303,Hawlucha,14.419,Gengar,14.296,Gholdengo,12.804,,
Houndstone,2023-11,Rillaboom,51.796,Glimmora,43.583,Hippowdon,43.494,Tyranitar,43.244,Greninja,41.631,Sneasler,32.587,Slowking-Galar,24.036,Iron Valiant,23.197,Zapdos,21.968,Kingambit,20.016,Great Tusk,14.354,,
Glaceon,2023-11,Great Tusk,82.854,Slowking-Galar,63.558,Enamorus,60.174,Meowscarada,54.475,Walking Wake,54.247,Slowking,23.520,Cinderace,17.113,Mandibuzz,16.113,Goodra-Hisui,16.104,Dragapult,8.031,Kingambit,7.837,,
Slowbro,2023-11,Ting-Lu,32.075,Cinderace,23.791,Iron Valiant,23.262,Gholdengo,19.891,Landorus-Therian,19.128,Great Tusk,16.984,Amoonguss,16.951,Heatran,16.382,Zamazenta,15.638,Moltres,14.910,Tinkaton,13.906,,
Lucario,2023-11,Slowking-Galar,42.723,Dragapult,30.893,Landorus-Therian,26.686,Clefable,25.228,Rotom-Wash,24.024,Kingambit,22.533,Great Tusk,19.071,Ogerpon-Wellspring,18.905,Iron Moth,14.649,Glimmora,13.869,Dragonite,13.673,,
Bellibolt,2023-11,Great Tusk,71.647,Dragapult,66.712,Muk-Alola,42.154,Moltres,35.635,Clefable,23.526,Tinkaton,23.214,Corviknight,15.017,Manaphy,15.001,Gholdengo,10.962,Rillaboom,10.235,Heatran,9.480,,
Shaymin,2023-11,Heatran,55.280,Samurott-Hisui,36.954,Landorus-Therian,34.703,Weezing-Galar,34.193,Alomomola,32.503,Cyclizar,32.353,Gholdengo,24.830,Dragapult,24.126,Zapdos,23.811,Iron Valiant,23.736,Great Tusk,22.178,,
Poliwrath,2023-11,Pelipper,90.493,Zapdos,82.682,Rillaboom,79.852,Overqwil,79.051,Iron Treads,77.908,Gholdengo,6.377,Floatzel,5.704,Kingambit,5.182,Corviknight,3.411,Toedscruel,2.917,Clodsire,2.726,,
Farigiraf,2023-11,Hatterene,75.316,Ursaluna,34.211,Grimmsnarl,24.313,Mew,21.280,Kingambit,20.644,Maushold,20.025,Indeedee,19.541,Mimikyu,19.004,Polteageist,18.987,Armarouge,18.928,Torkoal,18.239,,
Tatsugiri,2023-11,Iron Valiant,47.623,Cinderace,45.199,Kingambit,43.466,Scizor,39.866,Gholdengo,36.211,Gliscor,27.850,Ting-Lu,27.085,Wyrdeer,23.728,Sinistcha,23.709,Hydreigon,21.291,Glimmora,19.511,,
Grafaiai,2023-11,Rillaboom,32.555,Dragapult,25.258,Samurott-Hisui,23.311,Great Tusk,22.636,Landorus-Therian,19.767,Kingambit,16.226,Grimmsnarl,16.188,Cinderace,15.498,Manaphy,11.965,Jolteon,10.745,Heatran,10.730,,
Vaporeon,2023-11,Cinderace,31.965,Enamorus,31.290,Corviknight,30.517,Moltres,26.487,Clefable,23.967,Clodsire,21.824,Garchomp,21.027,Hatterene,20.543,Muk-Alola,18.630,Kingambit,18.504,Mamoswine,17.779,,
Bronzong,2023-11,Kingambit,55.172,Iron Hands,52.695,Ursaluna,40.101,Cresselia,38.606,Enamorus-Therian,35.343,Great Tusk,21.873,Hatterene,18.181,Toxapex,12.312,Pelipper,12.051,Dragapult,12.018,Clefable,10.723,,
Electrode-Hisui,2023-11,Ogerpon-Wellspring,54.487,Pelipper,52.569,Amoonguss,52.342,Basculegion,52.219,Magnezone,52.168,Landorus-Therian,15.660,Goodra-Hisui,14.751,Grimmsnarl,11.919,Slowbro-Galar,11.605,Basculegion-F,11.580,Klefki,6.531,,
Oricorio,2023-11,Enamorus,98.578,Dragonite,98.220,Landorus-Therian,91.220,Corviknight,47.202,Hawlucha,45.609,Thundurus-Therian,34.532,Gyarados,24.207,Salamence,14.809,Thundurus,9.735,Gliscor,7.906,Braviary-Hisui,5.065,,
Tauros-Paldea-Aqua,2023-11,Mandibuzz,70.731,Slowking-Galar,70.041,Jirachi,69.716,Garchomp,69.598,Ogerpon,68.109,Rillaboom,10.564,Heatran,10.403,Gengar,10.125,Enamorus-Therian,10.125,Cyclizar,10.124,Pelipper,6.250,,
Cetitan,2023-11,Ninetales-Alola,68.006,Great Tusk,35.705,Slowking-Galar,33.858,Kingambit,26.423,Ogerpon-Wellspring,25.742,Landorus-Therian,20.601,Gholdengo,19.012,Corviknight,15.491,Samurott-Hisui,11.589,Zoroark-Hisui,11.014,Hatterene,10.926,,
Avalugg,2023-11,Greninja,44.725,Slowking-Galar,38.114,Kingambit,21.684,Sinistcha,19.973,Moltres,19.268,Mamoswine,16.420,Pelipper,15.411,Toxicroak,15.410,Thundurus-Therian,15.409,Barraskewda,15.407,Sneasler,15.196,,
Decidueye-Hisui,2023-11,Dragapult,34.965,Great Tusk,34.739,Heatran,30.900,Kingambit,26.685,Slowking-Galar,22.796,Iron Valiant,20.155,Samurott-Hisui,19.725,Cinderace,18.540,Zapdos,16.361,Gholdengo,12.565,Ogerpon-Wellspring,12.067,,
Umbreon,2023-11,Dragonite,38.839,Toxapex,26.042,Scizor,24.518,Mismagius,19.981,Sandy Shocks,19.803,Garchomp,17.220,Gholdengo,17.094,Corviknight,16.782,Dragapult,14.754,Iron Moth,12.866,Glimmora,12.140,,
Quagsire,2023-11,Blissey,26.098,Clefable,24.390,Dondozo,21.639,Gholdengo,18.985,Gliscor,17.335,Toxapex,15.886,Corviknight,14.194,Clodsire,13.321,Moltres,12.759,Zamazenta,12.153,Iron Valiant,10.814,,
Arcanine,2023-11,Clefable,61.905,Amoonguss,60.616,Gliscor,60.378,Garganacl,59.099,Tornadus-Therian,58.873,Gengar,10.591,Salamence,10.448,Great Tusk,10.351,Garchomp,9.309,Scizor,7.191,Chesnaught,6.773,,
Diancie,2023-11,Hatterene,39.824,Rillaboom,31.142,Mandibuzz,27.664,Hippowdon,26.385,Ursaluna,24.927,Cresselia,23.904,Gengar,20.702,Empoleon,20.657,Kingambit,19.690,Crabominable,15.788,Dragonite,15.353,,
Lycanroc-Dusk,2023-11,Great Tusk,35.340,Dragapult,24.060,Iron Valiant,22.301,Dragonite,21.272,Cinderace,19.882,Iron Moth,19.388,Enamorus,17.580,Landorus-Therian,17.548,Heatran,16.576,Sneasler,16.551,Rillaboom,16.416,,
Inteleon,2023-11,Great Tusk,48.995,Heatran,48.873,Corviknight,35.388,Clodsire,26.950,Landorus-Therian,24.044,Rillaboom,24.034,Kingambit,23.692,Zapdos,20.244,Gliscor,20.185,Pelipper,17.720,Iron Valiant,15.644,,
Eiscue,2023-11,Slowking-Galar,69.894,Hatterene,68.691,Ursaluna,68.591,Skeledirge,30.891,Regidrago,24.733,Enamorus-Therian,24.068,Hoopa-Unbound,20.924,Enamorus,17.522,Kommo-o,16.820,Manaphy,14.128,Ceruledge,11.625,,
Golem-Alola,2023-11,Hatterene,49.264,Cresselia,47.143,Ursaluna,44.789,Scream Tail,41.784,Hoopa-Unbound,40.165,Kingambit,21.904,Azelf,11.129,Garganacl,9.399,Cinderace,9.313,Enamorus,8.521,Iron Valiant,8.506,,
Snorlax,2023-11,Great Tusk,34.316,Ninetales-Alola,29.008,Greninja,23.360,Iron Moth,20.629,Kingambit,20.117,Ogerpon-Wellspring,17.959,Zapdos,17.244,Slowking-Galar,13.989,Cinderace,13.877,Gholdengo,12.019,Iron Valiant,11.944,,
Dragalge,2023-11,Corviknight,60.282,Great Tusk,57.654,Grimmsnarl,57.005,Rotom-Wash,56.739,Skeledirge,52.935,Ting-Lu,7.327,Zapdos,6.858,Dragapult,5.998,Rillaboom,5.954,Landorus-Therian,5.759,Clefable,5.636,,
Veluza,2023-11,Staraptor,50.136,Kingambit,47.101,Iron Valiant,39.871,Azelf,35.765,Meowscarada,31.432,Grimmsnarl,29.721,Mew,28.020,Iron Hands,16.269,Kommo-o,16.033,Mamoswine,15.979,Hatterene,15.592,,
Rotom-Heat,2023-11,Great Tusk,34.169,Kingambit,30.921,Iron Treads,26.217,Dragapult,23.050,Ribombee,20.842,Dragonite,20.573,Gholdengo,19.136,Ogerpon-Wellspring,18.041,Samurott-Hisui,17.878,Ogerpon,16.094,Slowking-Galar,15.580,,
Honchkrow,2023-11,Ribombee,91.508,Gholdengo,88.916,Great Tusk,85.262,Cinderace,82.851,Mew,82.772,Dragapult,7.368,Kleavor,7.171,Iron Treads,6.662,Flamigo,2.354,Typhlosion-Hisui,1.611,Ogerpon-Wellspring,1.424,,
Cramorant,2023-11,Cinderace,63.502,Jirachi,61.440,Great Tusk,46.438,Mandibuzz,44.661,Clefable,43.684,Rillaboom,18.890,Houndoom,15.034,Frosmoth,13.456,Zamazenta,10.043,Alomomola,9.879,Dragapult,9.080,,
Meloetta,2023-11,Alomomola,26.617,Zamazenta,24.208,Weezing-Galar,24.078,Slowking-Galar,23.407,Meowscarada,21.744,Dragapult,19.998,Muk-Alola,18.828,Kingambit,17.683,Walking Wake,17.069,Corviknight,16.368,Cinderace,15.651,,
Mienshao,2023-11,Great Tusk,35.750,Tornadus-Therian,35.226,Gholdengo,33.457,Rotom-Wash,26.671,Ogerpon,18.604,Cinderace,16.072,Alomomola,15.729,Zapdos,15.692,Slowking-Galar,14.890,Kingambit,14.453,Amoonguss,12.493,,
Leafeon,2023-11,Torkoal,39.877,Walking Wake,37.427,Blissey,33.974,Dondozo,32.672,Corviknight,30.577,Garchomp,30.485,Clodsire,30.289,Great Tusk,30.188,Hatterene,27.817,Mandibuzz,22.763,Sandy Shocks,21.993,,
Revavroom,2023-11,Sneasler,50.218,Hatterene,39.832,Dragapult,38.964,Rillaboom,34.351,Kingambit,34.145,Great Tusk,19.858,Ting-Lu,15.583,Samurott-Hisui,14.940,Glimmora,14.762,Gholdengo,13.913,Infernape,11.586,,
Florges,2023-11,Corviknight,61.874,Great Tusk,39.158,Grimmsnarl,35.485,Hatterene,35.340,Okidogi,35.303,Dondozo,24.738,Iron Moth,22.749,Slither Wing,21.891,Toedscruel,21.890,Landorus-Therian,13.196,Haxorus,11.388,,
Crabominable,2023-11,Slowking-Galar,56.380,Hatterene,42.286,Kingambit,41.236,Alomomola,38.406,Gliscor,30.574,Zapdos,26.303,Ursaluna,25.536,Crawdaunt,25.005,Dragonite,23.323,Diancie,22.581,Slowking,20.397,,
Scyther,2023-11,Great Tusk,56.417,Hatterene,50.473,Kingambit,49.974,Chansey,46.657,Dondozo,46.649,Toxapex,7.876,Clefable,7.831,Alomomola,7.511,Grimmsnarl,7.256,Arcanine-Hisui,7.197,Landorus-Therian,6.770,,
Dipplin,2023-11,Dondozo,70.407,Blissey,61.993,Clodsire,55.228,Talonflame,50.447,Cyclizar,50.368,Clefable,12.897,Alomomola,12.272,Ting-Lu,10.676,Dragapult,10.348,Hatterene,10.081,Great Tusk,9.678,,
Flamigo,2023-11,Corviknight,34.734,Ting-Lu,32.528,Meowscarada,31.313,Dragonite,30.862,Slowking-Galar,27.402,Dragapult,24.189,Scizor,20.412,Skeledirge,19.826,Slowking,19.810,Rotom-Wash,18.467,Alomomola,14.708,,
Raichu-Alola,2023-11,Iron Valiant,94.164,Pincurchin,86.814,Iron Leaves,77.698,Iron Jugulis,68.886,Landorus-Therian,66.214,Iron Treads,25.943,Iron Moth,23.123,Thundurus,7.495,Cinderace,7.432,Iron Hands,4.564,Hawlucha,2.662,,
Perrserker,2023-11,Crawdaunt,64.535,Slowking-Galar,59.821,Zapdos,53.619,Great Tusk,53.160,Mandibuzz,32.519,Hatterene,25.256,Dragapult,24.700,Torkoal,19.428,Cresselia,14.728,Ursaluna,9.325,Hoopa-Unbound,9.241,,
Tsareena,2023-11,Clefable,29.530,Dragapult,28.131,Greninja,18.716,Great Tusk,18.317,Gholdengo,17.648,Moltres,15.168,Walking Wake,14.441,Gliscor,13.747,Ceruledge,13.393,Slowking-Galar,13.325,Manaphy,13.229,,
Leavanny,2023-11,Gholdengo,94.032,Torkoal,89.962,Walking Wake,89.368,Great Tusk,87.273,Hatterene,86.293,Landorus-Therian,5.650,Glimmora,5.256,Empoleon,5.001,Misdreavus,4.503,Gliscor,1.991,Appletun,1.481,,
Masquerain,2023-11,Gholdengo,54.962,Kingambit,35.570,Dragapult,35.400,Breloom,35.064,Azumarill,26.956,Rillaboom,14.725,Ceruledge,12.915,Dragonite,12.139,Iron Valiant,11.796,Enamorus,10.958,Quaquaval,10.219,,
Morpeko,2023-11,Great Tusk,59.107,Ninetales-Alola,53.946,Enamorus-Therian,47.367,Slowbro-Galar,47.367,Moltres-Galar,33.642,Kingambit,25.490,Glimmora,21.325,Gholdengo,20.298,Gliscor,17.728,Regidrago,15.236,Scream Tail,12.923,,
Goodra,2023-11,Kingambit,40.981,Gliscor,38.239,Ogerpon,37.672,Skeledirge,37.463,Alomomola,37.264,Zapdos,24.333,Pelipper,22.835,Barraskewda,10.647,Iron Treads,10.441,Kilowattrel,9.941,Beartic,9.447,,
Sableye,2023-11,Heatran,39.070,Clodsire,35.117,Great Tusk,31.622,Cloyster,29.199,Staraptor,28.649,Gholdengo,26.897,Kingambit,17.896,Iron Valiant,16.667,Cinderace,16.217,Dragapult,15.287,Gliscor,13.642,,
Golem,2023-11,Iron Valiant,89.005,Hatterene,85.687,Gholdengo,85.253,Greninja,83.330,Ogerpon-Cornerstone,83.300,Ceruledge,3.767,Wo-Chien,3.615,Cresselia,3.615,Qwilfish-Hisui,3.615,Dragapult,2.749,Sneasler,2.292,,
Cacturne,2023-11,Gholdengo,37.272,Iron Valiant,31.740,Cinderace,28.690,Landorus-Therian,28.690,Dragapult,28.570,Klefki,21.271,Ogerpon-Wellspring,20.162,Samurott-Hisui,17.468,Goodra-Hisui,16.719,Kingambit,16.663,Great Tusk,16.225,,
Arboliva,2023-11,Kingambit,31.094,Great Tusk,25.687,Hatterene,24.078,Ursaluna,21.383,Hawlucha,21.198,Ceruledge,16.350,Skeledirge,14.176,Corviknight,13.837,Cresselia,13.633,Clodsire,13.568,Cinderace,13.135,,
Heracross,2023-11,Kingambit,67.355,Ceruledge,50.684,Dragapult,48.039,Talonflame,41.699,Regidrago,41.461,Corviknight,28.685,Cinderace,27.218,Scream Tail,25.361,Flapple,15.015,Clefable,5.911,Clodsire,5.770,,
Tornadus,2023-11,Brambleghast,53.318,Hoopa-Unbound,50.890,Corviknight,44.947,Great Tusk,43.375,Azumarill,36.473,Shiftry,31.266,Iron Moth,24.197,Rillaboom,20.293,Ursaluna,14.674,Volbeat,13.493,Kingambit,13.243,,
Articuno,2023-11,Maushold,42.370,Weezing-Galar,42.363,Garchomp,35.880,Zamazenta,34.576,Zarude,31.883,Dragonite,22.345,Kingambit,21.879,Great Tusk,16.729,Moltres,12.906,Rillaboom,11.478,Enamorus,11.353,,
Wyrdeer,2023-11,Sinistcha,75.038,Gliscor,74.073,Cinderace,72.514,Kingambit,70.335,Tatsugiri,63.149,Corviknight,14.710,Dragapult,12.980,Ogerpon-Wellspring,12.483,Rillaboom,6.964,Alomomola,6.537,Great Tusk,5.729,,
Klawf,2023-11,Moltres,91.362,Great Tusk,87.528,Kingambit,87.465,Dragapult,87.203,Azumarill,87.054,Corviknight,6.506,Forretress,4.887,Toxapex,4.828,Ogerpon-Cornerstone,4.402,Sinistcha,4.308,Cyclizar,4.040,,
Lycanroc,2023-11,Tyranitar,75.959,Alomomola,68.877,Great Tusk,68.454,Amoonguss,65.361,Moltres,63.844,Rillaboom,7.774,Zapdos,6.063,Kingambit,5.869,Ceruledge,5.653,Greninja,5.492,Quaquaval,5.364,,
Mabosstiff,2023-11,Gardevoir,37.685,Tyranitar,23.740,Dondozo,22.164,Garchomp,21.558,Gholdengo,21.390,Cinderace,19.929,Clawitzer,19.867,Chesnaught,19.853,Sneasler,19.037,Goodra-Hisui,19.037,Toedscruel,17.670,,
Uxie,2023-11,Hatterene,35.605,Ursaluna,35.510,Gallade,18.777,Klefki,16.912,Electrode-Hisui,16.249,Mabosstiff,15.490,Tauros,15.490,Cresselia,15.193,Iron Hands,14.362,Garchomp,13.758,Mimikyu,12.091,,
Noivern,2023-11,Kingambit,34.962,Gholdengo,26.613,Sneasler,21.068,Iron Valiant,17.953,Ceruledge,14.740,Arcanine-Hisui,14.302,Rillaboom,14.133,Dondozo,13.860,Greninja,13.748,Dragapult,13.709,Alomomola,13.415,,
Krookodile,2023-11,Greninja,33.384,Zamazenta,26.215,Ninetales-Alola,25.692,Snorlax,23.025,Maushold,22.137,Corviknight,16.013,Gholdengo,15.115,Kingambit,14.391,Skeledirge,11.640,Cinderace,11.541,Alomomola,10.869,,
Eelektross,2023-11,Dragapult,58.901,Iron Valiant,57.940,Kingambit,57.385,Zapdos,56.270,Great Tusk,56.251,Scizor,10.817,Chandelure,10.696,Samurott-Hisui,9.693,Fraxure,9.311,Golem-Alola,9.308,Toxapex,8.119,,
Zangoose,2023-11,Cinderace,79.777,Gholdengo,70.578,Ribombee,69.058,Iron Valiant,68.589,Ogerpon-Wellspring,67.902,Polteageist,13.327,Mew,13.000,Toedscruel,12.989,Quaquaval,12.984,Ceruledge,4.648,Zamazenta,4.533,,
Delphox,2023-11,Great Tusk,79.601,Gholdengo,67.358,Garchomp,60.421,Rillaboom,59.659,Ribombee,58.978,Kingambit,17.533,Walking Wake,13.544,Torkoal,12.622,Ogerpon-Cornerstone,12.614,Samurott-Hisui,9.450,Iron Valiant,4.720,,
Avalugg-Hisui,2023-11,Slowking-Galar,46.859,Garchomp,24.509,Hatterene,19.560,Iron Valiant,19.417,Samurott-Hisui,18.614,Ogerpon-Wellspring,18.459,Tornadus-Therian,18.396,Ursaluna,15.492,Cinderace,14.565,Ditto,13.113,Ceruledge,11.855,,
Spidops,2023-11,Gholdengo,62.602,Skeledirge,31.926,Garchomp,31.496,Breloom,29.839,Iron Treads,24.434,Zoroark-Hisui,22.892,Corviknight,21.895,Ceruledge,20.664,Tornadus-Therian,20.226,Grimmsnarl,19.812,Ogerpon-Wellspring,19.320,,
Bruxish,2023-11,Ribombee,74.251,Iron Valiant,71.433,Ceruledge,67.233,Zapdos-Galar,59.779,Hydreigon,56.429,Great Tusk,21.935,Gholdengo,20.236,Glimmora,13.117,Dragonite,11.732,Iron Moth,11.434,Samurott-Hisui,11.201,,
Drednaw,2023-11,Pelipper,86.535,Tyranitar,76.366,Great Tusk,75.423,Amoonguss,75.305,Clefable,74.427,Kingambit,5.857,Floatzel,4.211,Zapdos,4.159,Cloyster,4.058,Hatterene,3.702,Dragapult,3.566,,
Bisharp,2023-11,Walking Wake,22.992,Iron Valiant,22.800,Clodsire,21.586,Landorus-Therian,20.000,Espeon,19.397,Torkoal,19.366,Kingambit,18.364,Gholdengo,13.459,Corviknight,12.570,Ribombee,10.035,Zapdos-Galar,9.972,,
Beartic,2023-11,Slowking-Galar,49.922,Zapdos,34.072,Sandslash-Alola,30.898,Hatterene,29.786,Great Tusk,25.795,Ninetales-Alola,19.860,Pelipper,17.964,Corviknight,17.415,Kilowattrel,15.352,Barraskewda,14.974,Goodra,14.970,,
Mismagius,2023-11,Dragonite,67.783,Sandy Shocks,67.486,Scizor,66.950,Toxapex,64.897,Umbreon,64.498,Clefable,8.970,Gliscor,7.571,Dondozo,6.008,Zamazenta,6.007,Garganacl,5.608,Forretress,5.598,,
Abomasnow,2023-11,Kingambit,32.677,Frosmoth,24.527,Armarouge,23.545,Iron Valiant,22.897,Cinderace,22.840,Ursaluna,21.836,Slowking-Galar,21.424,Hatterene,21.358,Eiscue,21.205,Hoopa-Unbound,21.125,Great Tusk,11.692,,
Orthworm,2023-11,Kingambit,30.136,Ogerpon-Wellspring,27.187,Greninja,27.133,Dragonite,23.531,Great Tusk,21.835,Pelipper,21.579,Iron Moth,18.832,Ting-Lu,18.559,Rillaboom,16.751,Heatran,16.332,Glimmora,11.605,,
Trevenant,2023-11,Iron Moth,36.002,Torkoal,32.991,Hatterene,31.202,Indeedee,25.416,Houndoom,25.416,Cinderace,22.443,Kingambit,14.933,Okidogi,14.751,Ogerpon-Wellspring,13.851,Ursaluna,13.298,Slowking-Galar,13.118,,
Appletun,2023-11,Skeledirge,65.950,Garganacl,65.353,Mandibuzz,62.073,Alomomola,61.858,Slowking-Galar,58.531,Quaquaval,10.999,Iron Moth,10.143,Ursaluna,9.859,Thwackey,9.537,Zapdos-Galar,9.537,Cetitan,9.117,,
Sandaconda,2023-11,Cinderace,67.645,Corviknight,65.022,Zapdos,64.636,Manaphy,64.630,Blissey,53.125,Gholdengo,16.206,Iron Moth,15.827,Kingambit,13.898,Jirachi,13.561,Mew,13.552,Hatterene,11.688,,
Oricorio-Pom-Pom,2023-11,Gholdengo,46.898,Grimmsnarl,42.579,Ting-Lu,42.149,Kingambit,41.605,Ogerpon-Wellspring,37.554,Clefable,34.503,Ninetales-Alola,34.060,Kommo-o,33.117,Iron Treads,29.122,Great Tusk,15.814,Dragonite,10.453,,
Houndoom,2023-11,Cinderace,41.676,Jirachi,40.955,Cramorant,40.954,Frosmoth,38.207,Rillaboom,38.097,Hatterene,30.055,Torkoal,29.139,Iron Moth,28.372,Trevenant,28.372,Indeedee,28.372,Houndstone,15.219,,
Froslass,2023-11,Gholdengo,59.318,Greninja,50.444,Great Tusk,46.805,Heatran,46.188,Dragonite,39.746,Walking Wake,18.107,Clodsire,18.069,Corviknight,17.470,Iron Thorns,17.469,Garchomp,17.420,Dragapult,12.095,,
Hariyama,2023-11,Dragonite,65.950,Iron Moth,64.293,Kingambit,64.285,Ninetales-Alola,64.275,Ogerpon-Cornerstone,64.273,Zapdos,11.324,Maushold,10.429,Alomomola,10.429,Grimmsnarl,10.429,Slowbro-Galar,10.429,Great Tusk,5.439,,
Indeedee-F,2023-11,Polteageist,60.988,Hatterene,56.026,Sneasler,41.683,Maushold,31.512,Armarouge,29.159,Iron Valiant,25.884,Kommo-o,17.062,Ogerpon-Wellspring,16.317,Greninja,14.282,Zamazenta,13.384,Gengar,13.237,,
Primeape,2023-11,Kingambit,74.888,Ting-Lu,69.438,Cinderace,68.905,Salamence,68.566,Gardevoir,68.537,Dragonite,8.930,Dragapult,5.825,Kleavor,4.699,Corviknight,4.682,Arcanine-Hisui,4.681,Shiftry,4.652,,
Cryogonal,2023-11,Kingambit,45.079,Kommo-o,41.430,Toxapex,29.487,Dragapult,29.087,Slowking-Galar,25.138,Great Tusk,23.390,Iron Moth,22.240,Enamorus,20.814,Gliscor,19.727,Gholdengo,18.153,Ogerpon-Wellspring,16.066,,
Slaking,2023-11,Hoopa-Unbound,31.926,Landorus-Therian,31.144,Gholdengo,20.943,Dragonite,20.336,Ogerpon-Wellspring,19.009,Kingambit,18.283,Ribombee,18.129,Maushold,16.419,Iron Moth,15.260,Zoroark-Hisui,11.284,Great Tusk,11.260,,
Decidueye,2023-11,Landorus-Therian,47.340,Kingambit,46.808,Haxorus,46.612,Volcanion,46.578,Clefable,42.472,Uxie,11.691,Salazzle,9.761,Scyther,9.720,Gholdengo,8.040,Cramorant,7.521,Maushold,7.511,,
Mudsdale,2023-11,Gholdengo,56.867,Greninja,34.298,Infernape,34.254,Kleavor,34.243,Sylveon,33.915,Meowscarada,23.937,Toxapex,23.931,Rotom-Wash,22.931,Scizor,22.261,Dragapult,10.489,Rillaboom,10.340,,
Medicham,2023-11,Gholdengo,71.439,Dragonite,47.469,Zapdos,44.100,Cinderace,39.369,Ting-Lu,38.983,Great Tusk,33.432,Ribombee,33.042,Iron Valiant,14.959,Enamorus,14.512,Iron Moth,8.966,Vivillon,8.430,,
Typhlosion,2023-11,Torkoal,52.657,Great Tusk,48.906,Walking Wake,48.465,Hatterene,29.933,Dragapult,24.345,Corviknight,12.948,Espeon,11.810,Quagsire,11.675,Heracross,11.598,Blissey,11.470,Ampharos,11.372,,
Hoopa,2023-11,Hatterene,61.724,Ursaluna,61.098,Maushold,58.546,Torkoal,56.556,Indeedee,56.555,Garchomp,21.203,Scizor,21.153,Lokix,21.046,Heatran,21.046,Oricorio-Sensu,21.046,Bronzong,4.524,,
Dusknoir,2023-11,Slowking-Galar,33.094,Great Tusk,28.207,Kingambit,25.416,Blissey,24.822,Samurott-Hisui,23.792,Toxapex,22.697,Mandibuzz,20.989,Ting-Lu,19.122,Azumarill,15.705,Zapdos,12.508,Ogerpon,12.270,,